sample_id,family_id,hard_constraints,style_freedom,composition_hints,medium_options,aspect_hints,candidate_strategies,caption
track1_0665,kremlin_red_square,caption_content | landmark_reference | requested_text_policy | relation_logic,aspect_variation_allowed | style_variation_allowed | crop_variation_allowed,red brick tower | searchlight | night scene,propaganda_poster_print,"[{""confidence"": 1.0, ""guard_notes"": [], ""guard_status"": ""rule"", ""height"": 1024, ""label"": ""portrait_poster"", ""prompt_directive"": ""Use a portrait poster canvas; keep the full printed poster front-facing and avoid left/right overflow."", ""reason"": """", ""source"": ""rule"", ""width"": 768}]",aas_safe | reference_style | fid_diverse,"A Socialist Realism Soviet victory poster with bold Russian typography, a large medal suspended from a black-and-orange ribbon above Kremlin towers, crowds, fireworks, and radiant blue searchlights in a solemn celebratory composition."
track1_0803,kremlin_red_square,caption_content | landmark_reference | requested_text_policy | relation_logic,aspect_variation_allowed | style_variation_allowed | crop_variation_allowed,red brick tower | searchlight | night scene,propaganda_poster_print,"[{""confidence"": 1.0, ""guard_notes"": [], ""guard_status"": ""rule"", ""height"": 1024, ""label"": ""portrait_poster"", ""prompt_directive"": ""Use a portrait poster canvas; keep the full printed poster front-facing and avoid left/right overflow."", ""reason"": """", ""source"": ""rule"", ""width"": 768}]",aas_safe | reference_style | fid_diverse,"A Socialist Realism propaganda poster with the Soviet, American, and British flags flying above a Kremlin tower crowned by a red star, framed by dramatic blue searchlight beams, bold Russian text, and a solemn wartime color palette."
track1_0077,naval_aviation_vehicle,caption_content | requested_text_policy | relation_logic,free_crop_allowed | aspect_variation_allowed | style_variation_allowed,uniformed sailor or pilot | ship or vehicle silhouette | transport machinery,propaganda_poster_print,"[{""confidence"": 1.0, ""guard_notes"": [], ""guard_status"": ""rule"", ""height"": 1024, ""label"": ""portrait_poster"", ""prompt_directive"": ""Use a portrait poster canvas; keep the full printed poster front-facing and avoid left/right overflow."", ""reason"": """", ""source"": ""rule"", ""width"": 768}]",aas_safe | reference_style | fid_diverse,"A Socialist Realism Soviet naval propaganda poster with a sailor hoisting red and white flags before panels of warships and sea battles, using bold Cyrillic typography, patriotic red accents, and a solemn heroic composition."
track1_0370,generic_artwork,caption_content | requested_text_policy | relation_logic,free_crop_allowed | aspect_variation_allowed | style_variation_allowed,caption-led subject | medium-appropriate composition | avoid batch template,propaganda_poster_print,"[{""confidence"": 1.0, ""guard_notes"": [], ""guard_status"": ""rule"", ""height"": 1024, ""label"": ""portrait_poster"", ""prompt_directive"": ""Use a portrait poster canvas; keep the full printed poster front-facing and avoid left/right overflow."", ""reason"": """", ""source"": ""rule"", ""width"": 768}]",aas_safe | reference_style | fid_diverse,"A Socialist Realism Soviet propaganda poster with a group of young people holding bouquets around a decorated soldier, backed by sweeping red flags, Cyrillic slogans, and a bright celebratory color palette."
track1_0747,battle_tank_cavalry,caption_content | requested_text_policy | relation_logic,free_crop_allowed | aspect_variation_allowed | style_variation_allowed,battlefield depth | armored vehicle | mounted movement | infantry group,propaganda_poster_print | painting_or_brushwork_surface,"[{""confidence"": 1.0, ""guard_notes"": [], ""guard_status"": ""rule"", ""height"": 1024, ""label"": ""portrait_poster"", ""prompt_directive"": ""Use a portrait poster canvas; keep the full printed poster front-facing and avoid left/right overflow."", ""reason"": """", ""source"": ""rule"", ""width"": 768}]",aas_safe | reference_style | fid_diverse,"A Socialist Realism Soviet wartime propaganda poster with bold Cyrillic lettering, mounted soldiers, fleeing civilians, burning village ruins, aircraft overhead, and dramatic brushwork in a muted blue, red, and ochre palette."
track1_0476,naval_aviation_vehicle,caption_content | requested_text_policy | relation_logic,free_crop_allowed | aspect_variation_allowed | style_variation_allowed,uniformed sailor or pilot | ship or vehicle silhouette | transport machinery,propaganda_poster_print | painting_or_brushwork_surface,"[{""confidence"": 1.0, ""guard_notes"": [], ""guard_status"": ""rule"", ""height"": 1024, ""label"": ""portrait_poster"", ""prompt_directive"": ""Use a portrait poster canvas; keep the full printed poster front-facing and avoid left/right overflow."", ""reason"": """", ""source"": ""rule"", ""width"": 768}]",aas_safe | reference_style | fid_diverse,"A Socialist Realism propaganda poster with bold Cyrillic lettering, a naval medal, sailing ships, cannon, and uniformed sailors in a dramatic maritime battle scene rendered with graphic linework and muted watercolor tones."
track1_0898,battle_tank_cavalry,caption_content | requested_text_policy | relation_logic,free_crop_allowed | aspect_variation_allowed | style_variation_allowed,battlefield depth | armored vehicle | mounted movement | infantry group,propaganda_poster_print,"[{""confidence"": 1.0, ""guard_notes"": [], ""guard_status"": ""rule"", ""height"": 1024, ""label"": ""portrait_poster"", ""prompt_directive"": ""Use a portrait poster canvas; keep the full printed poster front-facing and avoid left/right overflow."", ""reason"": """", ""source"": ""rule"", ""width"": 768}]",aas_safe | reference_style | fid_diverse,"Socialist Realism poster art of Soviet soldiers charging through a snowy battlefield with a raised rifle, a red flag, bold Cyrillic slogans, dramatic action, and a muted red-blue color palette."
track1_0708,battle_tank_cavalry,caption_content | requested_text_policy | relation_logic,free_crop_allowed | aspect_variation_allowed | style_variation_allowed,battlefield depth | armored vehicle | mounted movement | infantry group,propaganda_poster_print,"[{""confidence"": 1.0, ""guard_notes"": [], ""guard_status"": ""rule"", ""height"": 1024, ""label"": ""portrait_poster"", ""prompt_directive"": ""Use a portrait poster canvas; keep the full printed poster front-facing and avoid left/right overflow."", ""reason"": """", ""source"": ""rule"", ""width"": 768}]",aas_safe | reference_style | fid_diverse,"A Socialist Realism wartime poster of Soviet soldiers advancing through a rugged battlefield, with a front soldier holding a submachine gun and another raising a red banner, rendered in heroic composition, muted earth tones, and bold Cyrillic typography."
track1_0353,kremlin_red_square,caption_content | landmark_reference | requested_text_policy,aspect_variation_allowed | style_variation_allowed | crop_variation_allowed,red brick tower | searchlight | night scene,propaganda_poster_print,"[{""confidence"": 1.0, ""guard_notes"": [], ""guard_status"": ""rule"", ""height"": 1024, ""label"": ""portrait_poster"", ""prompt_directive"": ""Use a portrait poster canvas; keep the full printed poster front-facing and avoid left/right overflow."", ""reason"": """", ""source"": ""rule"", ""width"": 768}]",aas_safe | reference_style | fid_diverse,"A Socialist Realism Soviet poster-style scene with a jubilant crowd of soldiers and civilians watching fireworks over the Kremlin and Red Square beneath bold Cyrillic lettering, rendered in a vintage muted palette with dramatic light and shadow."
track1_0593,battle_tank_cavalry,caption_content | requested_text_policy | relation_logic,free_crop_allowed | aspect_variation_allowed | style_variation_allowed,battlefield depth | armored vehicle | mounted movement | infantry group,propaganda_poster_print | painting_or_brushwork_surface,"[{""confidence"": 1.0, ""guard_notes"": [], ""guard_status"": ""rule"", ""height"": 1024, ""label"": ""portrait_poster"", ""prompt_directive"": ""Use a portrait poster canvas; keep the full printed poster front-facing and avoid left/right overflow."", ""reason"": """", ""source"": ""rule"", ""width"": 768}]",aas_safe | reference_style | fid_diverse,"A Socialist Realism Soviet propaganda poster with bold Cyrillic text, a monumental sword-wielding historical figure above soldiers raising red flags amid a liberated battlefield town, rendered in dramatic colors and strong graphic brushwork."
track1_0680,battle_tank_cavalry,caption_content | requested_text_policy | relation_logic,free_crop_allowed | aspect_variation_allowed | style_variation_allowed,battlefield depth | armored vehicle | mounted movement | infantry group,propaganda_poster_print,"[{""confidence"": 1.0, ""guard_notes"": [], ""guard_status"": ""rule"", ""height"": 1024, ""label"": ""portrait_poster"", ""prompt_directive"": ""Use a portrait poster canvas; keep the full printed poster front-facing and avoid left/right overflow."", ""reason"": """", ""source"": ""rule"", ""width"": 768}]",aas_safe | reference_style | fid_diverse,"A Socialist Realism propaganda poster with bold Russian typography portrays armed Allied soldiers advancing beneath a waving red flag and a monumental liberty figure, using strong graphic lines and a muted wartime color palette."
track1_0769,battle_tank_cavalry,caption_content | requested_text_policy | relation_logic,free_crop_allowed | aspect_variation_allowed | style_variation_allowed,battlefield depth | armored vehicle | mounted movement | infantry group,propaganda_poster_print | painting_or_brushwork_surface,"[{""confidence"": 1.0, ""guard_notes"": [], ""guard_status"": ""rule"", ""height"": 1024, ""label"": ""portrait_poster"", ""prompt_directive"": ""Use a portrait poster canvas; keep the full printed poster front-facing and avoid left/right overflow."", ""reason"": """", ""source"": ""rule"", ""width"": 768}]",aas_safe | reference_style | fid_diverse,"A Socialist Realism propaganda poster with heroic Soviet soldiers raising weapons before red battle flags, bold Cyrillic lettering, a coastal city below, and dramatic warm-toned light with strong graphic brushwork."
track1_0091,naval_aviation_vehicle,caption_content | requested_text_policy | relation_logic,free_crop_allowed | aspect_variation_allowed | style_variation_allowed,uniformed sailor or pilot | ship or vehicle silhouette | transport machinery,propaganda_poster_print,"[{""confidence"": 1.0, ""guard_notes"": [], ""guard_status"": ""rule"", ""height"": 1024, ""label"": ""portrait_poster"", ""prompt_directive"": ""Use a portrait poster canvas; keep the full printed poster front-facing and avoid left/right overflow."", ""reason"": """", ""source"": ""rule"", ""width"": 768}]",aas_safe | reference_style | fid_diverse,"A Socialist Realism poster of a uniformed border guard saluting joyful passengers leaning from a train window beside a red and green frontier post, with bold Cyrillic lettering, muted washes, and a solemn patriotic mood."
track1_0128,battle_tank_cavalry,caption_content | requested_text_policy | relation_logic,free_crop_allowed | aspect_variation_allowed | style_variation_allowed,battlefield depth | armored vehicle | mounted movement | infantry group,propaganda_poster_print,"[{""confidence"": 1.0, ""guard_notes"": [], ""guard_status"": ""rule"", ""height"": 1024, ""label"": ""portrait_poster"", ""prompt_directive"": ""Use a portrait poster canvas; keep the full printed poster front-facing and avoid left/right overflow."", ""reason"": """", ""source"": ""rule"", ""width"": 768}]",aas_safe | reference_style | fid_diverse,"Socialist Realism poster of Soviet soldiers marching beside a tank with red banners, celebratory flowers, and bold Cyrillic slogans in a patriotic, triumphant composition."
track1_0816,battle_tank_cavalry,caption_content | requested_text_policy | relation_logic,free_crop_allowed | aspect_variation_allowed | style_variation_allowed,battlefield depth | armored vehicle | mounted movement | infantry group,propaganda_poster_print,"[{""confidence"": 1.0, ""guard_notes"": [], ""guard_status"": ""rule"", ""height"": 1024, ""label"": ""portrait_poster"", ""prompt_directive"": ""Use a portrait poster canvas; keep the full printed poster front-facing and avoid left/right overflow."", ""reason"": """", ""source"": ""rule"", ""width"": 768}]",aas_safe | reference_style | fid_diverse,"A Socialist Realism propaganda poster with bold Cyrillic lettering, heroic cavalry, soldiers, and civilians marching through a rural wartime landscape in vivid brushstrokes and dramatic warm light."
track1_0151,scroll_album_paper_support,caption_content | support_surface_required | requested_text_policy | relation_logic,preserve_support_aspect | medium_texture_variation_allowed | viewpoint_variation_allowed,battlefield depth | armored vehicle | mounted movement | infantry group,propaganda_poster_print | scroll_or_album_paper_support,"[{""confidence"": 1.0, ""guard_notes"": [], ""guard_status"": ""rule"", ""height"": 1024, ""label"": ""portrait_poster"", ""prompt_directive"": ""Use a portrait poster canvas; keep the full printed poster front-facing and avoid left/right overflow."", ""reason"": """", ""source"": ""rule"", ""width"": 768}]",aas_safe | reference_style | fid_diverse,"A Socialist Realism propaganda poster on aged folded paper, with bold Cyrillic lettering and dramatic Soviet soldiers charging with rifles and bayonets against historical Prussian figures, using muted greens, reds, and tan tones."
track1_0696,surrender_document_tableau,caption_content | requested_text_policy,free_crop_allowed | aspect_variation_allowed | style_variation_allowed,central document | officer figures | formal table arrangement,propaganda_poster_print | document_or_tableau_surface,"[{""confidence"": 1.0, ""guard_notes"": [], ""guard_status"": ""rule"", ""height"": 1024, ""label"": ""portrait_poster"", ""prompt_directive"": ""Use a portrait poster canvas; keep the full printed poster front-facing and avoid left/right overflow."", ""reason"": """", ""source"": ""rule"", ""width"": 768}]",aas_safe | reference_style | fid_diverse,"A Socialist Realism propaganda poster with bold Cyrillic lettering portrays Allied and Soviet military figures around a table as a defeated German officer signs an unconditional surrender, framed by national flags, strong outlines, muted wartime colors, and a solemn dramatic mood."
track1_0721,surrender_document_tableau,caption_content | requested_text_policy,free_crop_allowed | aspect_variation_allowed | style_variation_allowed,central document | officer figures | formal table arrangement,propaganda_poster_print | document_or_tableau_surface,"[{""confidence"": 1.0, ""guard_notes"": [], ""guard_status"": ""rule"", ""height"": 1024, ""label"": ""portrait_poster"", ""prompt_directive"": ""Use a portrait poster canvas; keep the full printed poster front-facing and avoid left/right overflow."", ""reason"": """", ""source"": ""rule"", ""width"": 768}]",aas_safe | reference_style | fid_diverse,"A Socialist Realism propaganda poster with bold Cyrillic typography, a central surrender declaration document, and four military portraits framed by Soviet, American, British, and French flags on a mint-green vintage paper background."
track1_0831,naval_aviation_vehicle,caption_content | requested_text_policy,free_crop_allowed | aspect_variation_allowed | style_variation_allowed,uniformed sailor or pilot | ship or vehicle silhouette | transport machinery,propaganda_poster_print,"[{""confidence"": 1.0, ""guard_notes"": [], ""guard_status"": ""rule"", ""height"": 1024, ""label"": ""portrait_poster"", ""prompt_directive"": ""Use a portrait poster canvas; keep the full printed poster front-facing and avoid left/right overflow."", ""reason"": """", ""source"": ""rule"", ""width"": 768}]",aas_safe | reference_style | fid_diverse,"A Socialist Realism propaganda poster of railway workers honoring a locomotive engineer beside a steaming train, with red flags, bouquets, bold Cyrillic slogans, warm muted colors, and a heroic celebratory atmosphere."
track1_0971,generic_artwork,caption_content | requested_text_policy,free_crop_allowed | aspect_variation_allowed | style_variation_allowed,caption-led subject | medium-appropriate composition | avoid batch template,propaganda_poster_print | painting_or_brushwork_surface,"[{""confidence"": 1.0, ""guard_notes"": [], ""guard_status"": ""rule"", ""height"": 1024, ""label"": ""portrait_poster"", ""prompt_directive"": ""Use a portrait poster canvas; keep the full printed poster front-facing and avoid left/right overflow."", ""reason"": """", ""source"": ""rule"", ""width"": 768}]",aas_safe | reference_style | fid_diverse,"A Socialist Realism propaganda poster of heroic partisans with rifles before rugged mountains and a red-star flag, framed by Cyrillic text, rendered in bold flat brushwork with a muted turquoise, orange, and beige palette."
track1_0491,generic_artwork,caption_content | requested_text_policy | relation_logic,free_crop_allowed | aspect_variation_allowed | style_variation_allowed,caption-led subject | medium-appropriate composition | avoid batch template,propaganda_poster_print,"[{""confidence"": 1.0, ""guard_notes"": [], ""guard_status"": ""rule"", ""height"": 1024, ""label"": ""portrait_poster"", ""prompt_directive"": ""Use a portrait poster canvas; keep the full printed poster front-facing and avoid left/right overflow."", ""reason"": """", ""source"": ""rule"", ""width"": 768}]",aas_safe | reference_style | fid_diverse,"A Socialist Realism Soviet agricultural poster with a farm woman holding a basket of vegetables before green fields, surrounded by abundant produce, bold Cyrillic lettering, bright flat colors, and strong poster-like composition."
track1_0802,generic_artwork,caption_content | relation_logic,free_crop_allowed | aspect_variation_allowed | style_variation_allowed,caption-led subject | medium-appropriate composition | avoid batch template,propaganda_poster_print,"[{""confidence"": 1.0, ""guard_notes"": [], ""guard_status"": ""rule"", ""height"": 1024, ""label"": ""portrait_poster"", ""prompt_directive"": ""Use a portrait poster canvas; keep the full printed poster front-facing and avoid left/right overflow."", ""reason"": """", ""source"": ""rule"", ""width"": 768}]",aas_safe | reference_style | fid_diverse,"A Socialist Realism Soviet poster of three decorated citizens holding tall red banners before a fiery red flag with a star emblem, rendered in bold flat colors and heroic propaganda composition."
track1_0534,generic_artwork,caption_content | requested_text_policy,free_crop_allowed | aspect_variation_allowed | style_variation_allowed,caption-led subject | medium-appropriate composition | avoid batch template,propaganda_poster_print,"[{""confidence"": 1.0, ""guard_notes"": [], ""guard_status"": ""rule"", ""height"": 1024, ""label"": ""portrait_poster"", ""prompt_directive"": ""Use a portrait poster canvas; keep the full printed poster front-facing and avoid left/right overflow."", ""reason"": """", ""source"": ""rule"", ""width"": 768}]",aas_safe | reference_style | fid_diverse,"A Socialist Realism propaganda poster with a Soviet soldier embracing a woman in traditional embroidered clothing beneath red banners, a Soviet emblem, and bold Cyrillic lettering, rendered in strong graphic colors and heroic composition."
track1_0649,battle_tank_cavalry,caption_content | requested_text_policy | relation_logic,free_crop_allowed | aspect_variation_allowed | style_variation_allowed,battlefield depth | armored vehicle | mounted movement | infantry group,propaganda_poster_print | painting_or_brushwork_surface,"[{""confidence"": 1.0, ""guard_notes"": [], ""guard_status"": ""rule"", ""height"": 1024, ""label"": ""portrait_poster"", ""prompt_directive"": ""Use a portrait poster canvas; keep the full printed poster front-facing and avoid left/right overflow."", ""reason"": """", ""source"": ""rule"", ""width"": 768}]",aas_safe | reference_style | fid_diverse,"A Socialist Realism propaganda poster with bold Cyrillic typography, Soviet soldiers greeting a coastal villager beside a river or bay, wooden houses and boats in the background, painted in warm yellows, reds, and muted greens with strong graphic brushwork."
track1_0776,scroll_album_paper_support,caption_content | support_surface_required | requested_text_policy | relation_logic,preserve_support_aspect | medium_texture_variation_allowed | viewpoint_variation_allowed,visible paper support | folds or ruled grid | album or scroll framing,scroll_or_album_paper_support | painting_or_brushwork_surface,"[{""confidence"": 1.0, ""guard_notes"": [], ""guard_status"": ""rule"", ""height"": 1024, ""label"": ""vertical_scroll"", ""prompt_directive"": ""Use a tall vertical scroll canvas with visible mounting/support; avoid cropping to only the inner painting."", ""reason"": """", ""source"": ""rule"", ""width"": 682}]",aas_safe | reference_style | fid_diverse,"A Gongbi hanging scroll with elegant calligraphy and red seals above a finely outlined bearded man in a long robe holding the reins of a pale horse, rendered with delicate linework and muted ink colors."
track1_0327,battle_tank_cavalry,caption_content | requested_text_policy | relation_logic,free_crop_allowed | aspect_variation_allowed | style_variation_allowed,battlefield depth | armored vehicle | mounted movement | infantry group,propaganda_poster_print,"[{""confidence"": 1.0, ""guard_notes"": [], ""guard_status"": ""rule"", ""height"": 1024, ""label"": ""portrait_poster"", ""prompt_directive"": ""Use a portrait poster canvas; keep the full printed poster front-facing and avoid left/right overflow."", ""reason"": """", ""source"": ""rule"", ""width"": 768}]",aas_safe | reference_style | fid_diverse,"Socialist Realism poster of soldiers and pack horses hauling a cannon through a snowy Carpathian mountain pass, with bold Cyrillic typography, muted blue-white winter tones, and a heroic, determined mood."
track1_0457,agriculture_industry_worker,caption_content | requested_text_policy | relation_logic,free_crop_allowed | aspect_variation_allowed | style_variation_allowed,field or factory setting | working hands and tools | productive labor,propaganda_poster_print,"[{""confidence"": 1.0, ""guard_notes"": [], ""guard_status"": ""rule"", ""height"": 1024, ""label"": ""portrait_poster"", ""prompt_directive"": ""Use a portrait poster canvas; keep the full printed poster front-facing and avoid left/right overflow."", ""reason"": """", ""source"": ""rule"", ""width"": 768}]",aas_safe | reference_style | fid_diverse,"A Socialist Realism Soviet poster with bold Cyrillic lettering, showing a heroic medieval smith and armored warrior forging a sword above a modern soldier and factory worker shaking hands beside a tank, rendered with strong outlines, muted colors, and patriotic dramatic composition."
track1_0958,generic_artwork,caption_content | requested_text_policy | relation_logic,free_crop_allowed | aspect_variation_allowed | style_variation_allowed,caption-led subject | medium-appropriate composition | avoid batch template,propaganda_poster_print | painting_or_brushwork_surface,"[{""confidence"": 1.0, ""guard_notes"": [], ""guard_status"": ""rule"", ""height"": 1024, ""label"": ""portrait_poster"", ""prompt_directive"": ""Use a portrait poster canvas; keep the full printed poster front-facing and avoid left/right overflow."", ""reason"": """", ""source"": ""rule"", ""width"": 768}]",aas_safe | reference_style | fid_diverse,"A Socialist Realism wartime poster of a nurse in a white uniform tending a wounded soldier beside a rifle, with bold Cyrillic typography, strong ink outlines, muted watercolor tones, and a solemn heroic mood."
track1_0686,commemorative_medal_institution,caption_content | requested_text_policy,free_crop_allowed | aspect_variation_allowed | style_variation_allowed,medal ribbon | institutional emblem | anniversary composition,propaganda_poster_print,"[{""confidence"": 1.0, ""guard_notes"": [], ""guard_status"": ""rule"", ""height"": 1024, ""label"": ""portrait_poster"", ""prompt_directive"": ""Use a portrait poster canvas; keep the full printed poster front-facing and avoid left/right overflow."", ""reason"": """", ""source"": ""rule"", ""width"": 768}]",aas_safe | reference_style | fid_diverse,"A Socialist Realism Soviet propaganda poster with Cyrillic text, Baltic republic emblems, a large red Roman numeral V, golden ribbons, oak leaves, and a pale map background on aged paper."
track1_0038,battle_tank_cavalry,caption_content | requested_text_policy | relation_logic,free_crop_allowed | aspect_variation_allowed | style_variation_allowed,battlefield depth | armored vehicle | mounted movement | infantry group,propaganda_poster_print,"[{""confidence"": 1.0, ""guard_notes"": [], ""guard_status"": ""rule"", ""height"": 1024, ""label"": ""portrait_poster"", ""prompt_directive"": ""Use a portrait poster canvas; keep the full printed poster front-facing and avoid left/right overflow."", ""reason"": """", ""source"": ""rule"", ""width"": 768}]",aas_safe | reference_style | fid_diverse,"Socialist Realism poster of Soviet soldiers raising red victory banners beneath communist emblems and the bold year 1944, with a liberated city skyline and a heroic, triumphant red-and-gold composition."
track1_0444,generic_artwork,caption_content | requested_text_policy | relation_logic,free_crop_allowed | aspect_variation_allowed | style_variation_allowed,caption-led subject | medium-appropriate composition | avoid batch template,propaganda_poster_print,"[{""confidence"": 1.0, ""guard_notes"": [], ""guard_status"": ""rule"", ""height"": 1024, ""label"": ""portrait_poster"", ""prompt_directive"": ""Use a portrait poster canvas; keep the full printed poster front-facing and avoid left/right overflow."", ""reason"": """", ""source"": ""rule"", ""width"": 768}]",aas_safe | reference_style | fid_diverse,"A Socialist Realism propaganda poster with bold Russian text, a heroic soldier holding a rifle beside a farmer sowing seeds in a plowed field, and a defeated Nazi figure under dramatic blue skies and strong graphic colors."
track1_0197,generic_artwork,caption_content | requested_text_policy | relation_logic,free_crop_allowed | aspect_variation_allowed | style_variation_allowed,caption-led subject | medium-appropriate composition | avoid batch template,propaganda_poster_print | painting_or_brushwork_surface,"[{""confidence"": 1.0, ""guard_notes"": [], ""guard_status"": ""rule"", ""height"": 1024, ""label"": ""portrait_poster"", ""prompt_directive"": ""Use a portrait poster canvas; keep the full printed poster front-facing and avoid left/right overflow."", ""reason"": """", ""source"": ""rule"", ""width"": 768}]",aas_safe | reference_style | fid_diverse,"A Socialist Realism Soviet poster of uniformed artillerymen standing among large shells beneath towering guns and bold Cyrillic slogans, rendered with graphic brushwork, muted red-blue-yellow tones, and a solemn patriotic mood."
track1_0435,generic_artwork,caption_content | requested_text_policy | relation_logic,free_crop_allowed | aspect_variation_allowed | style_variation_allowed,caption-led subject | medium-appropriate composition | avoid batch template,propaganda_poster_print,"[{""confidence"": 1.0, ""guard_notes"": [], ""guard_status"": ""rule"", ""height"": 1024, ""label"": ""portrait_poster"", ""prompt_directive"": ""Use a portrait poster canvas; keep the full printed poster front-facing and avoid left/right overflow."", ""reason"": """", ""source"": ""rule"", ""width"": 768}]",aas_safe | reference_style | fid_diverse,"A Socialist Realism propaganda poster of a Soviet soldier in a white winter coat standing triumphantly on rocky heights with a rifle, arm outstretched over a distant city under a dramatic orange smoky sky and bold Cyrillic lettering."
track1_0643,battle_tank_cavalry,caption_content | requested_text_policy | relation_logic,free_crop_allowed | aspect_variation_allowed | style_variation_allowed,battlefield depth | armored vehicle | mounted movement | infantry group,propaganda_poster_print | painting_or_brushwork_surface,"[{""confidence"": 1.0, ""guard_notes"": [], ""guard_status"": ""rule"", ""height"": 1024, ""label"": ""portrait_poster"", ""prompt_directive"": ""Use a portrait poster canvas; keep the full printed poster front-facing and avoid left/right overflow."", ""reason"": """", ""source"": ""rule"", ""width"": 768}]",aas_safe | reference_style | fid_diverse,"Socialist Realism poster art with bold Cyrillic typography and dynamic brushwork, showing mounted cavalrymen charging across a grassy landscape beneath a pale sky with aircraft overhead."
track1_0973,battle_tank_cavalry,caption_content | requested_text_policy | relation_logic,free_crop_allowed | aspect_variation_allowed | style_variation_allowed,battlefield depth | armored vehicle | mounted movement | infantry group,propaganda_poster_print,"[{""confidence"": 1.0, ""guard_notes"": [], ""guard_status"": ""rule"", ""height"": 1024, ""label"": ""portrait_poster"", ""prompt_directive"": ""Use a portrait poster canvas; keep the full printed poster front-facing and avoid left/right overflow."", ""reason"": """", ""source"": ""rule"", ""width"": 768}]",aas_safe | reference_style | fid_diverse,"A Socialist Realism wartime propaganda poster with Cyrillic slogans, Red Army soldiers crouched in a trench beside a large artillery gun and battlefield smoke, rendered in a muted palette with bold, urgent composition."
track1_0314,agriculture_industry_worker,caption_content | requested_text_policy,free_crop_allowed | aspect_variation_allowed | style_variation_allowed,field or factory setting | working hands and tools | productive labor,propaganda_poster_print,"[{""confidence"": 1.0, ""guard_notes"": [], ""guard_status"": ""rule"", ""height"": 1024, ""label"": ""portrait_poster"", ""prompt_directive"": ""Use a portrait poster canvas; keep the full printed poster front-facing and avoid left/right overflow."", ""reason"": """", ""source"": ""rule"", ""width"": 768}]",aas_safe | reference_style | fid_diverse,"A Socialist Realism Soviet propaganda poster with a bold Cyrillic headline, heroic soldiers, an industrial worker, anti-fascist caricature scenes, and stark wartime panels in muted reds, blues, and beige tones."
track1_0160,kremlin_red_square,caption_content | landmark_reference,aspect_variation_allowed | style_variation_allowed | crop_variation_allowed,red brick tower | searchlight | night scene,propaganda_poster_print,"[{""confidence"": 1.0, ""guard_notes"": [], ""guard_status"": ""rule"", ""height"": 1024, ""label"": ""portrait_poster"", ""prompt_directive"": ""Use a portrait poster canvas; keep the full printed poster front-facing and avoid left/right overflow."", ""reason"": """", ""source"": ""rule"", ""width"": 768}]",aas_safe | reference_style | fid_diverse,"A Socialist Realism Soviet poster with a vast red banner bearing Stalin’s profile above the Kremlin tower, crossed by dramatic searchlights against a dark night sky in a bold red and orange palette."
track1_0923,battle_tank_cavalry,caption_content | requested_text_policy,free_crop_allowed | aspect_variation_allowed | style_variation_allowed,battlefield depth | armored vehicle | mounted movement | infantry group,propaganda_poster_print | scroll_or_album_paper_support,"[{""confidence"": 1.0, ""guard_notes"": [], ""guard_status"": ""rule"", ""height"": 1024, ""label"": ""portrait_poster"", ""prompt_directive"": ""Use a portrait poster canvas; keep the full printed poster front-facing and avoid left/right overflow."", ""reason"": """", ""source"": ""rule"", ""width"": 768}]",aas_safe | reference_style | fid_diverse,"Socialist Realism propaganda poster with bold Cyrillic headlines, a chaotic caricature of a defeated military officer and soldiers in retreat, dynamic angular brushstrokes, muted tan and blue colors, and a dramatic folded-paper texture."
track1_0241,battle_tank_cavalry,caption_content | relation_logic,free_crop_allowed | aspect_variation_allowed | style_variation_allowed,battlefield depth | armored vehicle | mounted movement | infantry group,propaganda_poster_print,"[{""confidence"": 1.0, ""guard_notes"": [], ""guard_status"": ""rule"", ""height"": 1024, ""label"": ""portrait_poster"", ""prompt_directive"": ""Use a portrait poster canvas; keep the full printed poster front-facing and avoid left/right overflow."", ""reason"": """", ""source"": ""rule"", ""width"": 768}]",aas_safe | reference_style | fid_diverse,"A Socialist Realism propaganda poster with soldiers raising Soviet, American, and British flags against a bright blue sky, rendered in bold colors and heroic upward composition."
track1_0533,battle_tank_cavalry,caption_content | relation_logic,free_crop_allowed | aspect_variation_allowed | style_variation_allowed,battlefield depth | armored vehicle | mounted movement | infantry group,propaganda_poster_print,"[{""confidence"": 1.0, ""guard_notes"": [], ""guard_status"": ""rule"", ""height"": 1024, ""label"": ""portrait_poster"", ""prompt_directive"": ""Use a portrait poster canvas; keep the full printed poster front-facing and avoid left/right overflow."", ""reason"": """", ""source"": ""rule"", ""width"": 768}]",aas_safe | reference_style | fid_diverse,"A Socialist Realism propaganda poster of a mounted Red Army soldier charging forward on a horse while raising a large red flag, with dramatic clouds, battlefield silhouettes, and bold painterly colors."
track1_0661,naval_aviation_vehicle,caption_content | relation_logic,free_crop_allowed | aspect_variation_allowed | style_variation_allowed,uniformed sailor or pilot | ship or vehicle silhouette | transport machinery,propaganda_poster_print,"[{""confidence"": 1.0, ""guard_notes"": [], ""guard_status"": ""rule"", ""height"": 1024, ""label"": ""portrait_poster"", ""prompt_directive"": ""Use a portrait poster canvas; keep the full printed poster front-facing and avoid left/right overflow."", ""reason"": """", ""source"": ""rule"", ""width"": 768}]",aas_safe | reference_style | fid_diverse,"A Socialist Realism wartime poster composition with Soviet naval officers and sailors beside a cannon in a smoky harbor battle, dominated by a large heroic medal emblem and dramatic muted colors."
track1_0891,generic_artwork,caption_content | relation_logic,free_crop_allowed | aspect_variation_allowed | style_variation_allowed,caption-led subject | medium-appropriate composition | avoid batch template,propaganda_poster_print,"[{""confidence"": 1.0, ""guard_notes"": [], ""guard_status"": ""rule"", ""height"": 1024, ""label"": ""portrait_poster"", ""prompt_directive"": ""Use a portrait poster canvas; keep the full printed poster front-facing and avoid left/right overflow."", ""reason"": """", ""source"": ""rule"", ""width"": 768}]",aas_safe | reference_style | fid_diverse,"A Socialist Realism propaganda poster with bold Russian victory text, a statue-like figure in a horse-drawn chariot raising Soviet and Allied flags, and a defeated Nazi beast against a warm orange background."
track1_0108,generic_artwork,caption_content,free_crop_allowed | aspect_variation_allowed | style_variation_allowed,caption-led subject | medium-appropriate composition | avoid batch template,propaganda_poster_print,"[{""confidence"": 1.0, ""guard_notes"": [], ""guard_status"": ""rule"", ""height"": 1024, ""label"": ""portrait_poster"", ""prompt_directive"": ""Use a portrait poster canvas; keep the full printed poster front-facing and avoid left/right overflow."", ""reason"": """", ""source"": ""rule"", ""width"": 768}]",aas_safe | reference_style | fid_diverse,"A Socialist Realism propaganda poster with Soviet, American, and British flags planted triumphantly over a defeated black eagle, using bold red and blue colors, stark composition, and solemn wartime symbolism."
track1_0818,naval_aviation_vehicle,caption_content,free_crop_allowed | aspect_variation_allowed | style_variation_allowed,uniformed sailor or pilot | ship or vehicle silhouette | transport machinery,propaganda_poster_print,"[{""confidence"": 1.0, ""guard_notes"": [], ""guard_status"": ""rule"", ""height"": 1024, ""label"": ""portrait_poster"", ""prompt_directive"": ""Use a portrait poster canvas; keep the full printed poster front-facing and avoid left/right overflow."", ""reason"": """", ""source"": ""rule"", ""width"": 768}]",aas_safe | reference_style | fid_diverse,"A Socialist Realism wartime propaganda poster of Allied cargo ships, sailors, naval flags, and sea convoy scenes, rendered with bold graphic composition, flat colors, and a solemn patriotic atmosphere."
track1_0187,generic_artwork,caption_content | requested_text_policy | relation_logic,free_crop_allowed | aspect_variation_allowed | style_variation_allowed,caption-led subject | medium-appropriate composition | avoid batch template,generic_artwork_surface,"[{""confidence"": 1.0, ""guard_notes"": [], ""guard_status"": ""rule"", ""height"": 1024, ""label"": ""square_artwork"", ""prompt_directive"": ""Use a balanced square artwork canvas only when the caption does not imply a poster, scroll, spread, or panel format."", ""reason"": """", ""source"": ""rule"", ""width"": 1024}]",aas_safe | reference_style | fid_diverse,"Ukiyo-e style coastal scene with travelers, a horse, and porters carrying a palanquin along a shoreline road, boats on calm water, distant hills, calligraphy above, and a red sun casting bold radiating beams across a muted pink sky."
track1_0583,generic_artwork,caption_content | requested_text_policy | relation_logic,free_crop_allowed | aspect_variation_allowed | style_variation_allowed,caption-led subject | medium-appropriate composition | avoid batch template,generic_artwork_surface,"[{""confidence"": 1.0, ""guard_notes"": [], ""guard_status"": ""rule"", ""height"": 1024, ""label"": ""square_artwork"", ""prompt_directive"": ""Use a balanced square artwork canvas only when the caption does not imply a poster, scroll, spread, or panel format."", ""reason"": """", ""source"": ""rule"", ""width"": 1024}]",aas_safe | reference_style | fid_diverse,"Ukiyo-e portrait of an elegant woman in a red patterned kimono holding a small tray, set in an interior with calligraphy, a potted plant, delicate linework, muted colors, and a calm atmosphere."
track1_0585,generic_artwork,caption_content | requested_text_policy | relation_logic,free_crop_allowed | aspect_variation_allowed | style_variation_allowed,caption-led subject | medium-appropriate composition | avoid batch template,painting_or_brushwork_surface,"[{""confidence"": 1.0, ""guard_notes"": [], ""guard_status"": ""rule"", ""height"": 1024, ""label"": ""square_artwork"", ""prompt_directive"": ""Use a balanced square artwork canvas only when the caption does not imply a poster, scroll, spread, or panel format."", ""reason"": """", ""source"": ""rule"", ""width"": 1024}]",aas_safe | reference_style | fid_diverse,"Ink and wash painting of a quiet riverside scene with a leaning willow tree, sparse branches, a small seated figure near the water, flying birds, calligraphy, and red seals in a muted monochrome palette."
track1_0636,generic_artwork,caption_content | requested_text_policy | relation_logic,free_crop_allowed | aspect_variation_allowed | style_variation_allowed,caption-led subject | medium-appropriate composition | avoid batch template,generic_artwork_surface,"[{""confidence"": 1.0, ""guard_notes"": [], ""guard_status"": ""rule"", ""height"": 1024, ""label"": ""square_artwork"", ""prompt_directive"": ""Use a balanced square artwork canvas only when the caption does not imply a poster, scroll, spread, or panel format."", ""reason"": """", ""source"": ""rule"", ""width"": 1024}]",aas_safe | reference_style | fid_diverse,"Ukiyo-e scene of a kneeling woman in a patterned kimono holding a child on a wooden veranda, with a seated figure behind a screen, a flowering garden beyond, delicate linework, muted colors, and calligraphy above."
track1_0166,battle_tank_cavalry,caption_content | requested_text_policy,free_crop_allowed | aspect_variation_allowed | style_variation_allowed,battlefield depth | armored vehicle | mounted movement | infantry group,propaganda_poster_print,"[{""confidence"": 1.0, ""guard_notes"": [], ""guard_status"": ""rule"", ""height"": 1024, ""label"": ""portrait_poster"", ""prompt_directive"": ""Use a portrait poster canvas; keep the full printed poster front-facing and avoid left/right overflow."", ""reason"": """", ""source"": ""rule"", ""width"": 768}]",aas_safe | reference_style | fid_diverse,"A Socialist Realism Soviet naval poster with bold Cyrillic lettering, soldiers crowded on boats crossing rough blue water toward a rocky coast, rendered in broad painterly strokes and a solemn heroic mood."
track1_0728,battle_tank_cavalry,caption_content | requested_text_policy,free_crop_allowed | aspect_variation_allowed | style_variation_allowed,battlefield depth | armored vehicle | mounted movement | infantry group,propaganda_poster_print,"[{""confidence"": 1.0, ""guard_notes"": [], ""guard_status"": ""rule"", ""height"": 1024, ""label"": ""portrait_poster"", ""prompt_directive"": ""Use a portrait poster canvas; keep the full printed poster front-facing and avoid left/right overflow."", ""reason"": """", ""source"": ""rule"", ""width"": 768}]",aas_safe | reference_style | fid_diverse,"A Socialist Realism propaganda poster of a triumphant armored rider on horseback beside Soviet soldiers with rifles, fallen enemies in the foreground, and a fortified city rising in the background under bold Cyrillic lettering."
track1_0865,battle_tank_cavalry,caption_content | requested_text_policy,free_crop_allowed | aspect_variation_allowed | style_variation_allowed,battlefield depth | armored vehicle | mounted movement | infantry group,propaganda_poster_print,"[{""confidence"": 1.0, ""guard_notes"": [], ""guard_status"": ""rule"", ""height"": 1024, ""label"": ""portrait_poster"", ""prompt_directive"": ""Use a portrait poster canvas; keep the full printed poster front-facing and avoid left/right overflow."", ""reason"": """", ""source"": ""rule"", ""width"": 768}]",aas_safe | reference_style | fid_diverse,"A Socialist Realism propaganda poster with Cyrillic text combines a snowy battlefield of tanks, soldiers, and aircraft above with steelworkers handling molten metal in a smoky foundry below, using bold colors and dramatic industrial lighting."
track1_0423,generic_artwork,caption_content | requested_text_policy | relation_logic,free_crop_allowed | aspect_variation_allowed | style_variation_allowed,caption-led subject | medium-appropriate composition | avoid batch template,generic_artwork_surface,"[{""confidence"": 1.0, ""guard_notes"": [], ""guard_status"": ""rule"", ""height"": 1024, ""label"": ""square_artwork"", ""prompt_directive"": ""Use a balanced square artwork canvas only when the caption does not imply a poster, scroll, spread, or panel format."", ""reason"": """", ""source"": ""rule"", ""width"": 1024}]",aas_safe | reference_style | fid_diverse,"Ukiyo-e scene of two elegantly dressed women in a traditional interior, one holding a red parasol, with delicate linework, muted colors, and vertical calligraphy above."
track1_0063,scroll_album_paper_support,caption_content | support_surface_required | requested_text_policy,preserve_support_aspect | medium_texture_variation_allowed | viewpoint_variation_allowed,visible paper support | folds or ruled grid | album or scroll framing,scroll_or_album_paper_support | painting_or_brushwork_surface,"[{""confidence"": 1.0, ""guard_notes"": [], ""guard_status"": ""rule"", ""height"": 1024, ""label"": ""vertical_scroll"", ""prompt_directive"": ""Use a tall vertical scroll canvas with visible mounting/support; avoid cropping to only the inner painting."", ""reason"": """", ""source"": ""rule"", ""width"": 682}]",aas_safe | reference_style | fid_diverse,"Ink and wash painting of a serene mountainous landscape with layered peaks, trees, a winding stream, calligraphy, seals, and delicate monochrome brushwork on a hanging scroll."
track1_0117,scroll_album_paper_support,caption_content | support_surface_required | requested_text_policy,preserve_support_aspect | medium_texture_variation_allowed | viewpoint_variation_allowed,visible paper support | folds or ruled grid | album or scroll framing,scroll_or_album_paper_support | painting_or_brushwork_surface,"[{""confidence"": 1.0, ""guard_notes"": [], ""guard_status"": ""rule"", ""height"": 1024, ""label"": ""vertical_scroll"", ""prompt_directive"": ""Use a tall vertical scroll canvas with visible mounting/support; avoid cropping to only the inner painting."", ""reason"": """", ""source"": ""rule"", ""width"": 682}]",aas_safe | reference_style | fid_diverse,"A Gongbi-style vertical Chinese scroll with delicate ink linework, muted earthy tones, calligraphy and red seals above a tranquil pavilion scene with trees, rocks, fences, and small figures."
track1_0541,scroll_album_paper_support,caption_content | support_surface_required | requested_text_policy,preserve_support_aspect | medium_texture_variation_allowed | viewpoint_variation_allowed,visible paper support | folds or ruled grid | album or scroll framing,scroll_or_album_paper_support,"[{""confidence"": 1.0, ""guard_notes"": [], ""guard_status"": ""rule"", ""height"": 1024, ""label"": ""vertical_scroll"", ""prompt_directive"": ""Use a tall vertical scroll canvas with visible mounting/support; avoid cropping to only the inner painting."", ""reason"": """", ""source"": ""rule"", ""width"": 682}]",aas_safe | reference_style | fid_diverse,"A Gongbi hanging scroll with bold Chinese calligraphy, red seals, and a finely detailed misty landscape of trees, pavilions, hills, and winding water in muted earthy tones."
track1_0586,scroll_album_paper_support,caption_content | support_surface_required | requested_text_policy,preserve_support_aspect | medium_texture_variation_allowed | viewpoint_variation_allowed,visible paper support | folds or ruled grid | album or scroll framing,propaganda_poster_print | scroll_or_album_paper_support,"[{""confidence"": 1.0, ""guard_notes"": [], ""guard_status"": ""rule"", ""height"": 1024, ""label"": ""portrait_poster"", ""prompt_directive"": ""Use a portrait poster canvas; keep the full printed poster front-facing and avoid left/right overflow."", ""reason"": """", ""source"": ""rule"", ""width"": 768}]",aas_safe | reference_style | fid_diverse,"A Socialist Realism wartime propaganda map poster with bold red, blue, and black graphic lines, showing a powerful red arm driving dark enemy figures across a river near Cyrillic place names on folded paper."
track1_0939,generic_artwork,caption_content | requested_text_policy | relation_logic,free_crop_allowed | aspect_variation_allowed | style_variation_allowed,caption-led subject | medium-appropriate composition | avoid batch template,propaganda_poster_print | painting_or_brushwork_surface,"[{""confidence"": 1.0, ""guard_notes"": [], ""guard_status"": ""rule"", ""height"": 1024, ""label"": ""portrait_poster"", ""prompt_directive"": ""Use a portrait poster canvas; keep the full printed poster front-facing and avoid left/right overflow."", ""reason"": """", ""source"": ""rule"", ""width"": 768}]",aas_safe | reference_style | fid_diverse,"A Socialist Realism poster-style scene with bold Russian typography above a snowy village where families unload bags from a horse cart and enter a wooden house, painted in a muted winter palette with simplified figures and sturdy brushwork."
track1_0159,agriculture_industry_worker,caption_content | requested_text_policy,free_crop_allowed | aspect_variation_allowed | style_variation_allowed,field or factory setting | working hands and tools | productive labor,propaganda_poster_print,"[{""confidence"": 1.0, ""guard_notes"": [], ""guard_status"": ""rule"", ""height"": 1024, ""label"": ""portrait_poster"", ""prompt_directive"": ""Use a portrait poster canvas; keep the full printed poster front-facing and avoid left/right overflow."", ""reason"": """", ""source"": ""rule"", ""width"": 768}]",aas_safe | reference_style | fid_diverse,"A Socialist Realism Soviet poster of two industrial workers in white coats shaking hands before smokestacks and machinery, with bold Cyrillic May Day lettering, strong graphic lines, and a muted blue, cream, and red palette."
track1_0752,agriculture_industry_worker,caption_content | requested_text_policy,free_crop_allowed | aspect_variation_allowed | style_variation_allowed,field or factory setting | working hands and tools | productive labor,propaganda_poster_print | document_or_tableau_surface,"[{""confidence"": 1.0, ""guard_notes"": [], ""guard_status"": ""rule"", ""height"": 1024, ""label"": ""portrait_poster"", ""prompt_directive"": ""Use a portrait poster canvas; keep the full printed poster front-facing and avoid left/right overflow."", ""reason"": """", ""source"": ""rule"", ""width"": 768}]",aas_safe | reference_style | fid_diverse,"A Socialist Realism Soviet agricultural propaganda poster with collective farm workers at a desk, a man handing documents, harvest activity and rural buildings in the background, bold Cyrillic lettering, warm muted colors, and a solemn productive atmosphere."
track1_0125,scroll_album_paper_support,caption_content | support_surface_required | requested_text_policy,preserve_support_aspect | medium_texture_variation_allowed | viewpoint_variation_allowed,visible paper support | folds or ruled grid | album or scroll framing,scroll_or_album_paper_support | painting_or_brushwork_surface,"[{""confidence"": 1.0, ""guard_notes"": [], ""guard_status"": ""rule"", ""height"": 1024, ""label"": ""square_artwork"", ""prompt_directive"": ""Use a balanced square artwork canvas only when the caption does not imply a poster, scroll, spread, or panel format."", ""reason"": """", ""source"": ""rule"", ""width"": 1024}]",aas_safe | reference_style | fid_diverse,"Ink and wash painting of a vertical Chinese landscape scroll with layered mountains, a broad river, sparse trees, calligraphy inscriptions, red seals, and soft sepia brushwork creating a calm atmosphere."
track1_0210,scroll_album_paper_support,caption_content | support_surface_required | requested_text_policy,preserve_support_aspect | medium_texture_variation_allowed | viewpoint_variation_allowed,visible paper support | folds or ruled grid | album or scroll framing,scroll_or_album_paper_support | painting_or_brushwork_surface,"[{""confidence"": 1.0, ""guard_notes"": [], ""guard_status"": ""rule"", ""height"": 1024, ""label"": ""vertical_scroll"", ""prompt_directive"": ""Use a tall vertical scroll canvas with visible mounting/support; avoid cropping to only the inner painting."", ""reason"": """", ""source"": ""rule"", ""width"": 682}]",aas_safe | reference_style | fid_diverse,"A Gongbi-style vertical scroll with dense calligraphy above a serene river landscape of layered green mountains, waterside pavilions, small boats, trees, and delicate fine-line brushwork in muted colors."
track1_0345,scroll_album_paper_support,caption_content | support_surface_required | requested_text_policy,preserve_support_aspect | medium_texture_variation_allowed | viewpoint_variation_allowed,visible paper support | folds or ruled grid | album or scroll framing,scroll_or_album_paper_support | painting_or_brushwork_surface,"[{""confidence"": 1.0, ""guard_notes"": [], ""guard_status"": ""rule"", ""height"": 1024, ""label"": ""square_artwork"", ""prompt_directive"": ""Use a balanced square artwork canvas only when the caption does not imply a poster, scroll, spread, or panel format."", ""reason"": """", ""source"": ""rule"", ""width"": 1024}]",aas_safe | reference_style | fid_diverse,"Ink and wash painting of a vertical Chinese landscape scroll with misty mountains, flowing water, willow trees, a small boat, delicate black brushwork, and calligraphy near the top."
track1_0360,scroll_album_paper_support,caption_content | support_surface_required | requested_text_policy,preserve_support_aspect | medium_texture_variation_allowed | viewpoint_variation_allowed,visible paper support | folds or ruled grid | album or scroll framing,scroll_or_album_paper_support | painting_or_brushwork_surface,"[{""confidence"": 1.0, ""guard_notes"": [], ""guard_status"": ""rule"", ""height"": 1024, ""label"": ""vertical_scroll"", ""prompt_directive"": ""Use a tall vertical scroll canvas with visible mounting/support; avoid cropping to only the inner painting."", ""reason"": """", ""source"": ""rule"", ""width"": 682}]",aas_safe | reference_style | fid_diverse,"Ink and wash painting of a vertical scroll landscape with Chinese calligraphy, misty mountains, a small riverside pavilion, reeds, and two seated figures in soft monochrome brushwork."
track1_0532,scroll_album_paper_support,caption_content | support_surface_required | requested_text_policy,preserve_support_aspect | medium_texture_variation_allowed | viewpoint_variation_allowed,visible paper support | folds or ruled grid | album or scroll framing,scroll_or_album_paper_support | painting_or_brushwork_surface,"[{""confidence"": 1.0, ""guard_notes"": [], ""guard_status"": ""rule"", ""height"": 1024, ""label"": ""vertical_scroll"", ""prompt_directive"": ""Use a tall vertical scroll canvas with visible mounting/support; avoid cropping to only the inner painting."", ""reason"": """", ""source"": ""rule"", ""width"": 682}]",aas_safe | reference_style | fid_diverse,"Ink and wash painting of a tall pine tree on a vertical hanging scroll, rendered with expressive black brushwork, delicate needles, textured bark, and small calligraphy with a red seal."
track1_0633,scroll_album_paper_support,caption_content | support_surface_required | requested_text_policy,preserve_support_aspect | medium_texture_variation_allowed | viewpoint_variation_allowed,visible paper support | folds or ruled grid | album or scroll framing,scroll_or_album_paper_support | painting_or_brushwork_surface,"[{""confidence"": 1.0, ""guard_notes"": [], ""guard_status"": ""rule"", ""height"": 1024, ""label"": ""vertical_scroll"", ""prompt_directive"": ""Use a tall vertical scroll canvas with visible mounting/support; avoid cropping to only the inner painting."", ""reason"": """", ""source"": ""rule"", ""width"": 682}]",aas_safe | reference_style | fid_diverse,"Ink and wash painting of a horizontal Chinese scroll on beige paper, featuring flowing black calligraphy beside a small monochrome landscape scene with trees, rocks, and a pavilion in a calm, aged composition."
track1_0794,scroll_album_paper_support,caption_content | support_surface_required | requested_text_policy,preserve_support_aspect | medium_texture_variation_allowed | viewpoint_variation_allowed,visible paper support | folds or ruled grid | album or scroll framing,scroll_or_album_paper_support | painting_or_brushwork_surface,"[{""confidence"": 1.0, ""guard_notes"": [], ""guard_status"": ""rule"", ""height"": 1024, ""label"": ""square_artwork"", ""prompt_directive"": ""Use a balanced square artwork canvas only when the caption does not imply a poster, scroll, spread, or panel format."", ""reason"": """", ""source"": ""rule"", ""width"": 1024}]",aas_safe | reference_style | fid_diverse,"A serene Gongbi vertical landscape scroll with finely detailed mountains, winding riverbanks, dense trees, small pavilions, calligraphic inscriptions, and red seals in a muted ink-and-color palette."
track1_0935,scroll_album_paper_support,caption_content | support_surface_required | requested_text_policy,preserve_support_aspect | medium_texture_variation_allowed | viewpoint_variation_allowed,visible paper support | folds or ruled grid | album or scroll framing,scroll_or_album_paper_support,"[{""confidence"": 1.0, ""guard_notes"": [], ""guard_status"": ""rule"", ""height"": 1024, ""label"": ""vertical_scroll"", ""prompt_directive"": ""Use a tall vertical scroll canvas with visible mounting/support; avoid cropping to only the inner painting."", ""reason"": """", ""source"": ""rule"", ""width"": 682}]",aas_safe | reference_style | fid_diverse,"A Gongbi-style vertical scroll painting of a blooming lotus, a large blue-green lotus leaf, small dragonflies, and calligraphy above, rendered with delicate linework and a soft muted palette."
track1_1000,scroll_album_paper_support,caption_content | support_surface_required | requested_text_policy,preserve_support_aspect | medium_texture_variation_allowed | viewpoint_variation_allowed,visible paper support | folds or ruled grid | album or scroll framing,scroll_or_album_paper_support | painting_or_brushwork_surface,"[{""confidence"": 1.0, ""guard_notes"": [], ""guard_status"": ""rule"", ""height"": 1024, ""label"": ""square_artwork"", ""prompt_directive"": ""Use a balanced square artwork canvas only when the caption does not imply a poster, scroll, spread, or panel format."", ""reason"": """", ""source"": ""rule"", ""width"": 1024}]",aas_safe | reference_style | fid_diverse,"Ink and wash painting of a vertical Chinese landscape scroll with misty mountains, tall pine trees, a small pavilion, flowing brushwork, calligraphy inscription, and a red seal in a serene monochrome palette."
track1_0454,scroll_album_paper_support,caption_content | support_surface_required | requested_text_policy | relation_logic,preserve_support_aspect | medium_texture_variation_allowed | viewpoint_variation_allowed,visible paper support | folds or ruled grid | album or scroll framing,scroll_or_album_paper_support,"[{""confidence"": 1.0, ""guard_notes"": [], ""guard_status"": ""rule"", ""height"": 1024, ""label"": ""square_artwork"", ""prompt_directive"": ""Use a balanced square artwork canvas only when the caption does not imply a poster, scroll, spread, or panel format."", ""reason"": """", ""source"": ""rule"", ""width"": 1024}]",aas_safe | reference_style | fid_diverse,"A Gongbi album leaf with a vertical Chinese calligraphy panel beside a dark, finely brushed scene of a figure and horse in a muted, aged landscape."
track1_0925,scroll_album_paper_support,caption_content | support_surface_required | requested_text_policy | relation_logic,preserve_support_aspect | medium_texture_variation_allowed | viewpoint_variation_allowed,battlefield depth | armored vehicle | mounted movement | infantry group,scroll_or_album_paper_support | painting_or_brushwork_surface,"[{""confidence"": 1.0, ""guard_notes"": [], ""guard_status"": ""rule"", ""height"": 1024, ""label"": ""square_artwork"", ""prompt_directive"": ""Use a balanced square artwork canvas only when the caption does not imply a poster, scroll, spread, or panel format."", ""reason"": """", ""source"": ""rule"", ""width"": 1024}]",aas_safe | reference_style | fid_diverse,Ink and wash painting of a mounted album leaf with elegant Chinese calligraphy beside a sparse branch of dark leaves and a small flying insect on a warm beige background.
track1_0965,scroll_album_paper_support,caption_content | support_surface_required | requested_text_policy | relation_logic,preserve_support_aspect | medium_texture_variation_allowed | viewpoint_variation_allowed,visible paper support | folds or ruled grid | album or scroll framing,scroll_or_album_paper_support,"[{""confidence"": 1.0, ""guard_notes"": [], ""guard_status"": ""rule"", ""height"": 1024, ""label"": ""square_artwork"", ""prompt_directive"": ""Use a balanced square artwork canvas only when the caption does not imply a poster, scroll, spread, or panel format."", ""reason"": """", ""source"": ""rule"", ""width"": 1024}]",aas_safe | reference_style | fid_diverse,"A Gongbi album leaf with neat calligraphy beside a finely outlined scene of a seated monk in a rocky blue-green cave overlooking waves, a flying crane, pine branches, and a warm gold mounting."
track1_0062,scroll_album_paper_support,caption_content | support_surface_required | relation_logic,preserve_support_aspect | medium_texture_variation_allowed | viewpoint_variation_allowed,visible paper support | folds or ruled grid | album or scroll framing,scroll_or_album_paper_support,"[{""confidence"": 1.0, ""guard_notes"": [], ""guard_status"": ""rule"", ""height"": 1024, ""label"": ""vertical_scroll"", ""prompt_directive"": ""Use a tall vertical scroll canvas with visible mounting/support; avoid cropping to only the inner painting."", ""reason"": """", ""source"": ""rule"", ""width"": 682}]",aas_safe | reference_style | fid_diverse,"A Gongbi vertical scroll painting of a large elephant carrying small figures beneath pine branches in a muted sepia landscape with fine linework and a calm, antique atmosphere."
track1_0734,scroll_album_paper_support,caption_content | support_surface_required | requested_text_policy,preserve_support_aspect | medium_texture_variation_allowed | viewpoint_variation_allowed,visible paper support | folds or ruled grid | album or scroll framing,scroll_or_album_paper_support | painting_or_brushwork_surface,"[{""confidence"": 1.0, ""guard_notes"": [], ""guard_status"": ""rule"", ""height"": 1024, ""label"": ""square_artwork"", ""prompt_directive"": ""Use a balanced square artwork canvas only when the caption does not imply a poster, scroll, spread, or panel format."", ""reason"": """", ""source"": ""rule"", ""width"": 1024}]",aas_safe | reference_style | fid_diverse,"Ink and wash painting of a serene mountainous landscape with misty peaks, clustered trees, small riverside houses, a tiny bridge, and calligraphy on a pale scroll-like background with soft monochrome brushwork."
track1_0033,generic_artwork,caption_content | requested_text_policy | relation_logic,free_crop_allowed | aspect_variation_allowed | style_variation_allowed,caption-led subject | medium-appropriate composition | avoid batch template,generic_artwork_surface,"[{""confidence"": 1.0, ""guard_notes"": [], ""guard_status"": ""rule"", ""height"": 1024, ""label"": ""square_artwork"", ""prompt_directive"": ""Use a balanced square artwork canvas only when the caption does not imply a poster, scroll, spread, or panel format."", ""reason"": """", ""source"": ""rule"", ""width"": 1024}]",aas_safe | reference_style | fid_diverse,"A Ukiyo-e portrait of a standing figure in an ornate patterned kimono holding a dark fan, with calligraphic inscriptions, muted earthy colors, and crisp black linework on a plain beige background."
track1_0219,generic_artwork,caption_content | requested_text_policy | relation_logic,free_crop_allowed | aspect_variation_allowed | style_variation_allowed,caption-led subject | medium-appropriate composition | avoid batch template,generic_artwork_surface,"[{""confidence"": 1.0, ""guard_notes"": [], ""guard_status"": ""rule"", ""height"": 1024, ""label"": ""square_artwork"", ""prompt_directive"": ""Use a balanced square artwork canvas only when the caption does not imply a poster, scroll, spread, or panel format."", ""reason"": """", ""source"": ""rule"", ""width"": 1024}]",aas_safe | reference_style | fid_diverse,"Ukiyo-e style Japanese warriors in ornate armor carrying weapons and banners across a mountainous landscape, with bold black linework, muted ochre tones, and vertical calligraphy on aged paper."
track1_0773,scroll_album_paper_support,caption_content | support_surface_required | requested_text_policy,preserve_support_aspect | medium_texture_variation_allowed | viewpoint_variation_allowed,visible paper support | folds or ruled grid | album or scroll framing,scroll_or_album_paper_support | painting_or_brushwork_surface,"[{""confidence"": 1.0, ""guard_notes"": [], ""guard_status"": ""rule"", ""height"": 1024, ""label"": ""square_artwork"", ""prompt_directive"": ""Use a balanced square artwork canvas only when the caption does not imply a poster, scroll, spread, or panel format."", ""reason"": """", ""source"": ""rule"", ""width"": 1024}]",aas_safe | reference_style | fid_diverse,"A Gongbi album leaf with elegant black calligraphy, red seal impressions, and a delicate ink landscape of trees, rocks, and distant mountains on aged paper."
track1_0042,scroll_album_paper_support,caption_content | support_surface_required | requested_text_policy,preserve_support_aspect | medium_texture_variation_allowed | viewpoint_variation_allowed,visible paper support | folds or ruled grid | album or scroll framing,scroll_or_album_paper_support | painting_or_brushwork_surface,"[{""confidence"": 1.0, ""guard_notes"": [], ""guard_status"": ""rule"", ""height"": 1024, ""label"": ""vertical_scroll"", ""prompt_directive"": ""Use a tall vertical scroll canvas with visible mounting/support; avoid cropping to only the inner painting."", ""reason"": """", ""source"": ""rule"", ""width"": 682}]",aas_safe | reference_style | fid_diverse,"A Gongbi vertical scroll landscape with misty rocky mountains, delicate trees, a small pavilion among cliffs, and calligraphy with red seals above in a muted ink-and-wash palette."
track1_0064,scroll_album_paper_support,caption_content | support_surface_required | requested_text_policy,preserve_support_aspect | medium_texture_variation_allowed | viewpoint_variation_allowed,visible paper support | folds or ruled grid | album or scroll framing,scroll_or_album_paper_support | painting_or_brushwork_surface,"[{""confidence"": 1.0, ""guard_notes"": [], ""guard_status"": ""rule"", ""height"": 1024, ""label"": ""vertical_scroll"", ""prompt_directive"": ""Use a tall vertical scroll canvas with visible mounting/support; avoid cropping to only the inner painting."", ""reason"": """", ""source"": ""rule"", ""width"": 682}]",aas_safe | reference_style | fid_diverse,"A Gongbi vertical hanging scroll with delicate ink lotus blossoms, slender stems, small leaves, and calligraphy along the side on a pale beige silk ground."
track1_0181,scroll_album_paper_support,caption_content | support_surface_required | requested_text_policy,preserve_support_aspect | medium_texture_variation_allowed | viewpoint_variation_allowed,visible paper support | folds or ruled grid | album or scroll framing,scroll_or_album_paper_support,"[{""confidence"": 1.0, ""guard_notes"": [], ""guard_status"": ""rule"", ""height"": 1024, ""label"": ""vertical_scroll"", ""prompt_directive"": ""Use a tall vertical scroll canvas with visible mounting/support; avoid cropping to only the inner painting."", ""reason"": """", ""source"": ""rule"", ""width"": 682}]",aas_safe | reference_style | fid_diverse,"A Gongbi vertical scroll of two ancient robed scholars or officials in a sparse tan setting, rendered with fine precise linework, muted colors, and calligraphic inscription near the upper right."
track1_0227,scroll_album_paper_support,caption_content | support_surface_required | requested_text_policy,preserve_support_aspect | medium_texture_variation_allowed | viewpoint_variation_allowed,visible paper support | folds or ruled grid | album or scroll framing,scroll_or_album_paper_support | painting_or_brushwork_surface,"[{""confidence"": 1.0, ""guard_notes"": [], ""guard_status"": ""rule"", ""height"": 1024, ""label"": ""vertical_scroll"", ""prompt_directive"": ""Use a tall vertical scroll canvas with visible mounting/support; avoid cropping to only the inner painting."", ""reason"": """", ""source"": ""rule"", ""width"": 682}]",aas_safe | reference_style | fid_diverse,"Ink and wash painting of a vertical hanging scroll with bold black calligraphy above delicate muted flowers and branches on aged beige paper, creating a calm scholarly atmosphere."
track1_0256,scroll_album_paper_support,caption_content | support_surface_required | requested_text_policy,preserve_support_aspect | medium_texture_variation_allowed | viewpoint_variation_allowed,visible paper support | folds or ruled grid | album or scroll framing,scroll_or_album_paper_support | painting_or_brushwork_surface,"[{""confidence"": 1.0, ""guard_notes"": [], ""guard_status"": ""rule"", ""height"": 1024, ""label"": ""vertical_scroll"", ""prompt_directive"": ""Use a tall vertical scroll canvas with visible mounting/support; avoid cropping to only the inner painting."", ""reason"": """", ""source"": ""rule"", ""width"": 682}]",aas_safe | reference_style | fid_diverse,"Ink and wash painting of figures gathered beneath bamboo and rocky outcrops, with delicate brushwork, muted colors, and calligraphy on a hanging scroll."
track1_0283,scroll_album_paper_support,caption_content | support_surface_required | requested_text_policy,preserve_support_aspect | medium_texture_variation_allowed | viewpoint_variation_allowed,visible paper support | folds or ruled grid | album or scroll framing,scroll_or_album_paper_support,"[{""confidence"": 1.0, ""guard_notes"": [], ""guard_status"": ""rule"", ""height"": 1024, ""label"": ""vertical_scroll"", ""prompt_directive"": ""Use a tall vertical scroll canvas with visible mounting/support; avoid cropping to only the inner painting."", ""reason"": """", ""source"": ""rule"", ""width"": 682}]",aas_safe | reference_style | fid_diverse,"A Gongbi vertical scroll with dense Chinese calligraphy, red seals, and a finely inked scene of robed travelers with pack animals on muted parchment."
track1_0390,scroll_album_paper_support,caption_content | support_surface_required | requested_text_policy,preserve_support_aspect | medium_texture_variation_allowed | viewpoint_variation_allowed,visible paper support | folds or ruled grid | album or scroll framing,scroll_or_album_paper_support,"[{""confidence"": 1.0, ""guard_notes"": [], ""guard_status"": ""rule"", ""height"": 1024, ""label"": ""vertical_scroll"", ""prompt_directive"": ""Use a tall vertical scroll canvas with visible mounting/support; avoid cropping to only the inner painting."", ""reason"": """", ""source"": ""rule"", ""width"": 682}]",aas_safe | reference_style | fid_diverse,"A Gongbi hanging scroll on beige silk with calligraphy panels, red seals, and a small detailed landscape scene of figures among trees in muted earthy colors."
track1_0416,scroll_album_paper_support,caption_content | support_surface_required | requested_text_policy,preserve_support_aspect | medium_texture_variation_allowed | viewpoint_variation_allowed,visible paper support | folds or ruled grid | album or scroll framing,scroll_or_album_paper_support,"[{""confidence"": 1.0, ""guard_notes"": [], ""guard_status"": ""rule"", ""height"": 1024, ""label"": ""vertical_scroll"", ""prompt_directive"": ""Use a tall vertical scroll canvas with visible mounting/support; avoid cropping to only the inner painting."", ""reason"": """", ""source"": ""rule"", ""width"": 682}]",aas_safe | reference_style | fid_diverse,"A Gongbi vertical hanging scroll with fine delicate linework and muted colors, portraying three robed figures seated in a serene rocky landscape on a yellow mounting with red seals."
track1_0493,scroll_album_paper_support,caption_content | support_surface_required | requested_text_policy,preserve_support_aspect | medium_texture_variation_allowed | viewpoint_variation_allowed,visible paper support | folds or ruled grid | album or scroll framing,scroll_or_album_paper_support,"[{""confidence"": 1.0, ""guard_notes"": [], ""guard_status"": ""rule"", ""height"": 1024, ""label"": ""vertical_scroll"", ""prompt_directive"": ""Use a tall vertical scroll canvas with visible mounting/support; avoid cropping to only the inner painting."", ""reason"": """", ""source"": ""rule"", ""width"": 682}]",aas_safe | reference_style | fid_diverse,"A Gongbi hanging scroll portrait of an elegant noblewoman in ornate ceremonial robes and headdress, framed by inscriptions, a pale green ground, and dark brocade borders with delicate fine-line detail."
track1_0502,scroll_album_paper_support,caption_content | support_surface_required | requested_text_policy,preserve_support_aspect | medium_texture_variation_allowed | viewpoint_variation_allowed,visible paper support | folds or ruled grid | album or scroll framing,scroll_or_album_paper_support | painting_or_brushwork_surface,"[{""confidence"": 1.0, ""guard_notes"": [], ""guard_status"": ""rule"", ""height"": 1024, ""label"": ""vertical_scroll"", ""prompt_directive"": ""Use a tall vertical scroll canvas with visible mounting/support; avoid cropping to only the inner painting."", ""reason"": """", ""source"": ""rule"", ""width"": 682}]",aas_safe | reference_style | fid_diverse,"Ink and wash painting of ducks gliding on a quiet pond with delicate water ripples, soft gray brushstrokes, sparse calligraphy, and pale flowering plants near the bottom in a serene vertical scroll composition."
track1_0587,scroll_album_paper_support,caption_content | support_surface_required | requested_text_policy,preserve_support_aspect | medium_texture_variation_allowed | viewpoint_variation_allowed,visible paper support | folds or ruled grid | album or scroll framing,scroll_or_album_paper_support | painting_or_brushwork_surface,"[{""confidence"": 1.0, ""guard_notes"": [], ""guard_status"": ""rule"", ""height"": 1024, ""label"": ""vertical_scroll"", ""prompt_directive"": ""Use a tall vertical scroll canvas with visible mounting/support; avoid cropping to only the inner painting."", ""reason"": """", ""source"": ""rule"", ""width"": 682}]",aas_safe | reference_style | fid_diverse,"Ink and wash painting of two robed figures seated beneath a tall pine tree on a vertical scroll, with delicate brushwork, muted earthy tones, and calligraphy along the side."
track1_0624,scroll_album_paper_support,caption_content | support_surface_required | requested_text_policy,preserve_support_aspect | medium_texture_variation_allowed | viewpoint_variation_allowed,visible paper support | folds or ruled grid | album or scroll framing,scroll_or_album_paper_support | painting_or_brushwork_surface,"[{""confidence"": 1.0, ""guard_notes"": [], ""guard_status"": ""rule"", ""height"": 1024, ""label"": ""vertical_scroll"", ""prompt_directive"": ""Use a tall vertical scroll canvas with visible mounting/support; avoid cropping to only the inner painting."", ""reason"": """", ""source"": ""rule"", ""width"": 682}]",aas_safe | reference_style | fid_diverse,"Ink and wash painting of a potted leafy plant beneath elegant Chinese calligraphy and red seals on a vertical hanging scroll, with soft monochrome brushwork and aged paper texture."
track1_0690,scroll_album_paper_support,caption_content | support_surface_required | requested_text_policy,preserve_support_aspect | medium_texture_variation_allowed | viewpoint_variation_allowed,visible paper support | folds or ruled grid | album or scroll framing,scroll_or_album_paper_support,"[{""confidence"": 1.0, ""guard_notes"": [], ""guard_status"": ""rule"", ""height"": 1024, ""label"": ""vertical_scroll"", ""prompt_directive"": ""Use a tall vertical scroll canvas with visible mounting/support; avoid cropping to only the inner painting."", ""reason"": """", ""source"": ""rule"", ""width"": 682}]",aas_safe | reference_style | fid_diverse,"A Gongbi vertical scroll with elegant black calligraphy above delicate lotus flowers, broad leaves, weathered rocks, and soft water patterns in a muted beige-green palette with fine linework and red seals."
track1_0694,scroll_album_paper_support,caption_content | support_surface_required | requested_text_policy,preserve_support_aspect | medium_texture_variation_allowed | viewpoint_variation_allowed,visible paper support | folds or ruled grid | album or scroll framing,scroll_or_album_paper_support | painting_or_brushwork_surface,"[{""confidence"": 1.0, ""guard_notes"": [], ""guard_status"": ""rule"", ""height"": 1024, ""label"": ""vertical_scroll"", ""prompt_directive"": ""Use a tall vertical scroll canvas with visible mounting/support; avoid cropping to only the inner painting."", ""reason"": """", ""source"": ""rule"", ""width"": 682}]",aas_safe | reference_style | fid_diverse,"Ink and wash painting of a tall gnarled tree with twisting branches and sparse foliage, rendered in expressive black and gray brushstrokes on a vertical scroll with calligraphy and a small red seal."
track1_0811,scroll_album_paper_support,caption_content | support_surface_required | requested_text_policy,preserve_support_aspect | medium_texture_variation_allowed | viewpoint_variation_allowed,visible paper support | folds or ruled grid | album or scroll framing,scroll_or_album_paper_support | painting_or_brushwork_surface,"[{""confidence"": 1.0, ""guard_notes"": [], ""guard_status"": ""rule"", ""height"": 1024, ""label"": ""vertical_scroll"", ""prompt_directive"": ""Use a tall vertical scroll canvas with visible mounting/support; avoid cropping to only the inner painting."", ""reason"": """", ""source"": ""rule"", ""width"": 682}]",aas_safe | reference_style | fid_diverse,"Ink and wash painting of rugged towering rocks with sparse bamboo leaves and misty pale washes, arranged in a vertical scroll composition with expressive brushstrokes and a calligraphy inscription near the top."
track1_0951,scroll_album_paper_support,caption_content | support_surface_required | requested_text_policy,preserve_support_aspect | medium_texture_variation_allowed | viewpoint_variation_allowed,visible paper support | folds or ruled grid | album or scroll framing,scroll_or_album_paper_support | painting_or_brushwork_surface,"[{""confidence"": 1.0, ""guard_notes"": [], ""guard_status"": ""rule"", ""height"": 1024, ""label"": ""vertical_scroll"", ""prompt_directive"": ""Use a tall vertical scroll canvas with visible mounting/support; avoid cropping to only the inner painting."", ""reason"": """", ""source"": ""rule"", ""width"": 682}]",aas_safe | reference_style | fid_diverse,"A Gongbi hanging scroll with meticulous fine lines and muted ink colors portrays two robed figures beside a towering ancient pine-like tree in a rocky landscape, with calligraphy inscriptions above."
track1_0667,generic_artwork,caption_content | relation_logic,free_crop_allowed | aspect_variation_allowed | style_variation_allowed,caption-led subject | medium-appropriate composition | avoid batch template,generic_artwork_surface,"[{""confidence"": 1.0, ""guard_notes"": [], ""guard_status"": ""rule"", ""height"": 1024, ""label"": ""square_artwork"", ""prompt_directive"": ""Use a balanced square artwork canvas only when the caption does not imply a poster, scroll, spread, or panel format."", ""reason"": """", ""source"": ""rule"", ""width"": 1024}]",aas_safe | reference_style | fid_diverse,"An Early Renaissance religious scene of the Madonna and Child seated on a golden cloth within a ruined stone building, surrounded by kneeling kings, attendants, angels holding a green canopy, animals, and a distant blue-green landscape in a solemn devotional atmosphere."
track1_0429,scroll_album_paper_support,caption_content | support_surface_required | requested_text_policy,preserve_support_aspect | medium_texture_variation_allowed | viewpoint_variation_allowed,visible paper support | folds or ruled grid | album or scroll framing,scroll_or_album_paper_support | painting_or_brushwork_surface,"[{""confidence"": 1.0, ""guard_notes"": [], ""guard_status"": ""rule"", ""height"": 768, ""label"": ""album_spread"", ""prompt_directive"": ""Use a landscape album-spread canvas; keep the page structure visible and front-facing."", ""reason"": """", ""source"": ""rule"", ""width"": 1024}]",aas_safe | reference_style | fid_diverse,"Ink and wash painting of an open album leaf with a blank ruled page beside a delicate composition of bamboo, bare tree branches, vertical calligraphy, and red seals within a pale patterned border."
track1_0628,agriculture_industry_worker,caption_content | requested_text_policy,free_crop_allowed | aspect_variation_allowed | style_variation_allowed,field or factory setting | working hands and tools | productive labor,propaganda_poster_print,"[{""confidence"": 1.0, ""guard_notes"": [], ""guard_status"": ""rule"", ""height"": 1024, ""label"": ""portrait_poster"", ""prompt_directive"": ""Use a portrait poster canvas; keep the full printed poster front-facing and avoid left/right overflow."", ""reason"": """", ""source"": ""rule"", ""width"": 768}]",aas_safe | reference_style | fid_diverse,"A Socialist Realism Soviet poster with bold Cyrillic typography contrasts wartime devastation behind barbed wire with liberated Ukrainian peasants harvesting golden wheat under a bright sky, using strong graphic composition and earthy colors."
track1_0990,agriculture_industry_worker,caption_content | requested_text_policy,free_crop_allowed | aspect_variation_allowed | style_variation_allowed,field or factory setting | working hands and tools | productive labor,propaganda_poster_print,"[{""confidence"": 1.0, ""guard_notes"": [], ""guard_status"": ""rule"", ""height"": 1024, ""label"": ""portrait_poster"", ""prompt_directive"": ""Use a portrait poster canvas; keep the full printed poster front-facing and avoid left/right overflow."", ""reason"": """", ""source"": ""rule"", ""width"": 768}]",aas_safe | reference_style | fid_diverse,"A Socialist Realism Soviet propaganda poster with bold Cyrillic text, a hard-hatted industrial worker gesturing toward smoking factories, coal heaps, and a rebuilding mining town in a muted blue and ochre palette."
track1_0863,scroll_album_paper_support,caption_content | support_surface_required | relation_logic,preserve_support_aspect | medium_texture_variation_allowed | viewpoint_variation_allowed,battlefield depth | armored vehicle | mounted movement | infantry group,scroll_or_album_paper_support | painting_or_brushwork_surface,"[{""confidence"": 1.0, ""guard_notes"": [], ""guard_status"": ""rule"", ""height"": 1024, ""label"": ""vertical_scroll"", ""prompt_directive"": ""Use a tall vertical scroll canvas with visible mounting/support; avoid cropping to only the inner painting."", ""reason"": """", ""source"": ""rule"", ""width"": 682}]",aas_safe | reference_style | fid_diverse,"A Gongbi hanging scroll of a mounted rider in traditional attire on a brown horse, set against a muted landscape with trees, rocks, and delicate fine-line brushwork."
track1_0669,generic_artwork,caption_content | requested_text_policy | relation_logic,free_crop_allowed | aspect_variation_allowed | style_variation_allowed,caption-led subject | medium-appropriate composition | avoid batch template,generic_artwork_surface,"[{""confidence"": 1.0, ""guard_notes"": [], ""guard_status"": ""rule"", ""height"": 1024, ""label"": ""square_artwork"", ""prompt_directive"": ""Use a balanced square artwork canvas only when the caption does not imply a poster, scroll, spread, or panel format."", ""reason"": """", ""source"": ""rule"", ""width"": 1024}]",aas_safe | reference_style | fid_diverse,"Ukiyo-e composition of an orange lobster beside a fan-shaped shell, with delicate calligraphy and a red vertical panel of white blossoms in a muted, textured palette."
track1_0705,commemorative_medal_institution,caption_content | relation_logic,free_crop_allowed | aspect_variation_allowed | style_variation_allowed,medal ribbon | institutional emblem | anniversary composition,generic_artwork_surface,"[{""confidence"": 1.0, ""guard_notes"": [], ""guard_status"": ""rule"", ""height"": 1024, ""label"": ""square_artwork"", ""prompt_directive"": ""Use a balanced square artwork canvas only when the caption does not imply a poster, scroll, spread, or panel format."", ""reason"": """", ""source"": ""rule"", ""width"": 1024}]",aas_safe | reference_style | fid_diverse,"A Baroque engraved scene with cherubs holding ribbon banners above a kneeling woman beside flowing water, framed by a vine-covered tree, rocky mountains, radiant light, and dense cross-hatched shadows."
track1_0023,scroll_album_paper_support,caption_content | support_surface_required | requested_text_policy,preserve_support_aspect | medium_texture_variation_allowed | viewpoint_variation_allowed,visible paper support | folds or ruled grid | album or scroll framing,scroll_or_album_paper_support | painting_or_brushwork_surface,"[{""confidence"": 1.0, ""guard_notes"": [], ""guard_status"": ""rule"", ""height"": 1024, ""label"": ""square_artwork"", ""prompt_directive"": ""Use a balanced square artwork canvas only when the caption does not imply a poster, scroll, spread, or panel format."", ""reason"": """", ""source"": ""rule"", ""width"": 1024}]",aas_safe | reference_style | fid_diverse,"A Gongbi album leaf with neat Chinese calligraphy beside a finely detailed ink landscape of rocks, a windswept tree, and small red-sealed accents on warm beige paper."
track1_0029,scroll_album_paper_support,caption_content | support_surface_required | requested_text_policy,preserve_support_aspect | medium_texture_variation_allowed | viewpoint_variation_allowed,visible paper support | folds or ruled grid | album or scroll framing,scroll_or_album_paper_support,"[{""confidence"": 1.0, ""guard_notes"": [], ""guard_status"": ""rule"", ""height"": 1024, ""label"": ""square_artwork"", ""prompt_directive"": ""Use a balanced square artwork canvas only when the caption does not imply a poster, scroll, spread, or panel format."", ""reason"": """", ""source"": ""rule"", ""width"": 1024}]",aas_safe | reference_style | fid_diverse,A Gongbi album leaf with a circular panel of black Chinese calligraphy beside a circular painting of red peony blossoms and dark green leaves on aged cream paper.
track1_0049,generic_artwork,caption_content | relation_logic,free_crop_allowed | aspect_variation_allowed | style_variation_allowed,caption-led subject | medium-appropriate composition | avoid batch template,propaganda_poster_print,"[{""confidence"": 1.0, ""guard_notes"": [], ""guard_status"": ""rule"", ""height"": 1024, ""label"": ""portrait_poster"", ""prompt_directive"": ""Use a portrait poster canvas; keep the full printed poster front-facing and avoid left/right overflow."", ""reason"": """", ""source"": ""rule"", ""width"": 768}]",aas_safe | reference_style | fid_diverse,"A Socialist Realism propaganda poster with bold flat colors and sharp graphic lines portrays a Soviet soldier with a rifle and bayonet confronting a swastika-marked fascist figure across a map of northern and southern seas, creating a tense wartime composition."
track1_0051,scroll_album_paper_support,caption_content | support_surface_required | requested_text_policy,preserve_support_aspect | medium_texture_variation_allowed | viewpoint_variation_allowed,visible paper support | folds or ruled grid | album or scroll framing,scroll_or_album_paper_support | painting_or_brushwork_surface,"[{""confidence"": 1.0, ""guard_notes"": [], ""guard_status"": ""rule"", ""height"": 1024, ""label"": ""square_artwork"", ""prompt_directive"": ""Use a balanced square artwork canvas only when the caption does not imply a poster, scroll, spread, or panel format."", ""reason"": """", ""source"": ""rule"", ""width"": 1024}]",aas_safe | reference_style | fid_diverse,"Ink and wash painting of a classical album leaf with Chinese calligraphy beside a misty mountain landscape, rendered in muted sepia tones on aged paper with delicate brushwork and a calm atmosphere."
track1_0065,scroll_album_paper_support,caption_content | support_surface_required | requested_text_policy,preserve_support_aspect | medium_texture_variation_allowed | viewpoint_variation_allowed,visible paper support | folds or ruled grid | album or scroll framing,scroll_or_album_paper_support,"[{""confidence"": 1.0, ""guard_notes"": [], ""guard_status"": ""rule"", ""height"": 1024, ""label"": ""square_artwork"", ""prompt_directive"": ""Use a balanced square artwork canvas only when the caption does not imply a poster, scroll, spread, or panel format."", ""reason"": """", ""source"": ""rule"", ""width"": 1024}]",aas_safe | reference_style | fid_diverse,"A Gongbi-style album leaf with a square panel of flowing Chinese calligraphy beside a muted brown painting of a small bird perched among faint foliage, set on a pale cream mounting."
track1_0074,scroll_album_paper_support,caption_content | support_surface_required | requested_text_policy,preserve_support_aspect | medium_texture_variation_allowed | viewpoint_variation_allowed,visible paper support | folds or ruled grid | album or scroll framing,scroll_or_album_paper_support,"[{""confidence"": 1.0, ""guard_notes"": [], ""guard_status"": ""rule"", ""height"": 1024, ""label"": ""square_artwork"", ""prompt_directive"": ""Use a balanced square artwork canvas only when the caption does not imply a poster, scroll, spread, or panel format."", ""reason"": """", ""source"": ""rule"", ""width"": 1024}]",aas_safe | reference_style | fid_diverse,"A Gongbi album leaf with a circular calligraphy panel beside a finely detailed bird standing among sparse branches, rendered with delicate linework, muted brown tones, and an ornate pale patterned border."
track1_0109,scroll_album_paper_support,caption_content | support_surface_required | requested_text_policy,preserve_support_aspect | medium_texture_variation_allowed | viewpoint_variation_allowed,visible paper support | folds or ruled grid | album or scroll framing,scroll_or_album_paper_support,"[{""confidence"": 1.0, ""guard_notes"": [], ""guard_status"": ""rule"", ""height"": 1024, ""label"": ""square_artwork"", ""prompt_directive"": ""Use a balanced square artwork canvas only when the caption does not imply a poster, scroll, spread, or panel format."", ""reason"": """", ""source"": ""rule"", ""width"": 1024}]",aas_safe | reference_style | fid_diverse,"A Gongbi album leaf with a gold border pairs delicate Chinese calligraphy with a finely lined palace court scene of a seated robed ruler, attendants, and kneeling figures on a terrace in muted colors."
track1_0182,scroll_album_paper_support,caption_content | support_surface_required | requested_text_policy,preserve_support_aspect | medium_texture_variation_allowed | viewpoint_variation_allowed,visible paper support | folds or ruled grid | album or scroll framing,scroll_or_album_paper_support,"[{""confidence"": 1.0, ""guard_notes"": [], ""guard_status"": ""rule"", ""height"": 1024, ""label"": ""square_artwork"", ""prompt_directive"": ""Use a balanced square artwork canvas only when the caption does not imply a poster, scroll, spread, or panel format."", ""reason"": """", ""source"": ""rule"", ""width"": 1024}]",aas_safe | reference_style | fid_diverse,"A Gongbi album leaf with Chinese calligraphy beside a finely detailed garden courtyard scene, where robed figures and attendants appear near a patterned mat under trees in a muted warm palette."
track1_0193,scroll_album_paper_support,caption_content | support_surface_required | requested_text_policy,preserve_support_aspect | medium_texture_variation_allowed | viewpoint_variation_allowed,visible paper support | folds or ruled grid | album or scroll framing,scroll_or_album_paper_support,"[{""confidence"": 1.0, ""guard_notes"": [], ""guard_status"": ""rule"", ""height"": 1024, ""label"": ""square_artwork"", ""prompt_directive"": ""Use a balanced square artwork canvas only when the caption does not imply a poster, scroll, spread, or panel format."", ""reason"": """", ""source"": ""rule"", ""width"": 1024}]",aas_safe | reference_style | fid_diverse,"A Gongbi-style album leaf with a pale blue patterned border, an empty left panel, and a right panel featuring delicate calligraphy beside a finely lined woman in flowing traditional robes."
track1_0200,scroll_album_paper_support,caption_content | support_surface_required | requested_text_policy,preserve_support_aspect | medium_texture_variation_allowed | viewpoint_variation_allowed,visible paper support | folds or ruled grid | album or scroll framing,scroll_or_album_paper_support,"[{""confidence"": 1.0, ""guard_notes"": [], ""guard_status"": ""rule"", ""height"": 1024, ""label"": ""square_artwork"", ""prompt_directive"": ""Use a balanced square artwork canvas only when the caption does not imply a poster, scroll, spread, or panel format."", ""reason"": """", ""source"": ""rule"", ""width"": 1024}]",aas_safe | reference_style | fid_diverse,"A Gongbi album leaf with elegant calligraphy, red seals, and a small muted painting of a blossoming branch and rocks on aged paper."
track1_0243,scroll_album_paper_support,caption_content | support_surface_required | requested_text_policy,preserve_support_aspect | medium_texture_variation_allowed | viewpoint_variation_allowed,visible paper support | folds or ruled grid | album or scroll framing,scroll_or_album_paper_support | painting_or_brushwork_surface,"[{""confidence"": 1.0, ""guard_notes"": [], ""guard_status"": ""rule"", ""height"": 1024, ""label"": ""square_artwork"", ""prompt_directive"": ""Use a balanced square artwork canvas only when the caption does not imply a poster, scroll, spread, or panel format."", ""reason"": """", ""source"": ""rule"", ""width"": 1024}]",aas_safe | reference_style | fid_diverse,"Ink and wash painting on an aged album leaf with elegant Chinese calligraphy beside a misty mountain-and-river landscape, sparse trees, and a small pavilion in delicate monochrome brushwork."
track1_0308,generic_artwork,caption_content | relation_logic,free_crop_allowed | aspect_variation_allowed | style_variation_allowed,caption-led subject | medium-appropriate composition | avoid batch template,propaganda_poster_print,"[{""confidence"": 1.0, ""guard_notes"": [], ""guard_status"": ""rule"", ""height"": 1024, ""label"": ""portrait_poster"", ""prompt_directive"": ""Use a portrait poster canvas; keep the full printed poster front-facing and avoid left/right overflow."", ""reason"": """", ""source"": ""rule"", ""width"": 768}]",aas_safe | reference_style | fid_diverse,"A Socialist Realism poster-style scene of a helmeted soldier with a rifle standing beside a historical military figure near a large cannon, rendered with bold outlines, vivid colors, and dramatic graphic composition."
track1_0363,scroll_album_paper_support,caption_content | support_surface_required | requested_text_policy,preserve_support_aspect | medium_texture_variation_allowed | viewpoint_variation_allowed,visible paper support | folds or ruled grid | album or scroll framing,scroll_or_album_paper_support,"[{""confidence"": 1.0, ""guard_notes"": [], ""guard_status"": ""rule"", ""height"": 1024, ""label"": ""square_artwork"", ""prompt_directive"": ""Use a balanced square artwork canvas only when the caption does not imply a poster, scroll, spread, or panel format."", ""reason"": """", ""source"": ""rule"", ""width"": 1024}]",aas_safe | reference_style | fid_diverse,"A Gongbi-style album leaf with delicate Chinese calligraphy, red collector seals, and a small finely outlined still life of gourds and leafy vines on aged beige paper."
track1_0368,scroll_album_paper_support,caption_content | support_surface_required | requested_text_policy,preserve_support_aspect | medium_texture_variation_allowed | viewpoint_variation_allowed,visible paper support | folds or ruled grid | album or scroll framing,scroll_or_album_paper_support | painting_or_brushwork_surface,"[{""confidence"": 1.0, ""guard_notes"": [], ""guard_status"": ""rule"", ""height"": 1024, ""label"": ""square_artwork"", ""prompt_directive"": ""Use a balanced square artwork canvas only when the caption does not imply a poster, scroll, spread, or panel format."", ""reason"": """", ""source"": ""rule"", ""width"": 1024}]",aas_safe | reference_style | fid_diverse,"Ink and wash painting of an album leaf with a calligraphy poem beside a muted bamboo landscape, rendered on aged paper with delicate brushwork and a calm, antique atmosphere."
track1_0426,scroll_album_paper_support,caption_content | support_surface_required | requested_text_policy,preserve_support_aspect | medium_texture_variation_allowed | viewpoint_variation_allowed,visible paper support | folds or ruled grid | album or scroll framing,scroll_or_album_paper_support | painting_or_brushwork_surface,"[{""confidence"": 1.0, ""guard_notes"": [], ""guard_status"": ""rule"", ""height"": 1024, ""label"": ""square_artwork"", ""prompt_directive"": ""Use a balanced square artwork canvas only when the caption does not imply a poster, scroll, spread, or panel format."", ""reason"": """", ""source"": ""rule"", ""width"": 1024}]",aas_safe | reference_style | fid_diverse,"Ink and wash painting of an antique album leaf with flowing Chinese calligraphy beside a misty rocky mountain landscape, rendered in soft monochrome brushwork and aged paper tones."
track1_0538,scroll_album_paper_support,caption_content | support_surface_required | requested_text_policy,preserve_support_aspect | medium_texture_variation_allowed | viewpoint_variation_allowed,visible paper support | folds or ruled grid | album or scroll framing,scroll_or_album_paper_support,"[{""confidence"": 1.0, ""guard_notes"": [], ""guard_status"": ""rule"", ""height"": 1024, ""label"": ""square_artwork"", ""prompt_directive"": ""Use a balanced square artwork canvas only when the caption does not imply a poster, scroll, spread, or panel format."", ""reason"": """", ""source"": ""rule"", ""width"": 1024}]",aas_safe | reference_style | fid_diverse,"A Gongbi album leaf with two circular panels, featuring flowing Chinese calligraphy on the left and a finely outlined white lotus with green leaves on a warm brown ground on the right, rendered with delicate linework and a muted palette."
track1_0580,scroll_album_paper_support,caption_content | support_surface_required | requested_text_policy,preserve_support_aspect | medium_texture_variation_allowed | viewpoint_variation_allowed,visible paper support | folds or ruled grid | album or scroll framing,scroll_or_album_paper_support,"[{""confidence"": 1.0, ""guard_notes"": [], ""guard_status"": ""rule"", ""height"": 1024, ""label"": ""square_artwork"", ""prompt_directive"": ""Use a balanced square artwork canvas only when the caption does not imply a poster, scroll, spread, or panel format."", ""reason"": """", ""source"": ""rule"", ""width"": 1024}]",aas_safe | reference_style | fid_diverse,"A Gongbi-style album leaf with elegant Chinese calligraphy beside a finely detailed courtyard scene of figures standing near a pavilion beneath a twisting pine tree, rendered with precise lines and muted earthy colors."
track1_0606,scroll_album_paper_support,caption_content | support_surface_required | requested_text_policy,preserve_support_aspect | medium_texture_variation_allowed | viewpoint_variation_allowed,visible paper support | folds or ruled grid | album or scroll framing,scroll_or_album_paper_support | painting_or_brushwork_surface,"[{""confidence"": 1.0, ""guard_notes"": [], ""guard_status"": ""rule"", ""height"": 1024, ""label"": ""square_artwork"", ""prompt_directive"": ""Use a balanced square artwork canvas only when the caption does not imply a poster, scroll, spread, or panel format."", ""reason"": """", ""source"": ""rule"", ""width"": 1024}]",aas_safe | reference_style | fid_diverse,"A Gongbi album leaf with vertical Chinese calligraphy beside a delicate landscape of trees, rooftops, misty hills, and a small robed figure walking under an umbrella in muted ink-and-gold tones."
track1_0627,scroll_album_paper_support,caption_content | support_surface_required | requested_text_policy,preserve_support_aspect | medium_texture_variation_allowed | viewpoint_variation_allowed,visible paper support | folds or ruled grid | album or scroll framing,scroll_or_album_paper_support | painting_or_brushwork_surface,"[{""confidence"": 1.0, ""guard_notes"": [], ""guard_status"": ""rule"", ""height"": 1024, ""label"": ""square_artwork"", ""prompt_directive"": ""Use a balanced square artwork canvas only when the caption does not imply a poster, scroll, spread, or panel format."", ""reason"": """", ""source"": ""rule"", ""width"": 1024}]",aas_safe | reference_style | fid_diverse,"A Gongbi-style album leaf with dense Chinese calligraphy beside a muted ink landscape of rocky mountains, trees, and a small seated figure, rendered with fine linework and a calm antique tone."
track1_0668,scroll_album_paper_support,caption_content | support_surface_required | requested_text_policy,preserve_support_aspect | medium_texture_variation_allowed | viewpoint_variation_allowed,battlefield depth | armored vehicle | mounted movement | infantry group,scroll_or_album_paper_support,"[{""confidence"": 1.0, ""guard_notes"": [], ""guard_status"": ""rule"", ""height"": 1024, ""label"": ""square_artwork"", ""prompt_directive"": ""Use a balanced square artwork canvas only when the caption does not imply a poster, scroll, spread, or panel format."", ""reason"": """", ""source"": ""rule"", ""width"": 1024}]",aas_safe | reference_style | fid_diverse,"A Gongbi-style mounted album leaf with delicate Chinese calligraphy, red seals, and a small dark-toned landscape scene on a pale silk-like background."
track1_0678,scroll_album_paper_support,caption_content | support_surface_required | requested_text_policy,preserve_support_aspect | medium_texture_variation_allowed | viewpoint_variation_allowed,visible paper support | folds or ruled grid | album or scroll framing,scroll_or_album_paper_support,"[{""confidence"": 1.0, ""guard_notes"": [], ""guard_status"": ""rule"", ""height"": 1024, ""label"": ""square_artwork"", ""prompt_directive"": ""Use a balanced square artwork canvas only when the caption does not imply a poster, scroll, spread, or panel format."", ""reason"": """", ""source"": ""rule"", ""width"": 1024}]",aas_safe | reference_style | fid_diverse,"A Gongbi album leaf with delicate calligraphy beside a finely outlined scene of two women at a table, rendered in soft muted colors within an ornate patterned border."
track1_0709,scroll_album_paper_support,caption_content | support_surface_required | requested_text_policy,preserve_support_aspect | medium_texture_variation_allowed | viewpoint_variation_allowed,visible paper support | folds or ruled grid | album or scroll framing,scroll_or_album_paper_support,"[{""confidence"": 1.0, ""guard_notes"": [], ""guard_status"": ""rule"", ""height"": 1024, ""label"": ""square_artwork"", ""prompt_directive"": ""Use a balanced square artwork canvas only when the caption does not imply a poster, scroll, spread, or panel format."", ""reason"": """", ""source"": ""rule"", ""width"": 1024}]",aas_safe | reference_style | fid_diverse,"A Gongbi album leaf with delicate Chinese calligraphy beside a finely outlined branch of lychee fruits and leaves on a warm brown panel, set within a pale patterned border."
track1_0718,scroll_album_paper_support,caption_content | support_surface_required | requested_text_policy,preserve_support_aspect | medium_texture_variation_allowed | viewpoint_variation_allowed,visible paper support | folds or ruled grid | album or scroll framing,scroll_or_album_paper_support,"[{""confidence"": 1.0, ""guard_notes"": [], ""guard_status"": ""rule"", ""height"": 1024, ""label"": ""square_artwork"", ""prompt_directive"": ""Use a balanced square artwork canvas only when the caption does not imply a poster, scroll, spread, or panel format."", ""reason"": """", ""source"": ""rule"", ""width"": 1024}]",aas_safe | reference_style | fid_diverse,"A Gongbi album leaf with vertical calligraphy beside a finely detailed pastoral landscape of small figures among green hills, trees, and a winding stream, rendered with delicate linework and soft muted colors."
track1_0720,scroll_album_paper_support,caption_content | support_surface_required | requested_text_policy,preserve_support_aspect | medium_texture_variation_allowed | viewpoint_variation_allowed,visible paper support | folds or ruled grid | album or scroll framing,scroll_or_album_paper_support | painting_or_brushwork_surface,"[{""confidence"": 1.0, ""guard_notes"": [], ""guard_status"": ""rule"", ""height"": 1024, ""label"": ""square_artwork"", ""prompt_directive"": ""Use a balanced square artwork canvas only when the caption does not imply a poster, scroll, spread, or panel format."", ""reason"": """", ""source"": ""rule"", ""width"": 1024}]",aas_safe | reference_style | fid_diverse,"Ink and wash painting on a pale album leaf with two round fan panels, one filled with elegant Chinese calligraphy and the other showing a serene misty mountain landscape with trees, water, and a small pavilion in soft monochrome brushwork."
track1_0743,scroll_album_paper_support,caption_content | support_surface_required | requested_text_policy,preserve_support_aspect | medium_texture_variation_allowed | viewpoint_variation_allowed,visible paper support | folds or ruled grid | album or scroll framing,scroll_or_album_paper_support | painting_or_brushwork_surface,"[{""confidence"": 1.0, ""guard_notes"": [], ""guard_status"": ""rule"", ""height"": 1024, ""label"": ""square_artwork"", ""prompt_directive"": ""Use a balanced square artwork canvas only when the caption does not imply a poster, scroll, spread, or panel format."", ""reason"": """", ""source"": ""rule"", ""width"": 1024}]",aas_safe | reference_style | fid_diverse,"Ink and wash painting of a traditional album leaf with Chinese calligraphy beside a muted landscape scene of a seated scholar near rocks, trees, and distant mountains, rendered with soft brushwork and a calm atmosphere."
track1_0775,scroll_album_paper_support,caption_content | support_surface_required | requested_text_policy,preserve_support_aspect | medium_texture_variation_allowed | viewpoint_variation_allowed,visible paper support | folds or ruled grid | album or scroll framing,scroll_or_album_paper_support,"[{""confidence"": 1.0, ""guard_notes"": [], ""guard_status"": ""rule"", ""height"": 1024, ""label"": ""square_artwork"", ""prompt_directive"": ""Use a balanced square artwork canvas only when the caption does not imply a poster, scroll, spread, or panel format."", ""reason"": """", ""source"": ""rule"", ""width"": 1024}]",aas_safe | reference_style | fid_diverse,"A Gongbi album leaf with elegant Chinese calligraphy, red seal impressions, and a muted palace landscape beside misty mountains on aged paper."
track1_0861,scroll_album_paper_support,caption_content | support_surface_required | requested_text_policy,preserve_support_aspect | medium_texture_variation_allowed | viewpoint_variation_allowed,visible paper support | folds or ruled grid | album or scroll framing,scroll_or_album_paper_support | painting_or_brushwork_surface,"[{""confidence"": 1.0, ""guard_notes"": [], ""guard_status"": ""rule"", ""height"": 1024, ""label"": ""square_artwork"", ""prompt_directive"": ""Use a balanced square artwork canvas only when the caption does not imply a poster, scroll, spread, or panel format."", ""reason"": """", ""source"": ""rule"", ""width"": 1024}]",aas_safe | reference_style | fid_diverse,"Ink and wash painting of a traditional Chinese album leaf with vertical calligraphy, red seal stamps, and a small muted bamboo-and-rock scene on aged beige paper."
track1_0904,scroll_album_paper_support,caption_content | support_surface_required | requested_text_policy,preserve_support_aspect | medium_texture_variation_allowed | viewpoint_variation_allowed,visible paper support | folds or ruled grid | album or scroll framing,scroll_or_album_paper_support,"[{""confidence"": 1.0, ""guard_notes"": [], ""guard_status"": ""rule"", ""height"": 1024, ""label"": ""square_artwork"", ""prompt_directive"": ""Use a balanced square artwork canvas only when the caption does not imply a poster, scroll, spread, or panel format."", ""reason"": """", ""source"": ""rule"", ""width"": 1024}]",aas_safe | reference_style | fid_diverse,"A Gongbi-style Chinese album leaf with elegant calligraphy panels, red seals, and a circular lotus pond painting rendered in fine lines and muted earthy colors."
track1_0946,scroll_album_paper_support,caption_content | support_surface_required | requested_text_policy,preserve_support_aspect | medium_texture_variation_allowed | viewpoint_variation_allowed,visible paper support | folds or ruled grid | album or scroll framing,scroll_or_album_paper_support | painting_or_brushwork_surface,"[{""confidence"": 1.0, ""guard_notes"": [], ""guard_status"": ""rule"", ""height"": 1024, ""label"": ""square_artwork"", ""prompt_directive"": ""Use a balanced square artwork canvas only when the caption does not imply a poster, scroll, spread, or panel format."", ""reason"": """", ""source"": ""rule"", ""width"": 1024}]",aas_safe | reference_style | fid_diverse,"A Gongbi album leaf with vertical Chinese calligraphy beside a muted brown ink painting of birds perched among sparse branches, rendered with fine lines and a calm, antique atmosphere."
track1_0996,scroll_album_paper_support,caption_content | support_surface_required | requested_text_policy,preserve_support_aspect | medium_texture_variation_allowed | viewpoint_variation_allowed,visible paper support | folds or ruled grid | album or scroll framing,scroll_or_album_paper_support,"[{""confidence"": 1.0, ""guard_notes"": [], ""guard_status"": ""rule"", ""height"": 1024, ""label"": ""square_artwork"", ""prompt_directive"": ""Use a balanced square artwork canvas only when the caption does not imply a poster, scroll, spread, or panel format."", ""reason"": """", ""source"": ""rule"", ""width"": 1024}]",aas_safe | reference_style | fid_diverse,"A Gongbi album leaf with vertical Chinese calligraphy beside a finely detailed scene of a robed scholar standing in a pavilion beneath twisted pine trees, rendered with precise linework and muted earthy colors."
track1_0044,generic_artwork,caption_content | relation_logic,free_crop_allowed | aspect_variation_allowed | style_variation_allowed,caption-led subject | medium-appropriate composition | avoid batch template,generic_artwork_surface,"[{""confidence"": 1.0, ""guard_notes"": [], ""guard_status"": ""rule"", ""height"": 1024, ""label"": ""square_artwork"", ""prompt_directive"": ""Use a balanced square artwork canvas only when the caption does not imply a poster, scroll, spread, or panel format."", ""reason"": """", ""source"": ""rule"", ""width"": 1024}]",aas_safe | reference_style | fid_diverse,"An Early Renaissance panel painting of a solemn flagellation scene, with a bound central figure at a column surrounded by tormentors holding switches, set against a cracked gold ground with delicate linework and muted earthy colors."
track1_0528,scroll_album_paper_support,caption_content | support_surface_required | requested_text_policy,preserve_support_aspect | medium_texture_variation_allowed | viewpoint_variation_allowed,visible paper support | folds or ruled grid | album or scroll framing,scroll_or_album_paper_support | painting_or_brushwork_surface,"[{""confidence"": 1.0, ""guard_notes"": [], ""guard_status"": ""rule"", ""height"": 1024, ""label"": ""square_artwork"", ""prompt_directive"": ""Use a balanced square artwork canvas only when the caption does not imply a poster, scroll, spread, or panel format."", ""reason"": """", ""source"": ""rule"", ""width"": 1024}]",aas_safe | reference_style | fid_diverse,"Ink and wash painting of three fan-shaped mountain landscapes arranged vertically on a pale textured scroll, with delicate brushwork, muted tones, trees, ridges, and small calligraphy inscriptions."
track1_0795,scroll_album_paper_support,caption_content | support_surface_required | requested_text_policy,preserve_support_aspect | medium_texture_variation_allowed | viewpoint_variation_allowed,visible paper support | folds or ruled grid | album or scroll framing,scroll_or_album_paper_support | painting_or_brushwork_surface,"[{""confidence"": 1.0, ""guard_notes"": [], ""guard_status"": ""rule"", ""height"": 1024, ""label"": ""square_artwork"", ""prompt_directive"": ""Use a balanced square artwork canvas only when the caption does not imply a poster, scroll, spread, or panel format."", ""reason"": """", ""source"": ""rule"", ""width"": 1024}]",aas_safe | reference_style | fid_diverse,"Ink and wash painting of three vertically arranged mountainous landscape studies on a scroll, with delicate brushwork, muted sepia tones, trees, rocky cliffs, calligraphy, and red seals."
track1_0509,generic_artwork,caption_content | requested_text_policy | relation_logic,free_crop_allowed | aspect_variation_allowed | style_variation_allowed,caption-led subject | medium-appropriate composition | avoid batch template,painting_or_brushwork_surface,"[{""confidence"": 1.0, ""guard_notes"": [], ""guard_status"": ""rule"", ""height"": 1024, ""label"": ""square_artwork"", ""prompt_directive"": ""Use a balanced square artwork canvas only when the caption does not imply a poster, scroll, spread, or panel format."", ""reason"": """", ""source"": ""rule"", ""width"": 1024}]",aas_safe | reference_style | fid_diverse,"Ink and wash painting of two fan-shaped monochrome landscape studies on aged paper, featuring misty mountains, trees, calligraphy, and a rural scene with small figures and a horse rendered in delicate brushwork."
track1_0599,generic_artwork,caption_content | relation_logic,free_crop_allowed | aspect_variation_allowed | style_variation_allowed,caption-led subject | medium-appropriate composition | avoid batch template,generic_artwork_surface,"[{""confidence"": 1.0, ""guard_notes"": [], ""guard_status"": ""rule"", ""height"": 1024, ""label"": ""square_artwork"", ""prompt_directive"": ""Use a balanced square artwork canvas only when the caption does not imply a poster, scroll, spread, or panel format."", ""reason"": """", ""source"": ""rule"", ""width"": 1024}]",aas_safe | reference_style | fid_diverse,"A Baroque scene of a chained elderly man leaning against a young woman in vivid red drapery inside a dim prison cell, with a guard at a barred window and dramatic chiaroscuro lighting."
track1_0812,generic_artwork,caption_content | relation_logic,free_crop_allowed | aspect_variation_allowed | style_variation_allowed,caption-led subject | medium-appropriate composition | avoid batch template,generic_artwork_surface,"[{""confidence"": 1.0, ""guard_notes"": [], ""guard_status"": ""rule"", ""height"": 1024, ""label"": ""square_artwork"", ""prompt_directive"": ""Use a balanced square artwork canvas only when the caption does not imply a poster, scroll, spread, or panel format."", ""reason"": """", ""source"": ""rule"", ""width"": 1024}]",aas_safe | reference_style | fid_diverse,"Ukiyo-e scene of a woman holding a patterned parasol beside a child riding a small toy horse near a pink wooden building, with delicate linework, muted colors, and a calm spring atmosphere."
track1_0857,battle_tank_cavalry,caption_content | relation_logic,free_crop_allowed | aspect_variation_allowed | style_variation_allowed,battlefield depth | armored vehicle | mounted movement | infantry group,generic_artwork_surface,"[{""confidence"": 1.0, ""guard_notes"": [], ""guard_status"": ""rule"", ""height"": 1024, ""label"": ""square_artwork"", ""prompt_directive"": ""Use a balanced square artwork canvas only when the caption does not imply a poster, scroll, spread, or panel format."", ""reason"": """", ""source"": ""rule"", ""width"": 1024}]",aas_safe | reference_style | fid_diverse,"An Early Renaissance solemn religious procession with a robed figure carrying a large wooden cross through a crowded hillside road, surrounded by soldiers, horsemen, and onlookers before a detailed walled city and distant blue-green hills."
track1_0916,generic_artwork,caption_content,free_crop_allowed | aspect_variation_allowed | style_variation_allowed,caption-led subject | medium-appropriate composition | avoid batch template,propaganda_poster_print,"[{""confidence"": 1.0, ""guard_notes"": [], ""guard_status"": ""rule"", ""height"": 1024, ""label"": ""portrait_poster"", ""prompt_directive"": ""Use a portrait poster canvas; keep the full printed poster front-facing and avoid left/right overflow."", ""reason"": """", ""source"": ""rule"", ""width"": 768}]",aas_safe | reference_style | fid_diverse,"Abstract geometric poster composition with bold black outlines, yellow and off-white panels, diagonal blue and black hatching, and vertical Roy Lichtenstein typography along the right side."
track1_0102,scroll_album_paper_support,caption_content | support_surface_required | requested_text_policy,preserve_support_aspect | medium_texture_variation_allowed | viewpoint_variation_allowed,caption-led subject | medium-appropriate composition | avoid batch template,generic_artwork_surface,"[{""confidence"": 1.0, ""guard_notes"": [], ""guard_status"": ""rule"", ""height"": 640, ""label"": ""horizontal_scroll"", ""prompt_directive"": ""Use a wide horizontal scroll canvas; keep the artwork support visible without external presentation space."", ""reason"": """", ""source"": ""rule"", ""width"": 1024}]",aas_safe | reference_style | fid_diverse,"A Gongbi handscroll scene with delicate linework and muted silk tones, featuring calligraphy beside an ancient procession of riders and attendants beneath pine trees in a calm mountainous landscape."
track1_0299,scroll_album_paper_support,caption_content | support_surface_required | requested_text_policy,preserve_support_aspect | medium_texture_variation_allowed | viewpoint_variation_allowed,caption-led subject | medium-appropriate composition | avoid batch template,painting_or_brushwork_surface,"[{""confidence"": 1.0, ""guard_notes"": [], ""guard_status"": ""rule"", ""height"": 640, ""label"": ""horizontal_scroll"", ""prompt_directive"": ""Use a wide horizontal scroll canvas; keep the artwork support visible without external presentation space."", ""reason"": """", ""source"": ""rule"", ""width"": 1024}]",aas_safe | reference_style | fid_diverse,"Ink and wash painting of a traditional Chinese handscroll with elegant vertical calligraphy on warm golden paper, red seal stamps, and a faint monochrome landscape along the left margin."
track1_0278,generic_artwork,caption_content | relation_logic,free_crop_allowed | aspect_variation_allowed | style_variation_allowed,caption-led subject | medium-appropriate composition | avoid batch template,generic_artwork_surface,"[{""confidence"": 1.0, ""guard_notes"": [], ""guard_status"": ""rule"", ""height"": 1024, ""label"": ""square_artwork"", ""prompt_directive"": ""Use a balanced square artwork canvas only when the caption does not imply a poster, scroll, spread, or panel format."", ""reason"": """", ""source"": ""rule"", ""width"": 1024}]",aas_safe | reference_style | fid_diverse,"An Early Renaissance Annunciation scene in a paneled interior, with a winged angel holding a staff before a haloed woman in dark blue beside an open book, a glowing dove above, tiled floors, rich drapery, and solemn refined lighting."
track1_0467,generic_artwork,caption_content | relation_logic,free_crop_allowed | aspect_variation_allowed | style_variation_allowed,caption-led subject | medium-appropriate composition | avoid batch template,generic_artwork_surface,"[{""confidence"": 1.0, ""guard_notes"": [], ""guard_status"": ""rule"", ""height"": 1024, ""label"": ""square_artwork"", ""prompt_directive"": ""Use a balanced square artwork canvas only when the caption does not imply a poster, scroll, spread, or panel format."", ""reason"": """", ""source"": ""rule"", ""width"": 1024}]",aas_safe | reference_style | fid_diverse,"An Early Renaissance devotional scene of the Madonna holding the Christ child in a lush landscape with a fountain, lake, distant buildings, rocky hills, and small pastoral figures, rendered with delicate detail, muted colors, and a serene atmosphere."
track1_0608,generic_artwork,caption_content | relation_logic,free_crop_allowed | aspect_variation_allowed | style_variation_allowed,caption-led subject | medium-appropriate composition | avoid batch template,generic_artwork_surface,"[{""confidence"": 1.0, ""guard_notes"": [], ""guard_status"": ""rule"", ""height"": 1024, ""label"": ""square_artwork"", ""prompt_directive"": ""Use a balanced square artwork canvas only when the caption does not imply a poster, scroll, spread, or panel format."", ""reason"": """", ""source"": ""rule"", ""width"": 1024}]",aas_safe | reference_style | fid_diverse,"Ukiyo-e woodblock print of elegantly dressed Japanese figures in patterned kimonos by a doorway, with a seated man holding a sword, a garden landscape beyond, fine linework, muted colors, and a calm theatrical atmosphere."
track1_0683,generic_artwork,caption_content | relation_logic,free_crop_allowed | aspect_variation_allowed | style_variation_allowed,caption-led subject | medium-appropriate composition | avoid batch template,generic_artwork_surface,"[{""confidence"": 1.0, ""guard_notes"": [], ""guard_status"": ""rule"", ""height"": 1024, ""label"": ""square_artwork"", ""prompt_directive"": ""Use a balanced square artwork canvas only when the caption does not imply a poster, scroll, spread, or panel format."", ""reason"": """", ""source"": ""rule"", ""width"": 1024}]",aas_safe | reference_style | fid_diverse,"An Early Renaissance diptych-style religious court scene with richly robed saints and noble figures beneath arched architecture, kneeling monks holding crosses in the foreground, patterned tapestries, tiled floors, a garden edge, and a small dog, rendered with crisp linework and a jewel-toned palette."
track1_0004,generic_artwork,caption_content | requested_text_policy | relation_logic,free_crop_allowed | aspect_variation_allowed | style_variation_allowed,caption-led subject | medium-appropriate composition | avoid batch template,generic_artwork_surface,"[{""confidence"": 1.0, ""guard_notes"": [], ""guard_status"": ""rule"", ""height"": 1024, ""label"": ""square_artwork"", ""prompt_directive"": ""Use a balanced square artwork canvas only when the caption does not imply a poster, scroll, spread, or panel format."", ""reason"": """", ""source"": ""rule"", ""width"": 1024}]",aas_safe | reference_style | fid_diverse,"A Ukiyo-e style portrait of a standing figure in layered traditional robes holding a patterned basket beside an inscribed post and leafy branches, with muted earthy colors and delicate linework."
track1_0175,scroll_album_paper_support,caption_content | support_surface_required | requested_text_policy,preserve_support_aspect | medium_texture_variation_allowed | viewpoint_variation_allowed,visible paper support | folds or ruled grid | album or scroll framing,scroll_or_album_paper_support | painting_or_brushwork_surface,"[{""confidence"": 1.0, ""guard_notes"": [], ""guard_status"": ""rule"", ""height"": 1024, ""label"": ""square_artwork"", ""prompt_directive"": ""Use a balanced square artwork canvas only when the caption does not imply a poster, scroll, spread, or panel format."", ""reason"": """", ""source"": ""rule"", ""width"": 1024}]",aas_safe | reference_style | fid_diverse,"Ink and wash painting of slender bamboo stalks and pointed leaves on a vertical cream paper scroll, with expressive black brushwork, calligraphy, and small red seals."
track1_0275,scroll_album_paper_support,caption_content | support_surface_required | requested_text_policy,preserve_support_aspect | medium_texture_variation_allowed | viewpoint_variation_allowed,visible paper support | folds or ruled grid | album or scroll framing,scroll_or_album_paper_support,"[{""confidence"": 1.0, ""guard_notes"": [], ""guard_status"": ""rule"", ""height"": 1024, ""label"": ""square_artwork"", ""prompt_directive"": ""Use a balanced square artwork canvas only when the caption does not imply a poster, scroll, spread, or panel format."", ""reason"": """", ""source"": ""rule"", ""width"": 1024}]",aas_safe | reference_style | fid_diverse,"A Gongbi painting of a fan-shaped floral composition with red, purple, and pale yellow blossoms beside vertical calligraphy on a cream scroll, rendered with delicate fine lines and muted colors."
track1_0501,generic_artwork,caption_content | requested_text_policy | relation_logic,free_crop_allowed | aspect_variation_allowed | style_variation_allowed,caption-led subject | medium-appropriate composition | avoid batch template,generic_artwork_surface,"[{""confidence"": 1.0, ""guard_notes"": [], ""guard_status"": ""rule"", ""height"": 1024, ""label"": ""square_artwork"", ""prompt_directive"": ""Use a balanced square artwork canvas only when the caption does not imply a poster, scroll, spread, or panel format."", ""reason"": """", ""source"": ""rule"", ""width"": 1024}]",aas_safe | reference_style | fid_diverse,"Ukiyo-e woodblock print of small birds flying and perching among pink blossoms and dark green leaves, with delicate linework, muted colors, and vertical calligraphy on a calm beige background."
track1_0808,generic_artwork,caption_content | requested_text_policy | relation_logic,free_crop_allowed | aspect_variation_allowed | style_variation_allowed,caption-led subject | medium-appropriate composition | avoid batch template,generic_artwork_surface,"[{""confidence"": 1.0, ""guard_notes"": [], ""guard_status"": ""rule"", ""height"": 1024, ""label"": ""square_artwork"", ""prompt_directive"": ""Use a balanced square artwork canvas only when the caption does not imply a poster, scroll, spread, or panel format."", ""reason"": """", ""source"": ""rule"", ""width"": 1024}]",aas_safe | reference_style | fid_diverse,"Ukiyo-e woodblock print of a blue fish suspended above a dark crab with raised claws, accompanied by trailing vine leaves and Japanese calligraphy on a muted beige and blue background."
track1_0069,generic_artwork,caption_content | relation_logic,free_crop_allowed | aspect_variation_allowed | style_variation_allowed,caption-led subject | medium-appropriate composition | avoid batch template,generic_artwork_surface,"[{""confidence"": 1.0, ""guard_notes"": [], ""guard_status"": ""rule"", ""height"": 1024, ""label"": ""square_artwork"", ""prompt_directive"": ""Use a balanced square artwork canvas only when the caption does not imply a poster, scroll, spread, or panel format."", ""reason"": """", ""source"": ""rule"", ""width"": 1024}]",aas_safe | reference_style | fid_diverse,"A serene Early Renaissance painting of a seated mother in a dark cloak holding a nearly nude child, set before lush trees, distant hills, a river, and a soft blue sky with delicate linear detail and a muted natural palette."
track1_0097,generic_artwork,caption_content | relation_logic,free_crop_allowed | aspect_variation_allowed | style_variation_allowed,caption-led subject | medium-appropriate composition | avoid batch template,generic_artwork_surface,"[{""confidence"": 1.0, ""guard_notes"": [], ""guard_status"": ""rule"", ""height"": 1024, ""label"": ""square_artwork"", ""prompt_directive"": ""Use a balanced square artwork canvas only when the caption does not imply a poster, scroll, spread, or panel format."", ""reason"": """", ""source"": ""rule"", ""width"": 1024}]",aas_safe | reference_style | fid_diverse,"High Renaissance painting of a nearly nude bound male figure standing before a stone column, surrounded by men holding rods and spears beneath arched architecture, with muted colors, dramatic light and shadow, and a solemn tense atmosphere."
track1_0146,generic_artwork,caption_content | relation_logic,free_crop_allowed | aspect_variation_allowed | style_variation_allowed,caption-led subject | medium-appropriate composition | avoid batch template,generic_artwork_surface,"[{""confidence"": 1.0, ""guard_notes"": [], ""guard_status"": ""rule"", ""height"": 1024, ""label"": ""square_artwork"", ""prompt_directive"": ""Use a balanced square artwork canvas only when the caption does not imply a poster, scroll, spread, or panel format."", ""reason"": """", ""source"": ""rule"", ""width"": 1024}]",aas_safe | reference_style | fid_diverse,"A High Renaissance devotional scene of a seated Madonna holding the infant Christ, flanked by saintly figures beneath classical arches with small angels, distant landscape, rich blue and red drapery, and delicate light and shadow."
track1_0226,generic_artwork,caption_content | relation_logic,free_crop_allowed | aspect_variation_allowed | style_variation_allowed,caption-led subject | medium-appropriate composition | avoid batch template,generic_artwork_surface,"[{""confidence"": 1.0, ""guard_notes"": [], ""guard_status"": ""rule"", ""height"": 1024, ""label"": ""square_artwork"", ""prompt_directive"": ""Use a balanced square artwork canvas only when the caption does not imply a poster, scroll, spread, or panel format."", ""reason"": """", ""source"": ""rule"", ""width"": 1024}]",aas_safe | reference_style | fid_diverse,"A Baroque pastoral scene with a seated woman in pink and white drapery holding a staff, a child beside her, two figures leaning over a stone wall, a dog and a white swan near dark water, rendered with dramatic chiaroscuro and warm earthy tones."
track1_0282,generic_artwork,caption_content | relation_logic,free_crop_allowed | aspect_variation_allowed | style_variation_allowed,caption-led subject | medium-appropriate composition | avoid batch template,generic_artwork_surface,"[{""confidence"": 1.0, ""guard_notes"": [], ""guard_status"": ""rule"", ""height"": 1024, ""label"": ""square_artwork"", ""prompt_directive"": ""Use a balanced square artwork canvas only when the caption does not imply a poster, scroll, spread, or panel format."", ""reason"": """", ""source"": ""rule"", ""width"": 1024}]",aas_safe | reference_style | fid_diverse,"A Mannerism (Late Renaissance) painting of a seated haloed woman holding a nude child and a cluster of grapes, set before a detailed rocky landscape with a village, river valley, tall tree, and dramatic clouded sky."
track1_0378,generic_artwork,caption_content | relation_logic,free_crop_allowed | aspect_variation_allowed | style_variation_allowed,caption-led subject | medium-appropriate composition | avoid batch template,generic_artwork_surface,"[{""confidence"": 1.0, ""guard_notes"": [], ""guard_status"": ""rule"", ""height"": 1024, ""label"": ""square_artwork"", ""prompt_directive"": ""Use a balanced square artwork canvas only when the caption does not imply a poster, scroll, spread, or panel format."", ""reason"": """", ""source"": ""rule"", ""width"": 1024}]",aas_safe | reference_style | fid_diverse,"A Baroque scene of a kneeling friar in a brown robe holding a crucifix amid rocks, foliage, a skull, and a stormy sky, with dramatic chiaroscuro lighting and a solemn mood."
track1_0475,generic_artwork,caption_content | relation_logic,free_crop_allowed | aspect_variation_allowed | style_variation_allowed,caption-led subject | medium-appropriate composition | avoid batch template,generic_artwork_surface,"[{""confidence"": 1.0, ""guard_notes"": [], ""guard_status"": ""rule"", ""height"": 1024, ""label"": ""square_artwork"", ""prompt_directive"": ""Use a balanced square artwork canvas only when the caption does not imply a poster, scroll, spread, or panel format."", ""reason"": """", ""source"": ""rule"", ""width"": 1024}]",aas_safe | reference_style | fid_diverse,"An Early Renaissance devotional interior with a kneeling robed figure holding a staff before a haloed figure reading from an open book at a wooden lectern, set within a richly detailed chamber of timber beams, tiled floor, muted colors, and gilded accents."
track1_0558,generic_artwork,caption_content | relation_logic,free_crop_allowed | aspect_variation_allowed | style_variation_allowed,caption-led subject | medium-appropriate composition | avoid batch template,generic_artwork_surface,"[{""confidence"": 1.0, ""guard_notes"": [], ""guard_status"": ""rule"", ""height"": 1024, ""label"": ""square_artwork"", ""prompt_directive"": ""Use a balanced square artwork canvas only when the caption does not imply a poster, scroll, spread, or panel format."", ""reason"": """", ""source"": ""rule"", ""width"": 1024}]",aas_safe | reference_style | fid_diverse,"Ukiyo-e portrait of a standing warrior or kabuki actor beneath a pine tree, holding a parasol and sword, with fine linework, muted colors, and an aged paper texture."
track1_0568,generic_artwork,caption_content | relation_logic,free_crop_allowed | aspect_variation_allowed | style_variation_allowed,caption-led subject | medium-appropriate composition | avoid batch template,generic_artwork_surface,"[{""confidence"": 1.0, ""guard_notes"": [], ""guard_status"": ""rule"", ""height"": 1024, ""label"": ""square_artwork"", ""prompt_directive"": ""Use a balanced square artwork canvas only when the caption does not imply a poster, scroll, spread, or panel format."", ""reason"": """", ""source"": ""rule"", ""width"": 1024}]",aas_safe | reference_style | fid_diverse,"An Early Renaissance devotional scene of a robed mother holding an infant within an ornate Gothic architectural niche, framed by pale stone tracery, small statues, a blue-and-gold brocade backdrop, and a solemn red mantle."
track1_0751,generic_artwork,caption_content | relation_logic,free_crop_allowed | aspect_variation_allowed | style_variation_allowed,caption-led subject | medium-appropriate composition | avoid batch template,generic_artwork_surface,"[{""confidence"": 1.0, ""guard_notes"": [], ""guard_status"": ""rule"", ""height"": 1024, ""label"": ""square_artwork"", ""prompt_directive"": ""Use a balanced square artwork canvas only when the caption does not imply a poster, scroll, spread, or panel format."", ""reason"": """", ""source"": ""rule"", ""width"": 1024}]",aas_safe | reference_style | fid_diverse,"An Early Renaissance devotional portrait of a robed woman holding a nude infant, set before an ornate patterned textile and a small window landscape, with rich red and green drapery, fine linear detail, and warm subdued lighting."
track1_0765,generic_artwork,caption_content | relation_logic,free_crop_allowed | aspect_variation_allowed | style_variation_allowed,caption-led subject | medium-appropriate composition | avoid batch template,generic_artwork_surface,"[{""confidence"": 1.0, ""guard_notes"": [], ""guard_status"": ""rule"", ""height"": 1024, ""label"": ""square_artwork"", ""prompt_directive"": ""Use a balanced square artwork canvas only when the caption does not imply a poster, scroll, spread, or panel format."", ""reason"": """", ""source"": ""rule"", ""width"": 1024}]",aas_safe | reference_style | fid_diverse,"A Baroque nocturnal scene of witches gathered around a glowing cauldron in a dark forest, with a flying skeleton holding an hourglass above them, dramatic chiaroscuro, warm firelight, and a mysterious atmosphere."
track1_0936,generic_artwork,caption_content | relation_logic,free_crop_allowed | aspect_variation_allowed | style_variation_allowed,caption-led subject | medium-appropriate composition | avoid batch template,generic_artwork_surface,"[{""confidence"": 1.0, ""guard_notes"": [], ""guard_status"": ""rule"", ""height"": 1024, ""label"": ""square_artwork"", ""prompt_directive"": ""Use a balanced square artwork canvas only when the caption does not imply a poster, scroll, spread, or panel format."", ""reason"": """", ""source"": ""rule"", ""width"": 1024}]",aas_safe | reference_style | fid_diverse,"A Baroque circular scene of a wild-haired witch holding a broom beside a large owl, skulls, and dead creatures in a rocky landscape, with dramatic light and shadow and a tense, mysterious atmosphere."
track1_0941,generic_artwork,caption_content | relation_logic,free_crop_allowed | aspect_variation_allowed | style_variation_allowed,caption-led subject | medium-appropriate composition | avoid batch template,generic_artwork_surface,"[{""confidence"": 1.0, ""guard_notes"": [], ""guard_status"": ""rule"", ""height"": 1024, ""label"": ""square_artwork"", ""prompt_directive"": ""Use a balanced square artwork canvas only when the caption does not imply a poster, scroll, spread, or panel format."", ""reason"": """", ""source"": ""rule"", ""width"": 1024}]",aas_safe | reference_style | fid_diverse,"Ukiyo-e scene of elegantly dressed figures on a rocky shoreline beside calm water, with one seated holding a pipe, another carrying a long fishing rod, and a standing woman in a wide hat against distant mountains and muted, delicate linework."
track1_0974,generic_artwork,caption_content | relation_logic,free_crop_allowed | aspect_variation_allowed | style_variation_allowed,caption-led subject | medium-appropriate composition | avoid batch template,generic_artwork_surface,"[{""confidence"": 1.0, ""guard_notes"": [], ""guard_status"": ""rule"", ""height"": 1024, ""label"": ""square_artwork"", ""prompt_directive"": ""Use a balanced square artwork canvas only when the caption does not imply a poster, scroll, spread, or panel format."", ""reason"": """", ""source"": ""rule"", ""width"": 1024}]",aas_safe | reference_style | fid_diverse,"An Early Renaissance devotional panel of a veiled woman in a red cloak holding a nude infant beneath an arched opening, with a distant green landscape, ornate gilded frame, fine linear detailing, and a solemn sacred atmosphere."
track1_0570,scroll_album_paper_support,caption_content | support_surface_required,preserve_support_aspect | medium_texture_variation_allowed | viewpoint_variation_allowed,visible paper support | folds or ruled grid | album or scroll framing,scroll_or_album_paper_support | painting_or_brushwork_surface,"[{""confidence"": 1.0, ""guard_notes"": [], ""guard_status"": ""rule"", ""height"": 1024, ""label"": ""vertical_scroll"", ""prompt_directive"": ""Use a tall vertical scroll canvas with visible mounting/support; avoid cropping to only the inner painting."", ""reason"": """", ""source"": ""rule"", ""width"": 682}]",aas_safe | reference_style | fid_diverse,"A Gongbi-style vertical scroll with delicate ink linework on warm brown silk, featuring flowering branches, bamboo, rugged rocks, small birds, and deer resting near a quiet water bank in a serene natural scene."
track1_0021,generic_artwork,caption_content | requested_text_policy,free_crop_allowed | aspect_variation_allowed | style_variation_allowed,caption-led subject | medium-appropriate composition | avoid batch template,painting_or_brushwork_surface,"[{""confidence"": 1.0, ""guard_notes"": [], ""guard_status"": ""rule"", ""height"": 1024, ""label"": ""square_artwork"", ""prompt_directive"": ""Use a balanced square artwork canvas only when the caption does not imply a poster, scroll, spread, or panel format."", ""reason"": """", ""source"": ""rule"", ""width"": 1024}]",aas_safe | reference_style | fid_diverse,"Ink and wash painting of two fan-shaped landscape compositions on a pale mounting sheet, with misty mountains, clustered trees, small riverside details, calligraphy inscriptions, and delicate sepia-toned brushwork."
track1_0105,generic_artwork,caption_content | requested_text_policy,free_crop_allowed | aspect_variation_allowed | style_variation_allowed,caption-led subject | medium-appropriate composition | avoid batch template,painting_or_brushwork_surface,"[{""confidence"": 1.0, ""guard_notes"": [], ""guard_status"": ""rule"", ""height"": 1024, ""label"": ""square_artwork"", ""prompt_directive"": ""Use a balanced square artwork canvas only when the caption does not imply a poster, scroll, spread, or panel format."", ""reason"": """", ""source"": ""rule"", ""width"": 1024}]",aas_safe | reference_style | fid_diverse,"Ink and wash painting of a serene mountainous river landscape with calligraphy and red seals, featuring misty hills, trees, small boats, bridges, and riverside pavilions in delicate monochrome brushwork."
track1_0112,generic_artwork,caption_content | requested_text_policy,free_crop_allowed | aspect_variation_allowed | style_variation_allowed,caption-led subject | medium-appropriate composition | avoid batch template,painting_or_brushwork_surface,"[{""confidence"": 1.0, ""guard_notes"": [], ""guard_status"": ""rule"", ""height"": 1024, ""label"": ""square_artwork"", ""prompt_directive"": ""Use a balanced square artwork canvas only when the caption does not imply a poster, scroll, spread, or panel format."", ""reason"": """", ""source"": ""rule"", ""width"": 1024}]",aas_safe | reference_style | fid_diverse,"A Gongbi painting of blooming chrysanthemums in pink, white, and orange on a pale silk-like background, with fine detailed brushwork, delicate leaves, and a vertical calligraphy inscription."
track1_0132,generic_artwork,caption_content | requested_text_policy,free_crop_allowed | aspect_variation_allowed | style_variation_allowed,caption-led subject | medium-appropriate composition | avoid batch template,generic_artwork_surface,"[{""confidence"": 1.0, ""guard_notes"": [], ""guard_status"": ""rule"", ""height"": 1024, ""label"": ""square_artwork"", ""prompt_directive"": ""Use a balanced square artwork canvas only when the caption does not imply a poster, scroll, spread, or panel format."", ""reason"": """", ""source"": ""rule"", ""width"": 1024}]",aas_safe | reference_style | fid_diverse,"A Ukiyo-e scene of boatmen navigating small wooden boats beneath tall bridge supports, with blue water, a red lantern, distant Mount Fuji, and delicate calligraphy in a calm, flat-color composition."
track1_0135,generic_artwork,caption_content | requested_text_policy,free_crop_allowed | aspect_variation_allowed | style_variation_allowed,caption-led subject | medium-appropriate composition | avoid batch template,painting_or_brushwork_surface,"[{""confidence"": 1.0, ""guard_notes"": [], ""guard_status"": ""rule"", ""height"": 1024, ""label"": ""square_artwork"", ""prompt_directive"": ""Use a balanced square artwork canvas only when the caption does not imply a poster, scroll, spread, or panel format."", ""reason"": """", ""source"": ""rule"", ""width"": 1024}]",aas_safe | reference_style | fid_diverse,"Ink and wash painting of a serene vertical mountain landscape with misty peaks, sparse trees, small riverside huts and boats, delicate brushwork, calligraphy, and red seal marks on aged paper."
track1_0144,generic_artwork,caption_content | requested_text_policy,free_crop_allowed | aspect_variation_allowed | style_variation_allowed,caption-led subject | medium-appropriate composition | avoid batch template,painting_or_brushwork_surface,"[{""confidence"": 1.0, ""guard_notes"": [], ""guard_status"": ""rule"", ""height"": 1024, ""label"": ""square_artwork"", ""prompt_directive"": ""Use a balanced square artwork canvas only when the caption does not imply a poster, scroll, spread, or panel format."", ""reason"": """", ""source"": ""rule"", ""width"": 1024}]",aas_safe | reference_style | fid_diverse,"A Gongbi painting of robed figures beneath a large leafy tree, with a red-clad central figure, attendants, and two small warriors amid swirling cloud-like forms, rendered with fine ink lines, muted colors, calligraphy, and seals."
track1_0155,scroll_album_paper_support,caption_content | support_surface_required | requested_text_policy,preserve_support_aspect | medium_texture_variation_allowed | viewpoint_variation_allowed,visible paper support | folds or ruled grid | album or scroll framing,scroll_or_album_paper_support | painting_or_brushwork_surface,"[{""confidence"": 1.0, ""guard_notes"": [], ""guard_status"": ""rule"", ""height"": 768, ""label"": ""album_spread"", ""prompt_directive"": ""Use a landscape album-spread canvas; keep the page structure visible and front-facing."", ""reason"": """", ""source"": ""rule"", ""width"": 1024}]",aas_safe | reference_style | fid_diverse,"Ink and wash painting of an open album page with elegant Chinese calligraphy, red seals, and a small muted landscape scene of trees, rocks, and misty mountains on aged paper."
track1_0156,generic_artwork,caption_content | requested_text_policy,free_crop_allowed | aspect_variation_allowed | style_variation_allowed,caption-led subject | medium-appropriate composition | avoid batch template,painting_or_brushwork_surface,"[{""confidence"": 1.0, ""guard_notes"": [], ""guard_status"": ""rule"", ""height"": 1024, ""label"": ""square_artwork"", ""prompt_directive"": ""Use a balanced square artwork canvas only when the caption does not imply a poster, scroll, spread, or panel format."", ""reason"": """", ""source"": ""rule"", ""width"": 1024}]",aas_safe | reference_style | fid_diverse,"Ink and wash painting of a fan-shaped monochrome landscape with soft gray brushwork, bamboo groves, distant hills, a quiet riverside path, small figures, and calligraphy on warm beige paper."
track1_0173,generic_artwork,caption_content | requested_text_policy,free_crop_allowed | aspect_variation_allowed | style_variation_allowed,caption-led subject | medium-appropriate composition | avoid batch template,painting_or_brushwork_surface,"[{""confidence"": 1.0, ""guard_notes"": [], ""guard_status"": ""rule"", ""height"": 1024, ""label"": ""square_artwork"", ""prompt_directive"": ""Use a balanced square artwork canvas only when the caption does not imply a poster, scroll, spread, or panel format."", ""reason"": """", ""source"": ""rule"", ""width"": 1024}]",aas_safe | reference_style | fid_diverse,"Ink and wash painting of two fan-shaped landscape studies on beige paper, featuring delicate sepia brushwork with bamboo, trees, distant mountains, riverside scenery, and small calligraphy inscriptions."
track1_0268,generic_artwork,caption_content | requested_text_policy,free_crop_allowed | aspect_variation_allowed | style_variation_allowed,caption-led subject | medium-appropriate composition | avoid batch template,painting_or_brushwork_surface,"[{""confidence"": 1.0, ""guard_notes"": [], ""guard_status"": ""rule"", ""height"": 1024, ""label"": ""square_artwork"", ""prompt_directive"": ""Use a balanced square artwork canvas only when the caption does not imply a poster, scroll, spread, or panel format."", ""reason"": """", ""source"": ""rule"", ""width"": 1024}]",aas_safe | reference_style | fid_diverse,"Ink and wash painting of a serene mountain landscape with a wide river, a small boat, clustered trees in the foreground, soft brushwork, muted tones, and red seal marks."
track1_0300,generic_artwork,caption_content | requested_text_policy,free_crop_allowed | aspect_variation_allowed | style_variation_allowed,caption-led subject | medium-appropriate composition | avoid batch template,painting_or_brushwork_surface,"[{""confidence"": 1.0, ""guard_notes"": [], ""guard_status"": ""rule"", ""height"": 1024, ""label"": ""square_artwork"", ""prompt_directive"": ""Use a balanced square artwork canvas only when the caption does not imply a poster, scroll, spread, or panel format."", ""reason"": """", ""source"": ""rule"", ""width"": 1024}]",aas_safe | reference_style | fid_diverse,"Ink and wash painting of a serene misty landscape with dense trees, a small pavilion by a bridge, winding water, distant hills, soft monochrome brushwork, and red seal marks."
track1_0311,scroll_album_paper_support,caption_content | support_surface_required | requested_text_policy,preserve_support_aspect | medium_texture_variation_allowed | viewpoint_variation_allowed,visible paper support | folds or ruled grid | album or scroll framing,scroll_or_album_paper_support | painting_or_brushwork_surface,"[{""confidence"": 1.0, ""guard_notes"": [], ""guard_status"": ""rule"", ""height"": 768, ""label"": ""album_spread"", ""prompt_directive"": ""Use a landscape album-spread canvas; keep the page structure visible and front-facing."", ""reason"": """", ""source"": ""rule"", ""width"": 1024}]",aas_safe | reference_style | fid_diverse,"Ink and wash painting of a classical Chinese album spread with elegant calligraphy beside a muted garden scene, featuring a scholar inside a pavilion, trees, rocks, and delicate brushwork on aged paper."
track1_0317,generic_artwork,caption_content | requested_text_policy,free_crop_allowed | aspect_variation_allowed | style_variation_allowed,caption-led subject | medium-appropriate composition | avoid batch template,painting_or_brushwork_surface,"[{""confidence"": 1.0, ""guard_notes"": [], ""guard_status"": ""rule"", ""height"": 1024, ""label"": ""square_artwork"", ""prompt_directive"": ""Use a balanced square artwork canvas only when the caption does not imply a poster, scroll, spread, or panel format."", ""reason"": """", ""source"": ""rule"", ""width"": 1024}]",aas_safe | reference_style | fid_diverse,"Ink and wash painting of a misty rocky landscape with vertical Chinese calligraphy, textured black brushwork, muted gray washes, and soft accents of blue, purple, and ochre."
track1_0405,generic_artwork,caption_content | requested_text_policy,free_crop_allowed | aspect_variation_allowed | style_variation_allowed,caption-led subject | medium-appropriate composition | avoid batch template,generic_artwork_surface,"[{""confidence"": 1.0, ""guard_notes"": [], ""guard_status"": ""rule"", ""height"": 1024, ""label"": ""square_artwork"", ""prompt_directive"": ""Use a balanced square artwork canvas only when the caption does not imply a poster, scroll, spread, or panel format."", ""reason"": """", ""source"": ""rule"", ""width"": 1024}]",aas_safe | reference_style | fid_diverse,"Ukiyo-e scene of elegantly dressed figures in a traditional Japanese room arranging garments and objects, with sliding screens, calligraphy panels, muted colors, fine linework, and a distant mountain view."
track1_0430,generic_artwork,caption_content | requested_text_policy,free_crop_allowed | aspect_variation_allowed | style_variation_allowed,caption-led subject | medium-appropriate composition | avoid batch template,painting_or_brushwork_surface,"[{""confidence"": 1.0, ""guard_notes"": [], ""guard_status"": ""rule"", ""height"": 1024, ""label"": ""square_artwork"", ""prompt_directive"": ""Use a balanced square artwork canvas only when the caption does not imply a poster, scroll, spread, or panel format."", ""reason"": """", ""source"": ""rule"", ""width"": 1024}]",aas_safe | reference_style | fid_diverse,"Ink and wash painting of a serene mountainous riverside landscape with misty peaks, clustered trees, a small sailboat, a pavilion complex, and calligraphy in the upper left, rendered in soft monochrome brushwork."
track1_0434,generic_artwork,caption_content | requested_text_policy,free_crop_allowed | aspect_variation_allowed | style_variation_allowed,caption-led subject | medium-appropriate composition | avoid batch template,painting_or_brushwork_surface,"[{""confidence"": 1.0, ""guard_notes"": [], ""guard_status"": ""rule"", ""height"": 1024, ""label"": ""square_artwork"", ""prompt_directive"": ""Use a balanced square artwork canvas only when the caption does not imply a poster, scroll, spread, or panel format."", ""reason"": """", ""source"": ""rule"", ""width"": 1024}]",aas_safe | reference_style | fid_diverse,"Ink and wash painting of a serene mountainous landscape with layered rocky ridges, dense trees, misty distant peaks, muted sepia tones, fine brushwork, and calligraphy inscription above."
track1_0436,scroll_album_paper_support,caption_content | support_surface_required | requested_text_policy,preserve_support_aspect | medium_texture_variation_allowed | viewpoint_variation_allowed,visible paper support | folds or ruled grid | album or scroll framing,scroll_or_album_paper_support | painting_or_brushwork_surface,"[{""confidence"": 1.0, ""guard_notes"": [], ""guard_status"": ""rule"", ""height"": 1024, ""label"": ""square_artwork"", ""prompt_directive"": ""Use a balanced square artwork canvas only when the caption does not imply a poster, scroll, spread, or panel format."", ""reason"": """", ""source"": ""rule"", ""width"": 1024}]",aas_safe | reference_style | fid_diverse,"Ink and wash painting of a quiet rocky riverside landscape with dense trees, distant misty mountains, small figures near the water, delicate brushwork, muted brown tones, and red seal stamps on an album page."
track1_0442,generic_artwork,caption_content | requested_text_policy,free_crop_allowed | aspect_variation_allowed | style_variation_allowed,caption-led subject | medium-appropriate composition | avoid batch template,generic_artwork_surface,"[{""confidence"": 1.0, ""guard_notes"": [], ""guard_status"": ""rule"", ""height"": 1024, ""label"": ""square_artwork"", ""prompt_directive"": ""Use a balanced square artwork canvas only when the caption does not imply a poster, scroll, spread, or panel format."", ""reason"": """", ""source"": ""rule"", ""width"": 1024}]",aas_safe | reference_style | fid_diverse,"A Gongbi-style vertical Chinese landscape with delicate linework and muted colors, showing scholars and children gathered among trees, rocks, a thatched pavilion, distant misty mountains, and calligraphy seals in a serene garden setting."
track1_0445,generic_artwork,caption_content | requested_text_policy,free_crop_allowed | aspect_variation_allowed | style_variation_allowed,caption-led subject | medium-appropriate composition | avoid batch template,painting_or_brushwork_surface,"[{""confidence"": 1.0, ""guard_notes"": [], ""guard_status"": ""rule"", ""height"": 1024, ""label"": ""square_artwork"", ""prompt_directive"": ""Use a balanced square artwork canvas only when the caption does not imply a poster, scroll, spread, or panel format."", ""reason"": """", ""source"": ""rule"", ""width"": 1024}]",aas_safe | reference_style | fid_diverse,"Ink and wash painting of a fan-shaped mountainous landscape with rocky peaks, sparse trees, misty valleys, a calligraphy inscription, warm sepia tones, and delicate brushwork."
track1_0484,generic_artwork,caption_content | requested_text_policy,free_crop_allowed | aspect_variation_allowed | style_variation_allowed,caption-led subject | medium-appropriate composition | avoid batch template,painting_or_brushwork_surface,"[{""confidence"": 1.0, ""guard_notes"": [], ""guard_status"": ""rule"", ""height"": 1024, ""label"": ""square_artwork"", ""prompt_directive"": ""Use a balanced square artwork canvas only when the caption does not imply a poster, scroll, spread, or panel format."", ""reason"": """", ""source"": ""rule"", ""width"": 1024}]",aas_safe | reference_style | fid_diverse,"Ink and wash painting of two fan-shaped landscape compositions with delicate brushwork, muted beige tones, mountains, trees, small houses, and calligraphy on a plain background."
track1_0505,generic_artwork,caption_content | requested_text_policy,free_crop_allowed | aspect_variation_allowed | style_variation_allowed,caption-led subject | medium-appropriate composition | avoid batch template,generic_artwork_surface,"[{""confidence"": 1.0, ""guard_notes"": [], ""guard_status"": ""rule"", ""height"": 1024, ""label"": ""square_artwork"", ""prompt_directive"": ""Use a balanced square artwork canvas only when the caption does not imply a poster, scroll, spread, or panel format."", ""reason"": """", ""source"": ""rule"", ""width"": 1024}]",aas_safe | reference_style | fid_diverse,"A Gongbi painting of a rugged garden rock with delicate pink, purple, white, and blue flowers, fine linework, muted colors, and a calligraphic inscription with red seals on a warm tan background."
track1_0523,generic_artwork,caption_content | requested_text_policy,free_crop_allowed | aspect_variation_allowed | style_variation_allowed,caption-led subject | medium-appropriate composition | avoid batch template,generic_artwork_surface,"[{""confidence"": 1.0, ""guard_notes"": [], ""guard_status"": ""rule"", ""height"": 1024, ""label"": ""square_artwork"", ""prompt_directive"": ""Use a balanced square artwork canvas only when the caption does not imply a poster, scroll, spread, or panel format."", ""reason"": """", ""source"": ""rule"", ""width"": 1024}]",aas_safe | reference_style | fid_diverse,"Ukiyo-e style circular composition of a busy river harbor with boats, a large moored vessel in the foreground, distant waterfront buildings, muted colors, fine linework, and Japanese calligraphy on a dark background."
track1_0537,generic_artwork,caption_content | requested_text_policy,free_crop_allowed | aspect_variation_allowed | style_variation_allowed,caption-led subject | medium-appropriate composition | avoid batch template,painting_or_brushwork_surface,"[{""confidence"": 1.0, ""guard_notes"": [], ""guard_status"": ""rule"", ""height"": 1024, ""label"": ""square_artwork"", ""prompt_directive"": ""Use a balanced square artwork canvas only when the caption does not imply a poster, scroll, spread, or panel format."", ""reason"": """", ""source"": ""rule"", ""width"": 1024}]",aas_safe | reference_style | fid_diverse,"Ink and wash painting of a serene mountainous landscape with towering rocky cliffs, mist-filled valleys, sparse trees, a small pavilion near the foreground, delicate brushwork, and traditional calligraphy in the upper left."
track1_0553,generic_artwork,caption_content | requested_text_policy,free_crop_allowed | aspect_variation_allowed | style_variation_allowed,caption-led subject | medium-appropriate composition | avoid batch template,painting_or_brushwork_surface,"[{""confidence"": 1.0, ""guard_notes"": [], ""guard_status"": ""rule"", ""height"": 1024, ""label"": ""square_artwork"", ""prompt_directive"": ""Use a balanced square artwork canvas only when the caption does not imply a poster, scroll, spread, or panel format."", ""reason"": """", ""source"": ""rule"", ""width"": 1024}]",aas_safe | reference_style | fid_diverse,"Ink and wash painting of two delicate fan-shaped landscape scenes on aged paper, with misty mountains, sparse trees, small rural structures, calligraphic inscriptions, and fine monochrome brushwork."
track1_0557,generic_artwork,caption_content | requested_text_policy,free_crop_allowed | aspect_variation_allowed | style_variation_allowed,caption-led subject | medium-appropriate composition | avoid batch template,generic_artwork_surface,"[{""confidence"": 1.0, ""guard_notes"": [], ""guard_status"": ""rule"", ""height"": 1024, ""label"": ""square_artwork"", ""prompt_directive"": ""Use a balanced square artwork canvas only when the caption does not imply a poster, scroll, spread, or panel format."", ""reason"": """", ""source"": ""rule"", ""width"": 1024}]",aas_safe | reference_style | fid_diverse,"A Gongbi style vertical painting of a patterned ceramic vase filled with pink, purple, and red flowers, delicate leaves, and tall grasses, with fine linework, soft muted colors, calligraphy, and red seals on an aged paper background."
track1_0594,generic_artwork,caption_content | requested_text_policy,free_crop_allowed | aspect_variation_allowed | style_variation_allowed,caption-led subject | medium-appropriate composition | avoid batch template,painting_or_brushwork_surface,"[{""confidence"": 1.0, ""guard_notes"": [], ""guard_status"": ""rule"", ""height"": 1024, ""label"": ""square_artwork"", ""prompt_directive"": ""Use a balanced square artwork canvas only when the caption does not imply a poster, scroll, spread, or panel format."", ""reason"": """", ""source"": ""rule"", ""width"": 1024}]",aas_safe | reference_style | fid_diverse,"Ink and wash painting of a quiet garden scene with bamboo, shrubs, rocks, vertical calligraphy, and a small red seal, rendered in muted monochrome washes and loose brushstrokes."
track1_0595,generic_artwork,caption_content | requested_text_policy,free_crop_allowed | aspect_variation_allowed | style_variation_allowed,caption-led subject | medium-appropriate composition | avoid batch template,painting_or_brushwork_surface,"[{""confidence"": 1.0, ""guard_notes"": [], ""guard_status"": ""rule"", ""height"": 1024, ""label"": ""square_artwork"", ""prompt_directive"": ""Use a balanced square artwork canvas only when the caption does not imply a poster, scroll, spread, or panel format."", ""reason"": """", ""source"": ""rule"", ""width"": 1024}]",aas_safe | reference_style | fid_diverse,"Ink and wash painting of a misty mountain landscape with gnarled pine trees, rocky cliffs, small boats on quiet water, delicate brushwork, muted tones, and red seal marks."
track1_0611,generic_artwork,caption_content | requested_text_policy,free_crop_allowed | aspect_variation_allowed | style_variation_allowed,caption-led subject | medium-appropriate composition | avoid batch template,painting_or_brushwork_surface,"[{""confidence"": 1.0, ""guard_notes"": [], ""guard_status"": ""rule"", ""height"": 1024, ""label"": ""square_artwork"", ""prompt_directive"": ""Use a balanced square artwork canvas only when the caption does not imply a poster, scroll, spread, or panel format."", ""reason"": """", ""source"": ""rule"", ""width"": 1024}]",aas_safe | reference_style | fid_diverse,"Ink and wash painting of a serene mountainous riverside landscape with layered rocky peaks, misty water, trees, a small pavilion by the shore, a tiny boat, and delicate calligraphy rendered in monochrome brushwork."
track1_0647,generic_artwork,caption_content | requested_text_policy,free_crop_allowed | aspect_variation_allowed | style_variation_allowed,caption-led subject | medium-appropriate composition | avoid batch template,painting_or_brushwork_surface,"[{""confidence"": 1.0, ""guard_notes"": [], ""guard_status"": ""rule"", ""height"": 1024, ""label"": ""square_artwork"", ""prompt_directive"": ""Use a balanced square artwork canvas only when the caption does not imply a poster, scroll, spread, or panel format."", ""reason"": """", ""source"": ""rule"", ""width"": 1024}]",aas_safe | reference_style | fid_diverse,"A serene Gongbi landscape with fine ink brushwork, soft muted colors, rolling mountains, misty valleys, riverside trees, small pavilions, and a red seal in the upper corner."
track1_0652,scroll_album_paper_support,caption_content | support_surface_required | requested_text_policy,preserve_support_aspect | medium_texture_variation_allowed | viewpoint_variation_allowed,visible paper support | folds or ruled grid | album or scroll framing,scroll_or_album_paper_support | painting_or_brushwork_surface,"[{""confidence"": 1.0, ""guard_notes"": [], ""guard_status"": ""rule"", ""height"": 1024, ""label"": ""square_artwork"", ""prompt_directive"": ""Use a balanced square artwork canvas only when the caption does not imply a poster, scroll, spread, or panel format."", ""reason"": """", ""source"": ""rule"", ""width"": 1024}]",aas_safe | reference_style | fid_diverse,"Ink and wash painting of a serene mountainous riverside landscape with misty peaks, clustered trees, a small hut by the shore, a tiny boat on the water, delicate brushwork, calligraphy, and red seal marks on an aged album page."
track1_0675,generic_artwork,caption_content | requested_text_policy,free_crop_allowed | aspect_variation_allowed | style_variation_allowed,caption-led subject | medium-appropriate composition | avoid batch template,painting_or_brushwork_surface,"[{""confidence"": 1.0, ""guard_notes"": [], ""guard_status"": ""rule"", ""height"": 1024, ""label"": ""square_artwork"", ""prompt_directive"": ""Use a balanced square artwork canvas only when the caption does not imply a poster, scroll, spread, or panel format."", ""reason"": """", ""source"": ""rule"", ""width"": 1024}]",aas_safe | reference_style | fid_diverse,"Ink and wash painting of a serene mountain landscape with twisted pine trees, a slender waterfall, pale green hills, a small solitary figure, delicate brushwork, and calligraphy in the upper right."
track1_0688,scroll_album_paper_support,caption_content | support_surface_required | requested_text_policy,preserve_support_aspect | medium_texture_variation_allowed | viewpoint_variation_allowed,visible paper support | folds or ruled grid | album or scroll framing,scroll_or_album_paper_support | painting_or_brushwork_surface,"[{""confidence"": 1.0, ""guard_notes"": [], ""guard_status"": ""rule"", ""height"": 768, ""label"": ""album_spread"", ""prompt_directive"": ""Use a landscape album-spread canvas; keep the page structure visible and front-facing."", ""reason"": """", ""source"": ""rule"", ""width"": 1024}]",aas_safe | reference_style | fid_diverse,"A Gongbi-style album spread with elegant Chinese calligraphy beside a delicate ink painting of a fish swimming among sparse aquatic plants and tiny fish, rendered on aged paper with fine lines, muted tones, inscriptions, and red seals."
track1_0707,generic_artwork,caption_content | requested_text_policy,free_crop_allowed | aspect_variation_allowed | style_variation_allowed,caption-led subject | medium-appropriate composition | avoid batch template,painting_or_brushwork_surface,"[{""confidence"": 1.0, ""guard_notes"": [], ""guard_status"": ""rule"", ""height"": 1024, ""label"": ""square_artwork"", ""prompt_directive"": ""Use a balanced square artwork canvas only when the caption does not imply a poster, scroll, spread, or panel format."", ""reason"": """", ""source"": ""rule"", ""width"": 1024}]",aas_safe | reference_style | fid_diverse,"Ink and wash painting of a serene mountainous landscape with layered rocky hills, sparse trees, small pavilions, distant peaks, delicate brushwork, pale washes, calligraphy, and red seal stamps on aged paper."
track1_0758,scroll_album_paper_support,caption_content | support_surface_required | requested_text_policy,preserve_support_aspect | medium_texture_variation_allowed | viewpoint_variation_allowed,visible paper support | folds or ruled grid | album or scroll framing,scroll_or_album_paper_support | painting_or_brushwork_surface,"[{""confidence"": 1.0, ""guard_notes"": [], ""guard_status"": ""rule"", ""height"": 768, ""label"": ""album_spread"", ""prompt_directive"": ""Use a landscape album-spread canvas; keep the page structure visible and front-facing."", ""reason"": """", ""source"": ""rule"", ""width"": 1024}]",aas_safe | reference_style | fid_diverse,"Ink and wash painting of a traditional Chinese album spread with bold calligraphy on one page and a serene misty landscape of trees, rocks, distant mountains, inscriptions, and red seals on the other."
track1_0790,generic_artwork,caption_content | requested_text_policy,free_crop_allowed | aspect_variation_allowed | style_variation_allowed,caption-led subject | medium-appropriate composition | avoid batch template,generic_artwork_surface,"[{""confidence"": 1.0, ""guard_notes"": [], ""guard_status"": ""rule"", ""height"": 1024, ""label"": ""square_artwork"", ""prompt_directive"": ""Use a balanced square artwork canvas only when the caption does not imply a poster, scroll, spread, or panel format."", ""reason"": """", ""source"": ""rule"", ""width"": 1024}]",aas_safe | reference_style | fid_diverse,"Ukiyo-e scene of travelers on a windy shoreline struggling with yellow umbrellas and scattered belongings, with waves, distant mountains, birds, fine linework, muted colors, and a vertical calligraphy panel."
track1_0824,generic_artwork,caption_content | requested_text_policy,free_crop_allowed | aspect_variation_allowed | style_variation_allowed,caption-led subject | medium-appropriate composition | avoid batch template,painting_or_brushwork_surface,"[{""confidence"": 1.0, ""guard_notes"": [], ""guard_status"": ""rule"", ""height"": 1024, ""label"": ""square_artwork"", ""prompt_directive"": ""Use a balanced square artwork canvas only when the caption does not imply a poster, scroll, spread, or panel format."", ""reason"": """", ""source"": ""rule"", ""width"": 1024}]",aas_safe | reference_style | fid_diverse,"Ink and wash painting of a fan-shaped landscape on aged paper, with delicate brushwork depicting trees, rocks, grasses, distant shrubs, and a small red seal in a calm muted palette."
track1_0829,generic_artwork,caption_content | requested_text_policy,free_crop_allowed | aspect_variation_allowed | style_variation_allowed,caption-led subject | medium-appropriate composition | avoid batch template,painting_or_brushwork_surface,"[{""confidence"": 1.0, ""guard_notes"": [], ""guard_status"": ""rule"", ""height"": 1024, ""label"": ""square_artwork"", ""prompt_directive"": ""Use a balanced square artwork canvas only when the caption does not imply a poster, scroll, spread, or panel format."", ""reason"": """", ""source"": ""rule"", ""width"": 1024}]",aas_safe | reference_style | fid_diverse,"Ink and wash painting of a serene mountainous riverside landscape with towering textured cliffs, pine trees, small waterside houses, delicate brushwork, muted tones, and calligraphy seals above."
track1_0869,generic_artwork,caption_content | requested_text_policy,free_crop_allowed | aspect_variation_allowed | style_variation_allowed,caption-led subject | medium-appropriate composition | avoid batch template,generic_artwork_surface,"[{""confidence"": 1.0, ""guard_notes"": [], ""guard_status"": ""rule"", ""height"": 1024, ""label"": ""square_artwork"", ""prompt_directive"": ""Use a balanced square artwork canvas only when the caption does not imply a poster, scroll, spread, or panel format."", ""reason"": """", ""source"": ""rule"", ""width"": 1024}]",aas_safe | reference_style | fid_diverse,"A serene Gongbi landscape with meticulous fine lines, turquoise-green mountains, pine trees, a small pavilion complex, calligraphy, and a warm aged paper palette."
track1_0929,generic_artwork,caption_content | requested_text_policy,free_crop_allowed | aspect_variation_allowed | style_variation_allowed,caption-led subject | medium-appropriate composition | avoid batch template,painting_or_brushwork_surface,"[{""confidence"": 1.0, ""guard_notes"": [], ""guard_status"": ""rule"", ""height"": 1024, ""label"": ""square_artwork"", ""prompt_directive"": ""Use a balanced square artwork canvas only when the caption does not imply a poster, scroll, spread, or panel format."", ""reason"": """", ""source"": ""rule"", ""width"": 1024}]",aas_safe | reference_style | fid_diverse,"Ink and wash painting of a serene snowy mountain landscape with towering cliffs, a winding river, bare trees, small houses, and vertical Chinese calligraphy, rendered in soft gray washes and delicate brushwork."
track1_0933,generic_artwork,caption_content | requested_text_policy,free_crop_allowed | aspect_variation_allowed | style_variation_allowed,caption-led subject | medium-appropriate composition | avoid batch template,painting_or_brushwork_surface,"[{""confidence"": 1.0, ""guard_notes"": [], ""guard_status"": ""rule"", ""height"": 1024, ""label"": ""square_artwork"", ""prompt_directive"": ""Use a balanced square artwork canvas only when the caption does not imply a poster, scroll, spread, or panel format."", ""reason"": """", ""source"": ""rule"", ""width"": 1024}]",aas_safe | reference_style | fid_diverse,"Ink and wash painting of a serene mountainous landscape with layered rocky peaks, a thin waterfall, misty water, sparse trees, a small riverside hut, and delicate calligraphy in soft monochrome brushwork."
track1_0972,generic_artwork,caption_content | requested_text_policy,free_crop_allowed | aspect_variation_allowed | style_variation_allowed,caption-led subject | medium-appropriate composition | avoid batch template,painting_or_brushwork_surface,"[{""confidence"": 1.0, ""guard_notes"": [], ""guard_status"": ""rule"", ""height"": 1024, ""label"": ""square_artwork"", ""prompt_directive"": ""Use a balanced square artwork canvas only when the caption does not imply a poster, scroll, spread, or panel format."", ""reason"": """", ""source"": ""rule"", ""width"": 1024}]",aas_safe | reference_style | fid_diverse,"Ink and wash painting of a refined still life with a tall flower vase, potted plant on a wooden stand, woven basket, hanging fish, calligraphy, delicate brushwork, and muted earthy colors."
track1_0980,generic_artwork,caption_content | requested_text_policy,free_crop_allowed | aspect_variation_allowed | style_variation_allowed,caption-led subject | medium-appropriate composition | avoid batch template,painting_or_brushwork_surface,"[{""confidence"": 1.0, ""guard_notes"": [], ""guard_status"": ""rule"", ""height"": 1024, ""label"": ""square_artwork"", ""prompt_directive"": ""Use a balanced square artwork canvas only when the caption does not imply a poster, scroll, spread, or panel format."", ""reason"": """", ""source"": ""rule"", ""width"": 1024}]",aas_safe | reference_style | fid_diverse,"A Gongbi painting of pale lingzhi mushrooms, grasses, leafy plants, and a rugged rock on aged silk, with delicate fine-line brushwork, muted earth tones, and vertical Chinese calligraphy."
track1_0908,scroll_album_paper_support,caption_content | support_surface_required,preserve_support_aspect | medium_texture_variation_allowed | viewpoint_variation_allowed,visible paper support | folds or ruled grid | album or scroll framing,scroll_or_album_paper_support | painting_or_brushwork_surface,"[{""confidence"": 1.0, ""guard_notes"": [], ""guard_status"": ""rule"", ""height"": 1024, ""label"": ""vertical_scroll"", ""prompt_directive"": ""Use a tall vertical scroll canvas with visible mounting/support; avoid cropping to only the inner painting."", ""reason"": """", ""source"": ""rule"", ""width"": 682}]",aas_safe | reference_style | fid_diverse,"Ink and wash painting of a gnarled plum tree with delicate pale blossoms on a vertical hanging scroll, featuring expressive black brushwork, sparse composition, and a calm, elegant mood."
track1_0056,scroll_album_paper_support,caption_content | support_surface_required | requested_text_policy,preserve_support_aspect | medium_texture_variation_allowed | viewpoint_variation_allowed,visible paper support | folds or ruled grid | album or scroll framing,scroll_or_album_paper_support | painting_or_brushwork_surface,"[{""confidence"": 1.0, ""guard_notes"": [], ""guard_status"": ""rule"", ""height"": 1024, ""label"": ""square_artwork"", ""prompt_directive"": ""Use a balanced square artwork canvas only when the caption does not imply a poster, scroll, spread, or panel format."", ""reason"": """", ""source"": ""rule"", ""width"": 1024}]",aas_safe | reference_style | fid_diverse,"Ink and wash painting of a classical album page with Chinese calligraphy beside a quiet riverside landscape, featuring tall trees, a small boat on calm water, distant low mountains, and a muted beige palette with delicate brushwork."
track1_0172,generic_artwork,caption_content | requested_text_policy,free_crop_allowed | aspect_variation_allowed | style_variation_allowed,caption-led subject | medium-appropriate composition | avoid batch template,painting_or_brushwork_surface,"[{""confidence"": 1.0, ""guard_notes"": [], ""guard_status"": ""rule"", ""height"": 1024, ""label"": ""square_artwork"", ""prompt_directive"": ""Use a balanced square artwork canvas only when the caption does not imply a poster, scroll, spread, or panel format."", ""reason"": """", ""source"": ""rule"", ""width"": 1024}]",aas_safe | reference_style | fid_diverse,"Ink and wash painting of a fan-shaped mountain landscape with clustered trees, small houses, pale washes, fine brushwork, and calligraphy seals on a warm paper background."
track1_0176,generic_artwork,caption_content | requested_text_policy,free_crop_allowed | aspect_variation_allowed | style_variation_allowed,caption-led subject | medium-appropriate composition | avoid batch template,generic_artwork_surface,"[{""confidence"": 1.0, ""guard_notes"": [], ""guard_status"": ""rule"", ""height"": 1024, ""label"": ""square_artwork"", ""prompt_directive"": ""Use a balanced square artwork canvas only when the caption does not imply a poster, scroll, spread, or panel format."", ""reason"": """", ""source"": ""rule"", ""width"": 1024}]",aas_safe | reference_style | fid_diverse,"Ukiyo-e style portrait of two kabuki-like figures in ornate patterned robes, one standing in a bowed pose and one seated in elaborate armor, with delicate linework, muted colors, and Japanese calligraphy on a plain beige background."
track1_0188,generic_artwork,caption_content | requested_text_policy,free_crop_allowed | aspect_variation_allowed | style_variation_allowed,caption-led subject | medium-appropriate composition | avoid batch template,generic_artwork_surface,"[{""confidence"": 1.0, ""guard_notes"": [], ""guard_status"": ""rule"", ""height"": 1024, ""label"": ""square_artwork"", ""prompt_directive"": ""Use a balanced square artwork canvas only when the caption does not imply a poster, scroll, spread, or panel format."", ""reason"": """", ""source"": ""rule"", ""width"": 1024}]",aas_safe | reference_style | fid_diverse,"Ukiyo-e scene of women and a child in a quiet domestic courtyard washing laundry beside a wooden tub, with hanging cloth, delicate linework, muted colors, and vertical calligraphy above."
track1_0195,generic_artwork,caption_content | requested_text_policy,free_crop_allowed | aspect_variation_allowed | style_variation_allowed,caption-led subject | medium-appropriate composition | avoid batch template,painting_or_brushwork_surface,"[{""confidence"": 1.0, ""guard_notes"": [], ""guard_status"": ""rule"", ""height"": 1024, ""label"": ""square_artwork"", ""prompt_directive"": ""Use a balanced square artwork canvas only when the caption does not imply a poster, scroll, spread, or panel format."", ""reason"": """", ""source"": ""rule"", ""width"": 1024}]",aas_safe | reference_style | fid_diverse,"Ink and wash painting of a fan-shaped mountain landscape with pine trees, a small pavilion among rocky hills, distant islands, calligraphy, and delicate sepia brushwork on aged paper."
track1_0217,generic_artwork,caption_content | requested_text_policy,free_crop_allowed | aspect_variation_allowed | style_variation_allowed,caption-led subject | medium-appropriate composition | avoid batch template,painting_or_brushwork_surface,"[{""confidence"": 1.0, ""guard_notes"": [], ""guard_status"": ""rule"", ""height"": 1024, ""label"": ""square_artwork"", ""prompt_directive"": ""Use a balanced square artwork canvas only when the caption does not imply a poster, scroll, spread, or panel format."", ""reason"": """", ""source"": ""rule"", ""width"": 1024}]",aas_safe | reference_style | fid_diverse,"Ink and wash painting of a sparse flowering plum bonsai growing from a rectangular planter beside a dark rock, with delicate brushstrokes, muted tones, calligraphy, and red seals on aged paper."
track1_0220,generic_artwork,caption_content | requested_text_policy,free_crop_allowed | aspect_variation_allowed | style_variation_allowed,caption-led subject | medium-appropriate composition | avoid batch template,painting_or_brushwork_surface,"[{""confidence"": 1.0, ""guard_notes"": [], ""guard_status"": ""rule"", ""height"": 1024, ""label"": ""square_artwork"", ""prompt_directive"": ""Use a balanced square artwork canvas only when the caption does not imply a poster, scroll, spread, or panel format."", ""reason"": """", ""source"": ""rule"", ""width"": 1024}]",aas_safe | reference_style | fid_diverse,"Ink and wash painting of a fan-shaped mountain landscape with sparse trees, a small pavilion, calligraphy, and red seals, rendered in delicate monochrome brushwork on aged paper."
track1_0239,generic_artwork,caption_content | requested_text_policy,free_crop_allowed | aspect_variation_allowed | style_variation_allowed,caption-led subject | medium-appropriate composition | avoid batch template,painting_or_brushwork_surface,"[{""confidence"": 1.0, ""guard_notes"": [], ""guard_status"": ""rule"", ""height"": 1024, ""label"": ""square_artwork"", ""prompt_directive"": ""Use a balanced square artwork canvas only when the caption does not imply a poster, scroll, spread, or panel format."", ""reason"": """", ""source"": ""rule"", ""width"": 1024}]",aas_safe | reference_style | fid_diverse,"Ink and wash painting of a serene mountainous landscape with jagged rock formations, pine trees, small hillside buildings, delicate monochrome brushwork, and a vertical composition with calligraphy and a red seal."
track1_0258,generic_artwork,caption_content | requested_text_policy,free_crop_allowed | aspect_variation_allowed | style_variation_allowed,caption-led subject | medium-appropriate composition | avoid batch template,painting_or_brushwork_surface,"[{""confidence"": 1.0, ""guard_notes"": [], ""guard_status"": ""rule"", ""height"": 1024, ""label"": ""square_artwork"", ""prompt_directive"": ""Use a balanced square artwork canvas only when the caption does not imply a poster, scroll, spread, or panel format."", ""reason"": """", ""source"": ""rule"", ""width"": 1024}]",aas_safe | reference_style | fid_diverse,"Ink and wash painting of a serene mountainous landscape with layered ridges, pine trees, a small pavilion near the water, Chinese calligraphy, and delicate monochrome brushwork."
track1_0294,generic_artwork,caption_content | requested_text_policy,free_crop_allowed | aspect_variation_allowed | style_variation_allowed,caption-led subject | medium-appropriate composition | avoid batch template,painting_or_brushwork_surface,"[{""confidence"": 1.0, ""guard_notes"": [], ""guard_status"": ""rule"", ""height"": 1024, ""label"": ""square_artwork"", ""prompt_directive"": ""Use a balanced square artwork canvas only when the caption does not imply a poster, scroll, spread, or panel format."", ""reason"": """", ""source"": ""rule"", ""width"": 1024}]",aas_safe | reference_style | fid_diverse,"Ink and wash painting of a serene mountain landscape with clustered trees, rocky slopes, small rural houses, calligraphy, and red seals in a muted earthy palette."
track1_0313,generic_artwork,caption_content | requested_text_policy,free_crop_allowed | aspect_variation_allowed | style_variation_allowed,caption-led subject | medium-appropriate composition | avoid batch template,painting_or_brushwork_surface,"[{""confidence"": 1.0, ""guard_notes"": [], ""guard_status"": ""rule"", ""height"": 1024, ""label"": ""square_artwork"", ""prompt_directive"": ""Use a balanced square artwork canvas only when the caption does not imply a poster, scroll, spread, or panel format."", ""reason"": """", ""source"": ""rule"", ""width"": 1024}]",aas_safe | reference_style | fid_diverse,"Ink and wash painting of a solitary scholar seated among rugged rocks beside a bamboo grove and tall cliff, with delicate brushwork, muted sepia tones, calligraphy, and red seals creating a serene traditional atmosphere."
track1_0325,generic_artwork,caption_content | requested_text_policy,free_crop_allowed | aspect_variation_allowed | style_variation_allowed,caption-led subject | medium-appropriate composition | avoid batch template,painting_or_brushwork_surface,"[{""confidence"": 1.0, ""guard_notes"": [], ""guard_status"": ""rule"", ""height"": 1024, ""label"": ""square_artwork"", ""prompt_directive"": ""Use a balanced square artwork canvas only when the caption does not imply a poster, scroll, spread, or panel format."", ""reason"": """", ""source"": ""rule"", ""width"": 1024}]",aas_safe | reference_style | fid_diverse,"Ink and wash painting of a serene misty mountain landscape with layered peaks, scattered trees, rocky riverbanks, soft gray brushwork, and red seal marks on aged paper."
track1_0338,generic_artwork,caption_content | requested_text_policy,free_crop_allowed | aspect_variation_allowed | style_variation_allowed,caption-led subject | medium-appropriate composition | avoid batch template,painting_or_brushwork_surface,"[{""confidence"": 1.0, ""guard_notes"": [], ""guard_status"": ""rule"", ""height"": 1024, ""label"": ""square_artwork"", ""prompt_directive"": ""Use a balanced square artwork canvas only when the caption does not imply a poster, scroll, spread, or panel format."", ""reason"": """", ""source"": ""rule"", ""width"": 1024}]",aas_safe | reference_style | fid_diverse,"Ink and wash painting of lotus flowers and broad leaves arranged in a tall ornamental vase, with delicate brushwork, muted tones, calligraphy, and red seal stamps on an aged paper background."
track1_0392,generic_artwork,caption_content | requested_text_policy,free_crop_allowed | aspect_variation_allowed | style_variation_allowed,caption-led subject | medium-appropriate composition | avoid batch template,generic_artwork_surface,"[{""confidence"": 1.0, ""guard_notes"": [], ""guard_status"": ""rule"", ""height"": 1024, ""label"": ""square_artwork"", ""prompt_directive"": ""Use a balanced square artwork canvas only when the caption does not imply a poster, scroll, spread, or panel format."", ""reason"": """", ""source"": ""rule"", ""width"": 1024}]",aas_safe | reference_style | fid_diverse,"Ukiyo-e scene of two elegantly dressed figures on a veranda beside a low writing table, with flowing robes, calligraphy, a railing, and a waterfall landscape rendered in delicate lines and muted colors."
track1_0411,generic_artwork,caption_content | requested_text_policy,free_crop_allowed | aspect_variation_allowed | style_variation_allowed,caption-led subject | medium-appropriate composition | avoid batch template,painting_or_brushwork_surface,"[{""confidence"": 1.0, ""guard_notes"": [], ""guard_status"": ""rule"", ""height"": 1024, ""label"": ""square_artwork"", ""prompt_directive"": ""Use a balanced square artwork canvas only when the caption does not imply a poster, scroll, spread, or panel format."", ""reason"": """", ""source"": ""rule"", ""width"": 1024}]",aas_safe | reference_style | fid_diverse,"Ink and wash painting of two fan-shaped compositions on aged paper, one with delicate flowers and calligraphy and the other with a serene mountain landscape, trees, rocks, and fine brushwork."
track1_0419,generic_artwork,caption_content | requested_text_policy,free_crop_allowed | aspect_variation_allowed | style_variation_allowed,caption-led subject | medium-appropriate composition | avoid batch template,painting_or_brushwork_surface,"[{""confidence"": 1.0, ""guard_notes"": [], ""guard_status"": ""rule"", ""height"": 1024, ""label"": ""square_artwork"", ""prompt_directive"": ""Use a balanced square artwork canvas only when the caption does not imply a poster, scroll, spread, or panel format."", ""reason"": """", ""source"": ""rule"", ""width"": 1024}]",aas_safe | reference_style | fid_diverse,"Ink and wash painting of a tall narrow composition with pale rocks, a twisting tree trunk bearing dark leaves, sparse ground plants, delicate calligraphy, and red seal marks on aged paper."
track1_0421,generic_artwork,caption_content | requested_text_policy,free_crop_allowed | aspect_variation_allowed | style_variation_allowed,caption-led subject | medium-appropriate composition | avoid batch template,generic_artwork_surface,"[{""confidence"": 1.0, ""guard_notes"": [], ""guard_status"": ""rule"", ""height"": 1024, ""label"": ""square_artwork"", ""prompt_directive"": ""Use a balanced square artwork canvas only when the caption does not imply a poster, scroll, spread, or panel format."", ""reason"": """", ""source"": ""rule"", ""width"": 1024}]",aas_safe | reference_style | fid_diverse,"Ukiyo-e composition of an open folding fan on a beige paper background, decorated with delicate calligraphy, pale linework, and small painted motifs in a calm, minimal palette."
track1_0433,generic_artwork,caption_content | requested_text_policy,free_crop_allowed | aspect_variation_allowed | style_variation_allowed,caption-led subject | medium-appropriate composition | avoid batch template,generic_artwork_surface,"[{""confidence"": 1.0, ""guard_notes"": [], ""guard_status"": ""rule"", ""height"": 1024, ""label"": ""square_artwork"", ""prompt_directive"": ""Use a balanced square artwork canvas only when the caption does not imply a poster, scroll, spread, or panel format."", ""reason"": """", ""source"": ""rule"", ""width"": 1024}]",aas_safe | reference_style | fid_diverse,"Ukiyo-e style scene of elegantly dressed women in a traditional interior with calligraphy panels, a railing, a sword on the floor, and small cats below, rendered in muted earth tones with delicate linework."
track1_0443,generic_artwork,caption_content | requested_text_policy,free_crop_allowed | aspect_variation_allowed | style_variation_allowed,caption-led subject | medium-appropriate composition | avoid batch template,painting_or_brushwork_surface,"[{""confidence"": 1.0, ""guard_notes"": [], ""guard_status"": ""rule"", ""height"": 1024, ""label"": ""square_artwork"", ""prompt_directive"": ""Use a balanced square artwork canvas only when the caption does not imply a poster, scroll, spread, or panel format."", ""reason"": """", ""source"": ""rule"", ""width"": 1024}]",aas_safe | reference_style | fid_diverse,"Ink and wash painting of a serene mountainous landscape with layered rocky peaks, dense trees, small pavilions, and calligraphy inscriptions, rendered in delicate brushwork and a muted sepia palette."
track1_0469,generic_artwork,caption_content | requested_text_policy,free_crop_allowed | aspect_variation_allowed | style_variation_allowed,caption-led subject | medium-appropriate composition | avoid batch template,painting_or_brushwork_surface,"[{""confidence"": 1.0, ""guard_notes"": [], ""guard_status"": ""rule"", ""height"": 1024, ""label"": ""square_artwork"", ""prompt_directive"": ""Use a balanced square artwork canvas only when the caption does not imply a poster, scroll, spread, or panel format."", ""reason"": """", ""source"": ""rule"", ""width"": 1024}]",aas_safe | reference_style | fid_diverse,"A Gongbi-style vertical ink painting of a seated robed figure beneath a twisted pine tree, with fine controlled linework, muted monochrome tones, calligraphy, and red seals creating a serene scholarly atmosphere."
track1_0483,generic_artwork,caption_content | requested_text_policy,free_crop_allowed | aspect_variation_allowed | style_variation_allowed,caption-led subject | medium-appropriate composition | avoid batch template,generic_artwork_surface,"[{""confidence"": 1.0, ""guard_notes"": [], ""guard_status"": ""rule"", ""height"": 1024, ""label"": ""square_artwork"", ""prompt_directive"": ""Use a balanced square artwork canvas only when the caption does not imply a poster, scroll, spread, or panel format."", ""reason"": """", ""source"": ""rule"", ""width"": 1024}]",aas_safe | reference_style | fid_diverse,"Ukiyo-e style illustration of two fish, a large pink-red fish beneath a smaller dark mottled fish, with delicate linework, flat muted colors, and calligraphic inscriptions on a pale background."
track1_0485,generic_artwork,caption_content | requested_text_policy,free_crop_allowed | aspect_variation_allowed | style_variation_allowed,caption-led subject | medium-appropriate composition | avoid batch template,painting_or_brushwork_surface,"[{""confidence"": 1.0, ""guard_notes"": [], ""guard_status"": ""rule"", ""height"": 1024, ""label"": ""square_artwork"", ""prompt_directive"": ""Use a balanced square artwork canvas only when the caption does not imply a poster, scroll, spread, or panel format."", ""reason"": """", ""source"": ""rule"", ""width"": 1024}]",aas_safe | reference_style | fid_diverse,"Ink and wash painting of a serene vertical mountain landscape with misty peaks, dense trees, small houses, and delicate calligraphy, rendered in monochrome brushwork with textured rock forms."
track1_0496,generic_artwork,caption_content | requested_text_policy,free_crop_allowed | aspect_variation_allowed | style_variation_allowed,caption-led subject | medium-appropriate composition | avoid batch template,painting_or_brushwork_surface,"[{""confidence"": 1.0, ""guard_notes"": [], ""guard_status"": ""rule"", ""height"": 1024, ""label"": ""square_artwork"", ""prompt_directive"": ""Use a balanced square artwork canvas only when the caption does not imply a poster, scroll, spread, or panel format."", ""reason"": """", ""source"": ""rule"", ""width"": 1024}]",aas_safe | reference_style | fid_diverse,"Ink and wash painting of a traditional Chinese landscape with rocky mountains, a blossoming branch, flowing water, and vertical calligraphy panels on warm orange strips, framed by a dark mat."
track1_0500,generic_artwork,caption_content | requested_text_policy,free_crop_allowed | aspect_variation_allowed | style_variation_allowed,caption-led subject | medium-appropriate composition | avoid batch template,painting_or_brushwork_surface,"[{""confidence"": 1.0, ""guard_notes"": [], ""guard_status"": ""rule"", ""height"": 1024, ""label"": ""square_artwork"", ""prompt_directive"": ""Use a balanced square artwork canvas only when the caption does not imply a poster, scroll, spread, or panel format."", ""reason"": """", ""source"": ""rule"", ""width"": 1024}]",aas_safe | reference_style | fid_diverse,"Ink and wash painting of a fan-shaped landscape with calligraphy, delicate trees, dense foliage, rocks, and a small fence rendered in monochrome brushwork on aged paper."
track1_0546,scroll_album_paper_support,caption_content | support_surface_required | requested_text_policy,preserve_support_aspect | medium_texture_variation_allowed | viewpoint_variation_allowed,visible paper support | folds or ruled grid | album or scroll framing,scroll_or_album_paper_support | painting_or_brushwork_surface,"[{""confidence"": 1.0, ""guard_notes"": [], ""guard_status"": ""rule"", ""height"": 1024, ""label"": ""square_artwork"", ""prompt_directive"": ""Use a balanced square artwork canvas only when the caption does not imply a poster, scroll, spread, or panel format."", ""reason"": """", ""source"": ""rule"", ""width"": 1024}]",aas_safe | reference_style | fid_diverse,"Ink and wash painting of two delicate album scenes on aged paper, featuring robed figures on rocky ground beside a vessel and a seated figure beneath a sparse tree, with pale washes, fine brushwork, and red seals."
track1_0596,generic_artwork,caption_content | requested_text_policy,free_crop_allowed | aspect_variation_allowed | style_variation_allowed,caption-led subject | medium-appropriate composition | avoid batch template,painting_or_brushwork_surface,"[{""confidence"": 1.0, ""guard_notes"": [], ""guard_status"": ""rule"", ""height"": 1024, ""label"": ""square_artwork"", ""prompt_directive"": ""Use a balanced square artwork canvas only when the caption does not imply a poster, scroll, spread, or panel format."", ""reason"": """", ""source"": ""rule"", ""width"": 1024}]",aas_safe | reference_style | fid_diverse,"Ink and wash painting of robed figures seated together in a fan-shaped composition, with delicate gray brushwork, sparse architectural lines, muted tones, and calligraphy along the left side."
track1_0616,generic_artwork,caption_content | requested_text_policy,free_crop_allowed | aspect_variation_allowed | style_variation_allowed,caption-led subject | medium-appropriate composition | avoid batch template,painting_or_brushwork_surface,"[{""confidence"": 1.0, ""guard_notes"": [], ""guard_status"": ""rule"", ""height"": 1024, ""label"": ""square_artwork"", ""prompt_directive"": ""Use a balanced square artwork canvas only when the caption does not imply a poster, scroll, spread, or panel format."", ""reason"": """", ""source"": ""rule"", ""width"": 1024}]",aas_safe | reference_style | fid_diverse,"Ink and wash painting of a gnarled pine tree rising from rocky ground beside grasses and a quiet shoreline, with delicate brushwork, muted sepia tones, calligraphy, and red seals creating a serene traditional landscape."
track1_0617,generic_artwork,caption_content | requested_text_policy,free_crop_allowed | aspect_variation_allowed | style_variation_allowed,caption-led subject | medium-appropriate composition | avoid batch template,generic_artwork_surface,"[{""confidence"": 1.0, ""guard_notes"": [], ""guard_status"": ""rule"", ""height"": 1024, ""label"": ""square_artwork"", ""prompt_directive"": ""Use a balanced square artwork canvas only when the caption does not imply a poster, scroll, spread, or panel format."", ""reason"": """", ""source"": ""rule"", ""width"": 1024}]",aas_safe | reference_style | fid_diverse,"Ukiyo-e scene of a woman guiding two children in calligraphy at a low writing table inside a tatami room, with shoji screens, garden plants, delicate linework, and a calm muted color palette."
track1_0621,generic_artwork,caption_content | requested_text_policy,free_crop_allowed | aspect_variation_allowed | style_variation_allowed,caption-led subject | medium-appropriate composition | avoid batch template,painting_or_brushwork_surface,"[{""confidence"": 1.0, ""guard_notes"": [], ""guard_status"": ""rule"", ""height"": 1024, ""label"": ""square_artwork"", ""prompt_directive"": ""Use a balanced square artwork canvas only when the caption does not imply a poster, scroll, spread, or panel format."", ""reason"": """", ""source"": ""rule"", ""width"": 1024}]",aas_safe | reference_style | fid_diverse,"Ink and wash painting of a serene garden rock surrounded by flowering shrubs, leafy branches, grasses, calligraphy, and red seals on a warm beige background with delicate brushwork."
track1_0629,generic_artwork,caption_content | requested_text_policy,free_crop_allowed | aspect_variation_allowed | style_variation_allowed,caption-led subject | medium-appropriate composition | avoid batch template,painting_or_brushwork_surface,"[{""confidence"": 1.0, ""guard_notes"": [], ""guard_status"": ""rule"", ""height"": 1024, ""label"": ""square_artwork"", ""prompt_directive"": ""Use a balanced square artwork canvas only when the caption does not imply a poster, scroll, spread, or panel format."", ""reason"": """", ""source"": ""rule"", ""width"": 1024}]",aas_safe | reference_style | fid_diverse,"Ink and wash painting of a serene mountain landscape with pine trees, a small lone figure on a winding path, distant misty peaks, red seals, and delicate muted brushwork on aged silk."
track1_0664,generic_artwork,caption_content | requested_text_policy,free_crop_allowed | aspect_variation_allowed | style_variation_allowed,caption-led subject | medium-appropriate composition | avoid batch template,painting_or_brushwork_surface,"[{""confidence"": 1.0, ""guard_notes"": [], ""guard_status"": ""rule"", ""height"": 1024, ""label"": ""square_artwork"", ""prompt_directive"": ""Use a balanced square artwork canvas only when the caption does not imply a poster, scroll, spread, or panel format."", ""reason"": """", ""source"": ""rule"", ""width"": 1024}]",aas_safe | reference_style | fid_diverse,"Ink and wash painting of a fan-shaped landscape with trees, distant mountains, a quiet riverside path, and small calligraphy, rendered in delicate monochrome brushwork on warm paper."
track1_0674,generic_artwork,caption_content | requested_text_policy,free_crop_allowed | aspect_variation_allowed | style_variation_allowed,caption-led subject | medium-appropriate composition | avoid batch template,generic_artwork_surface,"[{""confidence"": 1.0, ""guard_notes"": [], ""guard_status"": ""rule"", ""height"": 1024, ""label"": ""square_artwork"", ""prompt_directive"": ""Use a balanced square artwork canvas only when the caption does not imply a poster, scroll, spread, or panel format."", ""reason"": """", ""source"": ""rule"", ""width"": 1024}]",aas_safe | reference_style | fid_diverse,"Ukiyo-e composition of slender fish swimming beside yellow blossoms and blue-green leaves, with delicate linework, muted colors, Japanese calligraphy, and red seals on a pale parchment background."
track1_0698,generic_artwork,caption_content | requested_text_policy,free_crop_allowed | aspect_variation_allowed | style_variation_allowed,caption-led subject | medium-appropriate composition | avoid batch template,painting_or_brushwork_surface,"[{""confidence"": 1.0, ""guard_notes"": [], ""guard_status"": ""rule"", ""height"": 1024, ""label"": ""square_artwork"", ""prompt_directive"": ""Use a balanced square artwork canvas only when the caption does not imply a poster, scroll, spread, or panel format."", ""reason"": """", ""source"": ""rule"", ""width"": 1024}]",aas_safe | reference_style | fid_diverse,"Ink and wash painting of a fan-shaped composition with delicate bamboo, grasses, and blooming plum branches on aged paper, accented by calligraphy and red seals in a calm, minimal palette."
track1_0719,generic_artwork,caption_content | requested_text_policy,free_crop_allowed | aspect_variation_allowed | style_variation_allowed,caption-led subject | medium-appropriate composition | avoid batch template,painting_or_brushwork_surface,"[{""confidence"": 1.0, ""guard_notes"": [], ""guard_status"": ""rule"", ""height"": 1024, ""label"": ""square_artwork"", ""prompt_directive"": ""Use a balanced square artwork canvas only when the caption does not imply a poster, scroll, spread, or panel format."", ""reason"": """", ""source"": ""rule"", ""width"": 1024}]",aas_safe | reference_style | fid_diverse,"A Gongbi painting of a fish swimming among aquatic plants and dark stones, rendered with delicate ink lines, muted washes, calligraphy, and red seals in a calm composition."
track1_0727,generic_artwork,caption_content | requested_text_policy,free_crop_allowed | aspect_variation_allowed | style_variation_allowed,caption-led subject | medium-appropriate composition | avoid batch template,painting_or_brushwork_surface,"[{""confidence"": 1.0, ""guard_notes"": [], ""guard_status"": ""rule"", ""height"": 1024, ""label"": ""square_artwork"", ""prompt_directive"": ""Use a balanced square artwork canvas only when the caption does not imply a poster, scroll, spread, or panel format."", ""reason"": """", ""source"": ""rule"", ""width"": 1024}]",aas_safe | reference_style | fid_diverse,"Ink and wash painting of a serene monochrome mountain-and-river landscape with layered hills, clustered trees, a small riverside pavilion, calligraphy in the corner, and delicate textured brushwork."
track1_0739,generic_artwork,caption_content | requested_text_policy,free_crop_allowed | aspect_variation_allowed | style_variation_allowed,caption-led subject | medium-appropriate composition | avoid batch template,generic_artwork_surface,"[{""confidence"": 1.0, ""guard_notes"": [], ""guard_status"": ""rule"", ""height"": 1024, ""label"": ""square_artwork"", ""prompt_directive"": ""Use a balanced square artwork canvas only when the caption does not imply a poster, scroll, spread, or panel format."", ""reason"": """", ""source"": ""rule"", ""width"": 1024}]",aas_safe | reference_style | fid_diverse,"A Gongbi botanical composition of orange blossoms rising from dense green foliage on a pale silk ground, with delicate linework, muted colors, calligraphy, and a red seal."
track1_0762,generic_artwork,caption_content | requested_text_policy,free_crop_allowed | aspect_variation_allowed | style_variation_allowed,caption-led subject | medium-appropriate composition | avoid batch template,painting_or_brushwork_surface,"[{""confidence"": 1.0, ""guard_notes"": [], ""guard_status"": ""rule"", ""height"": 1024, ""label"": ""square_artwork"", ""prompt_directive"": ""Use a balanced square artwork canvas only when the caption does not imply a poster, scroll, spread, or panel format."", ""reason"": """", ""source"": ""rule"", ""width"": 1024}]",aas_safe | reference_style | fid_diverse,"Ink and wash painting of a fan-shaped mountain landscape with trees, rocky slopes, a small hut, and calligraphy inscriptions, rendered in delicate monochrome brushwork on aged paper."
track1_0780,generic_artwork,caption_content | requested_text_policy,free_crop_allowed | aspect_variation_allowed | style_variation_allowed,caption-led subject | medium-appropriate composition | avoid batch template,painting_or_brushwork_surface,"[{""confidence"": 1.0, ""guard_notes"": [], ""guard_status"": ""rule"", ""height"": 1024, ""label"": ""square_artwork"", ""prompt_directive"": ""Use a balanced square artwork canvas only when the caption does not imply a poster, scroll, spread, or panel format."", ""reason"": """", ""source"": ""rule"", ""width"": 1024}]",aas_safe | reference_style | fid_diverse,"Ink and wash painting of a fan-shaped mountain landscape with misty hills, clustered trees, small houses, and calligraphy, rendered in delicate monochrome brushwork on beige paper."
track1_0782,generic_artwork,caption_content | requested_text_policy,free_crop_allowed | aspect_variation_allowed | style_variation_allowed,caption-led subject | medium-appropriate composition | avoid batch template,painting_or_brushwork_surface,"[{""confidence"": 1.0, ""guard_notes"": [], ""guard_status"": ""rule"", ""height"": 1024, ""label"": ""square_artwork"", ""prompt_directive"": ""Use a balanced square artwork canvas only when the caption does not imply a poster, scroll, spread, or panel format."", ""reason"": """", ""source"": ""rule"", ""width"": 1024}]",aas_safe | reference_style | fid_diverse,"Ink and wash painting of a serene lakeside landscape with clustered trees, a small rustic structure, distant mountains, soft gray brushwork, and calligraphy in the upper right."
track1_0785,generic_artwork,caption_content | requested_text_policy,free_crop_allowed | aspect_variation_allowed | style_variation_allowed,caption-led subject | medium-appropriate composition | avoid batch template,painting_or_brushwork_surface,"[{""confidence"": 1.0, ""guard_notes"": [], ""guard_status"": ""rule"", ""height"": 1024, ""label"": ""square_artwork"", ""prompt_directive"": ""Use a balanced square artwork canvas only when the caption does not imply a poster, scroll, spread, or panel format."", ""reason"": """", ""source"": ""rule"", ""width"": 1024}]",aas_safe | reference_style | fid_diverse,"Ink and wash painting of a serene mountainous landscape with clustered trees, small hillside houses, winding paths, and calligraphy, rendered with delicate brushwork and a muted earthy color palette."
track1_0841,generic_artwork,caption_content | requested_text_policy,free_crop_allowed | aspect_variation_allowed | style_variation_allowed,caption-led subject | medium-appropriate composition | avoid batch template,painting_or_brushwork_surface,"[{""confidence"": 1.0, ""guard_notes"": [], ""guard_status"": ""rule"", ""height"": 1024, ""label"": ""square_artwork"", ""prompt_directive"": ""Use a balanced square artwork canvas only when the caption does not imply a poster, scroll, spread, or panel format."", ""reason"": """", ""source"": ""rule"", ""width"": 1024}]",aas_safe | reference_style | fid_diverse,"Ink and wash painting of a lone traveler guiding two loaded pack animals along a sparse mountain path, with delicate brushwork, muted sepia tones, overhanging tree branches, and vertical calligraphy."
track1_0852,generic_artwork,caption_content | requested_text_policy,free_crop_allowed | aspect_variation_allowed | style_variation_allowed,caption-led subject | medium-appropriate composition | avoid batch template,generic_artwork_surface,"[{""confidence"": 1.0, ""guard_notes"": [], ""guard_status"": ""rule"", ""height"": 1024, ""label"": ""square_artwork"", ""prompt_directive"": ""Use a balanced square artwork canvas only when the caption does not imply a poster, scroll, spread, or panel format."", ""reason"": """", ""source"": ""rule"", ""width"": 1024}]",aas_safe | reference_style | fid_diverse,"Ukiyo-e portrait of a veiled figure in an ornate floral kimono before a coastal landscape with boats, an island, calligraphy panels, flat colors, and delicate linework."
track1_0882,generic_artwork,caption_content | requested_text_policy,free_crop_allowed | aspect_variation_allowed | style_variation_allowed,caption-led subject | medium-appropriate composition | avoid batch template,generic_artwork_surface,"[{""confidence"": 1.0, ""guard_notes"": [], ""guard_status"": ""rule"", ""height"": 1024, ""label"": ""square_artwork"", ""prompt_directive"": ""Use a balanced square artwork canvas only when the caption does not imply a poster, scroll, spread, or panel format."", ""reason"": """", ""source"": ""rule"", ""width"": 1024}]",aas_safe | reference_style | fid_diverse,"A Gongbi painting of delicate pink, white, and red poppy-like flowers with finely outlined green foliage, subtle shading, and calligraphy on a warm beige silk background."
track1_0885,generic_artwork,caption_content | requested_text_policy,free_crop_allowed | aspect_variation_allowed | style_variation_allowed,caption-led subject | medium-appropriate composition | avoid batch template,painting_or_brushwork_surface,"[{""confidence"": 1.0, ""guard_notes"": [], ""guard_status"": ""rule"", ""height"": 1024, ""label"": ""square_artwork"", ""prompt_directive"": ""Use a balanced square artwork canvas only when the caption does not imply a poster, scroll, spread, or panel format."", ""reason"": """", ""source"": ""rule"", ""width"": 1024}]",aas_safe | reference_style | fid_diverse,"Ink and wash painting of a vertical mountain landscape with steep cliffs, sparse trees, misty washes, a winding stream or path, and Chinese calligraphy along the side."
track1_0930,generic_artwork,caption_content | requested_text_policy,free_crop_allowed | aspect_variation_allowed | style_variation_allowed,caption-led subject | medium-appropriate composition | avoid batch template,painting_or_brushwork_surface,"[{""confidence"": 1.0, ""guard_notes"": [], ""guard_status"": ""rule"", ""height"": 1024, ""label"": ""square_artwork"", ""prompt_directive"": ""Use a balanced square artwork canvas only when the caption does not imply a poster, scroll, spread, or panel format."", ""reason"": """", ""source"": ""rule"", ""width"": 1024}]",aas_safe | reference_style | fid_diverse,"Ink and wash painting of a serene mountainous riverside landscape with layered rocky peaks, pine trees, a small pavilion by the water, tiny boats, and delicate calligraphy in a soft monochrome palette."
track1_0937,generic_artwork,caption_content | requested_text_policy,free_crop_allowed | aspect_variation_allowed | style_variation_allowed,caption-led subject | medium-appropriate composition | avoid batch template,painting_or_brushwork_surface,"[{""confidence"": 1.0, ""guard_notes"": [], ""guard_status"": ""rule"", ""height"": 1024, ""label"": ""square_artwork"", ""prompt_directive"": ""Use a balanced square artwork canvas only when the caption does not imply a poster, scroll, spread, or panel format."", ""reason"": """", ""source"": ""rule"", ""width"": 1024}]",aas_safe | reference_style | fid_diverse,"Ink and wash painting of a serene mountainous landscape with clustered trees, rocky slopes, small houses in a valley, calligraphy inscriptions, and red seal stamps rendered with delicate monochrome brushwork."
track1_0948,generic_artwork,caption_content | requested_text_policy,free_crop_allowed | aspect_variation_allowed | style_variation_allowed,caption-led subject | medium-appropriate composition | avoid batch template,painting_or_brushwork_surface,"[{""confidence"": 1.0, ""guard_notes"": [], ""guard_status"": ""rule"", ""height"": 1024, ""label"": ""square_artwork"", ""prompt_directive"": ""Use a balanced square artwork canvas only when the caption does not imply a poster, scroll, spread, or panel format."", ""reason"": """", ""source"": ""rule"", ""width"": 1024}]",aas_safe | reference_style | fid_diverse,"A Gongbi painting of a blue peacock perched on a gnarled tree trunk among delicate pink blossoms, with fine brushwork, precise line details, soft colors, and vertical calligraphy."
track1_0979,generic_artwork,caption_content | requested_text_policy,free_crop_allowed | aspect_variation_allowed | style_variation_allowed,caption-led subject | medium-appropriate composition | avoid batch template,generic_artwork_surface,"[{""confidence"": 1.0, ""guard_notes"": [], ""guard_status"": ""rule"", ""height"": 1024, ""label"": ""square_artwork"", ""prompt_directive"": ""Use a balanced square artwork canvas only when the caption does not imply a poster, scroll, spread, or panel format."", ""reason"": """", ""source"": ""rule"", ""width"": 1024}]",aas_safe | reference_style | fid_diverse,"A Gongbi fan-shaped painting on aged beige paper with a delicate flowering branch, green leaves, fine linework, small calligraphy, and red seals in a calm minimal composition."
track1_0984,generic_artwork,caption_content | requested_text_policy,free_crop_allowed | aspect_variation_allowed | style_variation_allowed,caption-led subject | medium-appropriate composition | avoid batch template,painting_or_brushwork_surface,"[{""confidence"": 1.0, ""guard_notes"": [], ""guard_status"": ""rule"", ""height"": 1024, ""label"": ""square_artwork"", ""prompt_directive"": ""Use a balanced square artwork canvas only when the caption does not imply a poster, scroll, spread, or panel format."", ""reason"": """", ""source"": ""rule"", ""width"": 1024}]",aas_safe | reference_style | fid_diverse,"Ink and wash painting on a fan-shaped sheet with a sparse landscape of bare trees, grasses, rocks, and a small calligraphy inscription, rendered in muted ink tones with delicate brushwork."
track1_0985,generic_artwork,caption_content | requested_text_policy,free_crop_allowed | aspect_variation_allowed | style_variation_allowed,caption-led subject | medium-appropriate composition | avoid batch template,painting_or_brushwork_surface,"[{""confidence"": 1.0, ""guard_notes"": [], ""guard_status"": ""rule"", ""height"": 1024, ""label"": ""square_artwork"", ""prompt_directive"": ""Use a balanced square artwork canvas only when the caption does not imply a poster, scroll, spread, or panel format."", ""reason"": """", ""source"": ""rule"", ""width"": 1024}]",aas_safe | reference_style | fid_diverse,"Ink and wash painting of a tall vertical mountain landscape with rugged cliffs, pine trees, misty distant peaks, small huts by the water, and flowing calligraphy in a muted monochrome palette."
track1_0987,generic_artwork,caption_content | requested_text_policy,free_crop_allowed | aspect_variation_allowed | style_variation_allowed,caption-led subject | medium-appropriate composition | avoid batch template,painting_or_brushwork_surface,"[{""confidence"": 1.0, ""guard_notes"": [], ""guard_status"": ""rule"", ""height"": 1024, ""label"": ""square_artwork"", ""prompt_directive"": ""Use a balanced square artwork canvas only when the caption does not imply a poster, scroll, spread, or panel format."", ""reason"": """", ""source"": ""rule"", ""width"": 1024}]",aas_safe | reference_style | fid_diverse,"Ink and wash painting of a misty mountain slope with a twisted bare tree, sparse grasses, Chinese calligraphy, and red seals, rendered in soft washes and delicate brushwork."
track1_0003,generic_artwork,caption_content | relation_logic,free_crop_allowed | aspect_variation_allowed | style_variation_allowed,caption-led subject | medium-appropriate composition | avoid batch template,generic_artwork_surface,"[{""confidence"": 1.0, ""guard_notes"": [], ""guard_status"": ""rule"", ""height"": 1024, ""label"": ""square_artwork"", ""prompt_directive"": ""Use a balanced square artwork canvas only when the caption does not imply a poster, scroll, spread, or panel format."", ""reason"": """", ""source"": ""rule"", ""width"": 1024}]",aas_safe | reference_style | fid_diverse,"Ukiyo-e scene of a woman in a dark striped kimono carrying a folded umbrella and offering a bowl to a fish vendor beside a wooden tub, rendered with delicate linework and muted earthy colors."
track1_0085,generic_artwork,caption_content | relation_logic,free_crop_allowed | aspect_variation_allowed | style_variation_allowed,caption-led subject | medium-appropriate composition | avoid batch template,generic_artwork_surface,"[{""confidence"": 1.0, ""guard_notes"": [], ""guard_status"": ""rule"", ""height"": 1024, ""label"": ""square_artwork"", ""prompt_directive"": ""Use a balanced square artwork canvas only when the caption does not imply a poster, scroll, spread, or panel format."", ""reason"": """", ""source"": ""rule"", ""width"": 1024}]",aas_safe | reference_style | fid_diverse,"An Early Renaissance portrait of a veiled woman in rich red drapery holding a nude infant against a detailed green landscape, with crisp linework, luminous colors, and carefully modeled fabric folds."
track1_0092,generic_artwork,caption_content | relation_logic,free_crop_allowed | aspect_variation_allowed | style_variation_allowed,caption-led subject | medium-appropriate composition | avoid batch template,generic_artwork_surface,"[{""confidence"": 1.0, ""guard_notes"": [], ""guard_status"": ""rule"", ""height"": 1024, ""label"": ""square_artwork"", ""prompt_directive"": ""Use a balanced square artwork canvas only when the caption does not imply a poster, scroll, spread, or panel format."", ""reason"": """", ""source"": ""rule"", ""width"": 1024}]",aas_safe | reference_style | fid_diverse,"An Early Renaissance portrait of a dark-robed man holding an open book before a detailed Gothic church interior and courtyard, with fine linear detail, muted colors, and a solemn arched composition."
track1_0100,generic_artwork,caption_content | relation_logic,free_crop_allowed | aspect_variation_allowed | style_variation_allowed,caption-led subject | medium-appropriate composition | avoid batch template,generic_artwork_surface,"[{""confidence"": 1.0, ""guard_notes"": [], ""guard_status"": ""rule"", ""height"": 1024, ""label"": ""square_artwork"", ""prompt_directive"": ""Use a balanced square artwork canvas only when the caption does not imply a poster, scroll, spread, or panel format."", ""reason"": """", ""source"": ""rule"", ""width"": 1024}]",aas_safe | reference_style | fid_diverse,"A Ukiyo-e style scene of a woman in an orange patterned kimono standing by a wooden fence in slanting rain, holding a flowering branch beside a dark doorway with delicate linework and muted colors."
track1_0101,generic_artwork,caption_content | relation_logic,free_crop_allowed | aspect_variation_allowed | style_variation_allowed,caption-led subject | medium-appropriate composition | avoid batch template,generic_artwork_surface,"[{""confidence"": 1.0, ""guard_notes"": [], ""guard_status"": ""rule"", ""height"": 1024, ""label"": ""square_artwork"", ""prompt_directive"": ""Use a balanced square artwork canvas only when the caption does not imply a poster, scroll, spread, or panel format."", ""reason"": """", ""source"": ""rule"", ""width"": 1024}]",aas_safe | reference_style | fid_diverse,"A Mannerism (Late Renaissance) drawing of a standing robed figure holding a chalice and a large cross, set against a lightly sketched landscape with small figures below, rendered in delicate brown linework on warm toned paper."
track1_0103,generic_artwork,caption_content | relation_logic,free_crop_allowed | aspect_variation_allowed | style_variation_allowed,caption-led subject | medium-appropriate composition | avoid batch template,generic_artwork_surface,"[{""confidence"": 1.0, ""guard_notes"": [], ""guard_status"": ""rule"", ""height"": 1024, ""label"": ""square_artwork"", ""prompt_directive"": ""Use a balanced square artwork canvas only when the caption does not imply a poster, scroll, spread, or panel format."", ""reason"": """", ""source"": ""rule"", ""width"": 1024}]",aas_safe | reference_style | fid_diverse,"Ukiyo-e style portrait of an elegant woman in layered orange and patterned kimono holding an open fan beside a decorated folding screen, with delicate linework and a muted beige background."
track1_0148,generic_artwork,caption_content | relation_logic,free_crop_allowed | aspect_variation_allowed | style_variation_allowed,caption-led subject | medium-appropriate composition | avoid batch template,generic_artwork_surface,"[{""confidence"": 1.0, ""guard_notes"": [], ""guard_status"": ""rule"", ""height"": 1024, ""label"": ""square_artwork"", ""prompt_directive"": ""Use a balanced square artwork canvas only when the caption does not imply a poster, scroll, spread, or panel format."", ""reason"": """", ""source"": ""rule"", ""width"": 1024}]",aas_safe | reference_style | fid_diverse,"A High Renaissance half-length portrait of a richly dressed woman in a red gown with jeweled black sleeves, lace cuffs, an ornate feathered hat, and delicate hands holding a small chain against a dark green background."
track1_0150,generic_artwork,caption_content | relation_logic,free_crop_allowed | aspect_variation_allowed | style_variation_allowed,caption-led subject | medium-appropriate composition | avoid batch template,generic_artwork_surface,"[{""confidence"": 1.0, ""guard_notes"": [], ""guard_status"": ""rule"", ""height"": 1024, ""label"": ""square_artwork"", ""prompt_directive"": ""Use a balanced square artwork canvas only when the caption does not imply a poster, scroll, spread, or panel format."", ""reason"": """", ""source"": ""rule"", ""width"": 1024}]",aas_safe | reference_style | fid_diverse,"Mannerism (Late Renaissance) painting of a haloed woman in a green veil and red dress holding a nude infant with a small bird, accompanied by other haloed figures in a dark, solemn composition with rich colors and soft chiaroscuro."
track1_0165,generic_artwork,caption_content | relation_logic,free_crop_allowed | aspect_variation_allowed | style_variation_allowed,caption-led subject | medium-appropriate composition | avoid batch template,generic_artwork_surface,"[{""confidence"": 1.0, ""guard_notes"": [], ""guard_status"": ""rule"", ""height"": 1024, ""label"": ""square_artwork"", ""prompt_directive"": ""Use a balanced square artwork canvas only when the caption does not imply a poster, scroll, spread, or panel format."", ""reason"": """", ""source"": ""rule"", ""width"": 1024}]",aas_safe | reference_style | fid_diverse,"Ukiyo-e style scene of a man in patterned robes standing on a wooden boat amid stylized waves, carrying a large bundled roll with bold outlines and a muted earthy color palette."
track1_0177,generic_artwork,caption_content | relation_logic,free_crop_allowed | aspect_variation_allowed | style_variation_allowed,caption-led subject | medium-appropriate composition | avoid batch template,generic_artwork_surface,"[{""confidence"": 1.0, ""guard_notes"": [], ""guard_status"": ""rule"", ""height"": 1024, ""label"": ""square_artwork"", ""prompt_directive"": ""Use a balanced square artwork canvas only when the caption does not imply a poster, scroll, spread, or panel format."", ""reason"": """", ""source"": ""rule"", ""width"": 1024}]",aas_safe | reference_style | fid_diverse,"A Mannerism (Late Renaissance) black-and-white engraving of a grotesque muscular sea creature with a scaled tail, clawed hand, leaf-like wings, and a large shell horn, rendered with dense cross-hatching and dramatic light and shadow."
track1_0183,generic_artwork,caption_content | relation_logic,free_crop_allowed | aspect_variation_allowed | style_variation_allowed,caption-led subject | medium-appropriate composition | avoid batch template,generic_artwork_surface,"[{""confidence"": 1.0, ""guard_notes"": [], ""guard_status"": ""rule"", ""height"": 1024, ""label"": ""square_artwork"", ""prompt_directive"": ""Use a balanced square artwork canvas only when the caption does not imply a poster, scroll, spread, or panel format."", ""reason"": """", ""source"": ""rule"", ""width"": 1024}]",aas_safe | reference_style | fid_diverse,"A Baroque religious scene of the Madonna holding the infant Christ beside a robed male saint in a lush landscape, with cherubs and angels among clouds, rich blue and ochre drapery, and dramatic light against a deep sky."
track1_0199,generic_artwork,caption_content | relation_logic,free_crop_allowed | aspect_variation_allowed | style_variation_allowed,caption-led subject | medium-appropriate composition | avoid batch template,generic_artwork_surface,"[{""confidence"": 1.0, ""guard_notes"": [], ""guard_status"": ""rule"", ""height"": 1024, ""label"": ""square_artwork"", ""prompt_directive"": ""Use a balanced square artwork canvas only when the caption does not imply a poster, scroll, spread, or panel format."", ""reason"": """", ""source"": ""rule"", ""width"": 1024}]",aas_safe | reference_style | fid_diverse,"A solemn Early Renaissance portrait of a woman in a deep red dress and black veil holding a small red flower before an arched opening with dark trees and a muted landscape beyond, rendered with fine linear detail and subdued colors."
track1_0209,generic_artwork,caption_content | relation_logic,free_crop_allowed | aspect_variation_allowed | style_variation_allowed,caption-led subject | medium-appropriate composition | avoid batch template,generic_artwork_surface,"[{""confidence"": 1.0, ""guard_notes"": [], ""guard_status"": ""rule"", ""height"": 1024, ""label"": ""square_artwork"", ""prompt_directive"": ""Use a balanced square artwork canvas only when the caption does not imply a poster, scroll, spread, or panel format."", ""reason"": """", ""source"": ""rule"", ""width"": 1024}]",aas_safe | reference_style | fid_diverse,"Ukiyo-e portrait of an elegant woman in a patterned kimono leaning beside a large paper umbrella and looking toward a seated man below, with delicate linework and a muted beige color palette."
track1_0259,generic_artwork,caption_content | relation_logic,free_crop_allowed | aspect_variation_allowed | style_variation_allowed,caption-led subject | medium-appropriate composition | avoid batch template,generic_artwork_surface,"[{""confidence"": 1.0, ""guard_notes"": [], ""guard_status"": ""rule"", ""height"": 1024, ""label"": ""square_artwork"", ""prompt_directive"": ""Use a balanced square artwork canvas only when the caption does not imply a poster, scroll, spread, or panel format."", ""reason"": """", ""source"": ""rule"", ""width"": 1024}]",aas_safe | reference_style | fid_diverse,"A Ukiyo-e portrait of a kimono-clad figure in profile with an obscured face, holding a rolled letter against a muted textured background with delicate linework and subdued earth tones."
track1_0269,generic_artwork,caption_content | relation_logic,free_crop_allowed | aspect_variation_allowed | style_variation_allowed,caption-led subject | medium-appropriate composition | avoid batch template,generic_artwork_surface,"[{""confidence"": 1.0, ""guard_notes"": [], ""guard_status"": ""rule"", ""height"": 1024, ""label"": ""square_artwork"", ""prompt_directive"": ""Use a balanced square artwork canvas only when the caption does not imply a poster, scroll, spread, or panel format."", ""reason"": """", ""source"": ""rule"", ""width"": 1024}]",aas_safe | reference_style | fid_diverse,"A Ukiyo-e scene of lively procession figures carrying a large parasol and small boxes, rendered with delicate linework, muted earthy colors, and an aged paper texture."
track1_0298,generic_artwork,caption_content | relation_logic,free_crop_allowed | aspect_variation_allowed | style_variation_allowed,caption-led subject | medium-appropriate composition | avoid batch template,generic_artwork_surface,"[{""confidence"": 1.0, ""guard_notes"": [], ""guard_status"": ""rule"", ""height"": 1024, ""label"": ""square_artwork"", ""prompt_directive"": ""Use a balanced square artwork canvas only when the caption does not imply a poster, scroll, spread, or panel format."", ""reason"": """", ""source"": ""rule"", ""width"": 1024}]",aas_safe | reference_style | fid_diverse,"An Early Renaissance devotional portrait of a blue-robed Madonna holding a nude infant against a dark background within a wooden frame, with delicate hands, soft modeling, and a solemn intimate mood."
track1_0318,generic_artwork,caption_content | relation_logic,free_crop_allowed | aspect_variation_allowed | style_variation_allowed,caption-led subject | medium-appropriate composition | avoid batch template,generic_artwork_surface,"[{""confidence"": 1.0, ""guard_notes"": [], ""guard_status"": ""rule"", ""height"": 1024, ""label"": ""square_artwork"", ""prompt_directive"": ""Use a balanced square artwork canvas only when the caption does not imply a poster, scroll, spread, or panel format."", ""reason"": """", ""source"": ""rule"", ""width"": 1024}]",aas_safe | reference_style | fid_diverse,"A Ukiyo-e portrait of an elegant woman in a black kimono with an elaborate coiffure and hair comb, holding a curved red lattice fan against a muted beige background with fine linework."
track1_0331,generic_artwork,caption_content | relation_logic,free_crop_allowed | aspect_variation_allowed | style_variation_allowed,caption-led subject | medium-appropriate composition | avoid batch template,generic_artwork_surface,"[{""confidence"": 1.0, ""guard_notes"": [], ""guard_status"": ""rule"", ""height"": 1024, ""label"": ""square_artwork"", ""prompt_directive"": ""Use a balanced square artwork canvas only when the caption does not imply a poster, scroll, spread, or panel format."", ""reason"": """", ""source"": ""rule"", ""width"": 1024}]",aas_safe | reference_style | fid_diverse,"A Baroque portrait of a seated figure in blue armor and flowing red drapery leaning beside a bull’s head, illuminated by dramatic chiaroscuro against a dark background."
track1_0385,generic_artwork,caption_content | relation_logic,free_crop_allowed | aspect_variation_allowed | style_variation_allowed,caption-led subject | medium-appropriate composition | avoid batch template,generic_artwork_surface,"[{""confidence"": 1.0, ""guard_notes"": [], ""guard_status"": ""rule"", ""height"": 1024, ""label"": ""square_artwork"", ""prompt_directive"": ""Use a balanced square artwork canvas only when the caption does not imply a poster, scroll, spread, or panel format."", ""reason"": """", ""source"": ""rule"", ""width"": 1024}]",aas_safe | reference_style | fid_diverse,"Ukiyo-e portrait of an elegantly dressed woman in a patterned kimono standing beneath leafy branches, holding a folding fan beside a quiet riverside landscape with delicate linework and muted colors."
track1_0394,generic_artwork,caption_content | relation_logic,free_crop_allowed | aspect_variation_allowed | style_variation_allowed,caption-led subject | medium-appropriate composition | avoid batch template,generic_artwork_surface,"[{""confidence"": 1.0, ""guard_notes"": [], ""guard_status"": ""rule"", ""height"": 1024, ""label"": ""square_artwork"", ""prompt_directive"": ""Use a balanced square artwork canvas only when the caption does not imply a poster, scroll, spread, or panel format."", ""reason"": """", ""source"": ""rule"", ""width"": 1024}]",aas_safe | reference_style | fid_diverse,"An Early Renaissance diptych-style scene with a winged angel holding a staff and gesturing toward a robed woman beneath a hovering dove, set in arched niches with muted tones, crisp drapery folds, and a solemn atmosphere."
track1_0432,generic_artwork,caption_content | relation_logic,free_crop_allowed | aspect_variation_allowed | style_variation_allowed,caption-led subject | medium-appropriate composition | avoid batch template,generic_artwork_surface,"[{""confidence"": 1.0, ""guard_notes"": [], ""guard_status"": ""rule"", ""height"": 1024, ""label"": ""square_artwork"", ""prompt_directive"": ""Use a balanced square artwork canvas only when the caption does not imply a poster, scroll, spread, or panel format."", ""reason"": """", ""source"": ""rule"", ""width"": 1024}]",aas_safe | reference_style | fid_diverse,"An Early Renaissance devotional portrait of a robed mother holding an infant against a stippled gold background, framed by an ornate gilded arch with dark script and a solemn sacred atmosphere."
track1_0472,generic_artwork,caption_content | relation_logic,free_crop_allowed | aspect_variation_allowed | style_variation_allowed,caption-led subject | medium-appropriate composition | avoid batch template,generic_artwork_surface,"[{""confidence"": 1.0, ""guard_notes"": [], ""guard_status"": ""rule"", ""height"": 1024, ""label"": ""square_artwork"", ""prompt_directive"": ""Use a balanced square artwork canvas only when the caption does not imply a poster, scroll, spread, or panel format."", ""reason"": """", ""source"": ""rule"", ""width"": 1024}]",aas_safe | reference_style | fid_diverse,"An Early Renaissance portrait of a young man in a black cap and dark fur-trimmed robe, holding red rosary beads against a muted green background with subdued lighting and fine painted texture."
track1_0477,generic_artwork,caption_content | relation_logic,free_crop_allowed | aspect_variation_allowed | style_variation_allowed,caption-led subject | medium-appropriate composition | avoid batch template,generic_artwork_surface,"[{""confidence"": 1.0, ""guard_notes"": [], ""guard_status"": ""rule"", ""height"": 1024, ""label"": ""square_artwork"", ""prompt_directive"": ""Use a balanced square artwork canvas only when the caption does not imply a poster, scroll, spread, or panel format."", ""reason"": """", ""source"": ""rule"", ""width"": 1024}]",aas_safe | reference_style | fid_diverse,"Ukiyo-e print of a standing Japanese performer in an ornate patterned kimono holding a curved sword, surrounded by flowering branches, bold outlines, and muted flat colors."
track1_0508,generic_artwork,caption_content | relation_logic,free_crop_allowed | aspect_variation_allowed | style_variation_allowed,caption-led subject | medium-appropriate composition | avoid batch template,generic_artwork_surface,"[{""confidence"": 1.0, ""guard_notes"": [], ""guard_status"": ""rule"", ""height"": 1024, ""label"": ""square_artwork"", ""prompt_directive"": ""Use a balanced square artwork canvas only when the caption does not imply a poster, scroll, spread, or panel format."", ""reason"": """", ""source"": ""rule"", ""width"": 1024}]",aas_safe | reference_style | fid_diverse,"A Baroque reddish-brown engraving of a robed figure leaning over a lectern to read from an open book, with a skull on the stand, a small dog at the feet, and dense cross-hatched shading creating a solemn atmosphere."
track1_0535,generic_artwork,caption_content | relation_logic,free_crop_allowed | aspect_variation_allowed | style_variation_allowed,caption-led subject | medium-appropriate composition | avoid batch template,generic_artwork_surface,"[{""confidence"": 1.0, ""guard_notes"": [], ""guard_status"": ""rule"", ""height"": 1024, ""label"": ""square_artwork"", ""prompt_directive"": ""Use a balanced square artwork canvas only when the caption does not imply a poster, scroll, spread, or panel format."", ""reason"": """", ""source"": ""rule"", ""width"": 1024}]",aas_safe | reference_style | fid_diverse,"A Baroque hand-colored engraving of a burning ancient city with classical architecture, crowds fleeing through chaotic streets, dark smoke, and dramatic flames in a tense historical scene."
track1_0564,generic_artwork,caption_content | relation_logic,free_crop_allowed | aspect_variation_allowed | style_variation_allowed,caption-led subject | medium-appropriate composition | avoid batch template,generic_artwork_surface,"[{""confidence"": 1.0, ""guard_notes"": [], ""guard_status"": ""rule"", ""height"": 1024, ""label"": ""square_artwork"", ""prompt_directive"": ""Use a balanced square artwork canvas only when the caption does not imply a poster, scroll, spread, or panel format."", ""reason"": """", ""source"": ""rule"", ""width"": 1024}]",aas_safe | reference_style | fid_diverse,"Ukiyo-e portrait of a woman in a dark patterned kimono holding layered parasols during falling snow, with flat muted colors, delicate linework, and a calm winter atmosphere."
track1_0565,generic_artwork,caption_content | relation_logic,free_crop_allowed | aspect_variation_allowed | style_variation_allowed,caption-led subject | medium-appropriate composition | avoid batch template,generic_artwork_surface,"[{""confidence"": 1.0, ""guard_notes"": [], ""guard_status"": ""rule"", ""height"": 1024, ""label"": ""square_artwork"", ""prompt_directive"": ""Use a balanced square artwork canvas only when the caption does not imply a poster, scroll, spread, or panel format."", ""reason"": """", ""source"": ""rule"", ""width"": 1024}]",aas_safe | reference_style | fid_diverse,"Ukiyo-e style scene of two elegantly dressed women in patterned kimonos, one holding a parasol, walking beside a small pavilion with birds overhead, rendered in delicate linework and muted earthy colors."
track1_0576,generic_artwork,caption_content | relation_logic,free_crop_allowed | aspect_variation_allowed | style_variation_allowed,caption-led subject | medium-appropriate composition | avoid batch template,generic_artwork_surface,"[{""confidence"": 1.0, ""guard_notes"": [], ""guard_status"": ""rule"", ""height"": 1024, ""label"": ""square_artwork"", ""prompt_directive"": ""Use a balanced square artwork canvas only when the caption does not imply a poster, scroll, spread, or panel format."", ""reason"": """", ""source"": ""rule"", ""width"": 1024}]",aas_safe | reference_style | fid_diverse,"A Baroque full-length portrait of two elegantly dressed aristocratic children holding hands beside a column and rich drapery, with ornate fabrics, soft light, and a gilded frame."
track1_0579,generic_artwork,caption_content | relation_logic,free_crop_allowed | aspect_variation_allowed | style_variation_allowed,caption-led subject | medium-appropriate composition | avoid batch template,generic_artwork_surface,"[{""confidence"": 1.0, ""guard_notes"": [], ""guard_status"": ""rule"", ""height"": 1024, ""label"": ""square_artwork"", ""prompt_directive"": ""Use a balanced square artwork canvas only when the caption does not imply a poster, scroll, spread, or panel format."", ""reason"": """", ""source"": ""rule"", ""width"": 1024}]",aas_safe | reference_style | fid_diverse,"A Baroque full-length portrait of a solemn nobleman in dark clothing standing beside a large white dog, holding a hat against a muted architectural background with soft chiaroscuro lighting."
track1_0601,generic_artwork,caption_content | relation_logic,free_crop_allowed | aspect_variation_allowed | style_variation_allowed,caption-led subject | medium-appropriate composition | avoid batch template,generic_artwork_surface,"[{""confidence"": 1.0, ""guard_notes"": [], ""guard_status"": ""rule"", ""height"": 1024, ""label"": ""square_artwork"", ""prompt_directive"": ""Use a balanced square artwork canvas only when the caption does not imply a poster, scroll, spread, or panel format."", ""reason"": """", ""source"": ""rule"", ""width"": 1024}]",aas_safe | reference_style | fid_diverse,"Ukiyo-e portrait of a woman holding a playful child, with delicate linework, muted colors, and a wisp of smoke curling beside her serene face."
track1_0610,generic_artwork,caption_content | relation_logic,free_crop_allowed | aspect_variation_allowed | style_variation_allowed,caption-led subject | medium-appropriate composition | avoid batch template,generic_artwork_surface,"[{""confidence"": 1.0, ""guard_notes"": [], ""guard_status"": ""rule"", ""height"": 1024, ""label"": ""square_artwork"", ""prompt_directive"": ""Use a balanced square artwork canvas only when the caption does not imply a poster, scroll, spread, or panel format."", ""reason"": """", ""source"": ""rule"", ""width"": 1024}]",aas_safe | reference_style | fid_diverse,"A Gongbi painting of a saddled horse with red tassels standing beside a robed attendant holding its lead, rendered with fine linework and a muted brown palette."
track1_0612,generic_artwork,caption_content | relation_logic,free_crop_allowed | aspect_variation_allowed | style_variation_allowed,caption-led subject | medium-appropriate composition | avoid batch template,generic_artwork_surface,"[{""confidence"": 1.0, ""guard_notes"": [], ""guard_status"": ""rule"", ""height"": 1024, ""label"": ""square_artwork"", ""prompt_directive"": ""Use a balanced square artwork canvas only when the caption does not imply a poster, scroll, spread, or panel format."", ""reason"": """", ""source"": ""rule"", ""width"": 1024}]",aas_safe | reference_style | fid_diverse,"Early Renaissance devotional scene of a robed woman holding a child beneath two winged angels presenting a crown, flanked by seated musicians in an arched architectural opening with a distant city landscape and rich, detailed drapery."
track1_0614,generic_artwork,caption_content | relation_logic,free_crop_allowed | aspect_variation_allowed | style_variation_allowed,caption-led subject | medium-appropriate composition | avoid batch template,generic_artwork_surface,"[{""confidence"": 1.0, ""guard_notes"": [], ""guard_status"": ""rule"", ""height"": 1024, ""label"": ""square_artwork"", ""prompt_directive"": ""Use a balanced square artwork canvas only when the caption does not imply a poster, scroll, spread, or panel format."", ""reason"": """", ""source"": ""rule"", ""width"": 1024}]",aas_safe | reference_style | fid_diverse,"Ukiyo-e scene of two women in patterned kimonos standing on a hillside above a quiet coastal landscape, one holding a closed parasol, with delicate linework and a muted earthy color palette."
track1_0640,generic_artwork,caption_content | relation_logic,free_crop_allowed | aspect_variation_allowed | style_variation_allowed,caption-led subject | medium-appropriate composition | avoid batch template,generic_artwork_surface,"[{""confidence"": 1.0, ""guard_notes"": [], ""guard_status"": ""rule"", ""height"": 1024, ""label"": ""square_artwork"", ""prompt_directive"": ""Use a balanced square artwork canvas only when the caption does not imply a poster, scroll, spread, or panel format."", ""reason"": """", ""source"": ""rule"", ""width"": 1024}]",aas_safe | reference_style | fid_diverse,"A Mannerism (Late Renaissance) portrait of an elaborately dressed woman in a feathered red hat and jeweled collar holding a long sword beside a partially obscured severed head, set against a dark background with crisp linear detail and rich red, green, and gold tones."
track1_0657,generic_artwork,caption_content | relation_logic,free_crop_allowed | aspect_variation_allowed | style_variation_allowed,caption-led subject | medium-appropriate composition | avoid batch template,generic_artwork_surface,"[{""confidence"": 1.0, ""guard_notes"": [], ""guard_status"": ""rule"", ""height"": 1024, ""label"": ""square_artwork"", ""prompt_directive"": ""Use a balanced square artwork canvas only when the caption does not imply a poster, scroll, spread, or panel format."", ""reason"": """", ""source"": ""rule"", ""width"": 1024}]",aas_safe | reference_style | fid_diverse,"High Renaissance portrait of a seated woman in a red robe holding a nude infant on draped cloth against a dark background, with soft modeling, warm muted colors, and a solemn devotional mood."
track1_0660,generic_artwork,caption_content | relation_logic,free_crop_allowed | aspect_variation_allowed | style_variation_allowed,caption-led subject | medium-appropriate composition | avoid batch template,generic_artwork_surface,"[{""confidence"": 1.0, ""guard_notes"": [], ""guard_status"": ""rule"", ""height"": 1024, ""label"": ""square_artwork"", ""prompt_directive"": ""Use a balanced square artwork canvas only when the caption does not imply a poster, scroll, spread, or panel format."", ""reason"": """", ""source"": ""rule"", ""width"": 1024}]",aas_safe | reference_style | fid_diverse,"An Early Renaissance circular portrait of a long-haired figure in a red robe with the face obscured by a brown square, raising a blessing hand while holding a globus cruciger and cross staff before a distant landscape with trees and a castle, enclosed in a gilded round frame."
track1_0703,generic_artwork,caption_content | relation_logic,free_crop_allowed | aspect_variation_allowed | style_variation_allowed,caption-led subject | medium-appropriate composition | avoid batch template,generic_artwork_surface,"[{""confidence"": 1.0, ""guard_notes"": [], ""guard_status"": ""rule"", ""height"": 1024, ""label"": ""square_artwork"", ""prompt_directive"": ""Use a balanced square artwork canvas only when the caption does not imply a poster, scroll, spread, or panel format."", ""reason"": """", ""source"": ""rule"", ""width"": 1024}]",aas_safe | reference_style | fid_diverse,"A Mannerism (Late Renaissance) monochrome engraving of an elongated nude female figure in profile holding a slender vase with a flowering plant, rendered with dense cross-hatching, fine linework, and dramatic sculptural shading."
track1_0754,generic_artwork,caption_content | relation_logic,free_crop_allowed | aspect_variation_allowed | style_variation_allowed,caption-led subject | medium-appropriate composition | avoid batch template,generic_artwork_surface,"[{""confidence"": 1.0, ""guard_notes"": [], ""guard_status"": ""rule"", ""height"": 1024, ""label"": ""square_artwork"", ""prompt_directive"": ""Use a balanced square artwork canvas only when the caption does not imply a poster, scroll, spread, or panel format."", ""reason"": """", ""source"": ""rule"", ""width"": 1024}]",aas_safe | reference_style | fid_diverse,"Ukiyo-e style portrait of a woman in layered patterned kimono holding a wrapped bundle and small doll, set against a turquoise background with decorative cartouches, delicate linework, and muted colors."
track1_0763,generic_artwork,caption_content | relation_logic,free_crop_allowed | aspect_variation_allowed | style_variation_allowed,caption-led subject | medium-appropriate composition | avoid batch template,generic_artwork_surface,"[{""confidence"": 1.0, ""guard_notes"": [], ""guard_status"": ""rule"", ""height"": 1024, ""label"": ""square_artwork"", ""prompt_directive"": ""Use a balanced square artwork canvas only when the caption does not imply a poster, scroll, spread, or panel format."", ""reason"": """", ""source"": ""rule"", ""width"": 1024}]",aas_safe | reference_style | fid_diverse,"A Mannerism (Late Renaissance) monochrome engraving of a nude classical male figure in an elongated contrapposto pose, holding a small flower-like object, with fine cross-hatched shading and a plain textured background."
track1_0784,generic_artwork,caption_content | relation_logic,free_crop_allowed | aspect_variation_allowed | style_variation_allowed,caption-led subject | medium-appropriate composition | avoid batch template,painting_or_brushwork_surface,"[{""confidence"": 1.0, ""guard_notes"": [], ""guard_status"": ""rule"", ""height"": 1024, ""label"": ""square_artwork"", ""prompt_directive"": ""Use a balanced square artwork canvas only when the caption does not imply a poster, scroll, spread, or panel format."", ""reason"": """", ""source"": ""rule"", ""width"": 1024}]",aas_safe | reference_style | fid_diverse,"Ink and wash painting of a serene riverside landscape with distant misty mountains, a small boat carrying a lone figure, willow trees on the shore, and sparse delicate brushwork in muted sepia tones."
track1_0806,generic_artwork,caption_content | relation_logic,free_crop_allowed | aspect_variation_allowed | style_variation_allowed,caption-led subject | medium-appropriate composition | avoid batch template,generic_artwork_surface,"[{""confidence"": 1.0, ""guard_notes"": [], ""guard_status"": ""rule"", ""height"": 1024, ""label"": ""square_artwork"", ""prompt_directive"": ""Use a balanced square artwork canvas only when the caption does not imply a poster, scroll, spread, or panel format."", ""reason"": """", ""source"": ""rule"", ""width"": 1024}]",aas_safe | reference_style | fid_diverse,"An Early Renaissance portrait of a young man in a deep red cloak with one hand holding a staff, set before a distant rural landscape under a blue-green sky with delicate linework and aged painted texture."
track1_0810,generic_artwork,caption_content | relation_logic,free_crop_allowed | aspect_variation_allowed | style_variation_allowed,caption-led subject | medium-appropriate composition | avoid batch template,generic_artwork_surface,"[{""confidence"": 1.0, ""guard_notes"": [], ""guard_status"": ""rule"", ""height"": 1024, ""label"": ""square_artwork"", ""prompt_directive"": ""Use a balanced square artwork canvas only when the caption does not imply a poster, scroll, spread, or panel format."", ""reason"": """", ""source"": ""rule"", ""width"": 1024}]",aas_safe | reference_style | fid_diverse,"A Ukiyo-e portrait of an elegantly dressed figure in an ornate patterned kimono holding a folded fan beneath a flowering tree, with delicate linework and muted earthy colors."
track1_0817,generic_artwork,caption_content | relation_logic,free_crop_allowed | aspect_variation_allowed | style_variation_allowed,caption-led subject | medium-appropriate composition | avoid batch template,generic_artwork_surface,"[{""confidence"": 1.0, ""guard_notes"": [], ""guard_status"": ""rule"", ""height"": 1024, ""label"": ""square_artwork"", ""prompt_directive"": ""Use a balanced square artwork canvas only when the caption does not imply a poster, scroll, spread, or panel format."", ""reason"": """", ""source"": ""rule"", ""width"": 1024}]",aas_safe | reference_style | fid_diverse,"A Baroque devotional scene of a seated woman in red and blue robes holding a nude child, with another child kneeling beside a lamb in a wooded landscape with flowers, distant hills, and dramatic light and shadow."
track1_0889,generic_artwork,caption_content | relation_logic,free_crop_allowed | aspect_variation_allowed | style_variation_allowed,caption-led subject | medium-appropriate composition | avoid batch template,generic_artwork_surface,"[{""confidence"": 1.0, ""guard_notes"": [], ""guard_status"": ""rule"", ""height"": 1024, ""label"": ""square_artwork"", ""prompt_directive"": ""Use a balanced square artwork canvas only when the caption does not imply a poster, scroll, spread, or panel format."", ""reason"": """", ""source"": ""rule"", ""width"": 1024}]",aas_safe | reference_style | fid_diverse,"Early Renaissance devotional panel with a winged archangel holding a cross staff and red shield while standing over a dragon beside Saint Francis in a brown robe with raised stigmatized hands, set against a textured gold background with a solemn atmosphere."
track1_0893,generic_artwork,caption_content | relation_logic,free_crop_allowed | aspect_variation_allowed | style_variation_allowed,caption-led subject | medium-appropriate composition | avoid batch template,generic_artwork_surface,"[{""confidence"": 1.0, ""guard_notes"": [], ""guard_status"": ""rule"", ""height"": 1024, ""label"": ""square_artwork"", ""prompt_directive"": ""Use a balanced square artwork canvas only when the caption does not imply a poster, scroll, spread, or panel format."", ""reason"": """", ""source"": ""rule"", ""width"": 1024}]",aas_safe | reference_style | fid_diverse,"An Early Renaissance annunciation scene with a winged angel in red robes kneeling before a blue-cloaked woman holding a book at an ornate Gothic doorway, set beside a quiet garden with delicate light, precise linework, and a solemn atmosphere."
track1_0899,generic_artwork,caption_content | relation_logic,free_crop_allowed | aspect_variation_allowed | style_variation_allowed,caption-led subject | medium-appropriate composition | avoid batch template,generic_artwork_surface,"[{""confidence"": 1.0, ""guard_notes"": [], ""guard_status"": ""rule"", ""height"": 1024, ""label"": ""square_artwork"", ""prompt_directive"": ""Use a balanced square artwork canvas only when the caption does not imply a poster, scroll, spread, or panel format."", ""reason"": """", ""source"": ""rule"", ""width"": 1024}]",aas_safe | reference_style | fid_diverse,"Ukiyo-e scene of samurai warriors carrying spears through a snowy mountain pass among snow-laden pine trees, with crisp linework, muted winter colors, and a calm yet solemn atmosphere."
track1_0931,generic_artwork,caption_content | relation_logic,free_crop_allowed | aspect_variation_allowed | style_variation_allowed,caption-led subject | medium-appropriate composition | avoid batch template,generic_artwork_surface,"[{""confidence"": 1.0, ""guard_notes"": [], ""guard_status"": ""rule"", ""height"": 1024, ""label"": ""square_artwork"", ""prompt_directive"": ""Use a balanced square artwork canvas only when the caption does not imply a poster, scroll, spread, or panel format."", ""reason"": """", ""source"": ""rule"", ""width"": 1024}]",aas_safe | reference_style | fid_diverse,"Ukiyo-e style scene of two women in patterned kimonos, one standing and one seated while holding a small lantern against a dark background with delicate linework and muted colors."
track1_0947,generic_artwork,caption_content | relation_logic,free_crop_allowed | aspect_variation_allowed | style_variation_allowed,caption-led subject | medium-appropriate composition | avoid batch template,generic_artwork_surface,"[{""confidence"": 1.0, ""guard_notes"": [], ""guard_status"": ""rule"", ""height"": 1024, ""label"": ""square_artwork"", ""prompt_directive"": ""Use a balanced square artwork canvas only when the caption does not imply a poster, scroll, spread, or panel format."", ""reason"": """", ""source"": ""rule"", ""width"": 1024}]",aas_safe | reference_style | fid_diverse,"A Baroque mythological landscape with a towering hunter holding a bow amid dense trees, small figures below, and a deity appearing on dramatic clouds over distant hills, rendered with deep shadows and warm natural light."
track1_0955,generic_artwork,caption_content | relation_logic,free_crop_allowed | aspect_variation_allowed | style_variation_allowed,caption-led subject | medium-appropriate composition | avoid batch template,generic_artwork_surface,"[{""confidence"": 1.0, ""guard_notes"": [], ""guard_status"": ""rule"", ""height"": 1024, ""label"": ""square_artwork"", ""prompt_directive"": ""Use a balanced square artwork canvas only when the caption does not imply a poster, scroll, spread, or panel format."", ""reason"": """", ""source"": ""rule"", ""width"": 1024}]",aas_safe | reference_style | fid_diverse,"Ukiyo-e style print of a kneeling woman in a patterned kimono holding red fabric by a blue lakeside, with swimmers in the water and a rugged mountain range in the background."
track1_0970,generic_artwork,caption_content | relation_logic,free_crop_allowed | aspect_variation_allowed | style_variation_allowed,caption-led subject | medium-appropriate composition | avoid batch template,generic_artwork_surface,"[{""confidence"": 1.0, ""guard_notes"": [], ""guard_status"": ""rule"", ""height"": 1024, ""label"": ""square_artwork"", ""prompt_directive"": ""Use a balanced square artwork canvas only when the caption does not imply a poster, scroll, spread, or panel format."", ""reason"": """", ""source"": ""rule"", ""width"": 1024}]",aas_safe | reference_style | fid_diverse,"Ukiyo-e print of a tall woman in a purple kimono leaning over to adjust the hood of a small child in layered red and green robes, with delicate linework, muted colors, and a sparse landscape background."
track1_0031,scroll_album_paper_support,caption_content | support_surface_required | requested_text_policy,preserve_support_aspect | medium_texture_variation_allowed | viewpoint_variation_allowed,visible paper support | folds or ruled grid | album or scroll framing,scroll_or_album_paper_support | painting_or_brushwork_surface,"[{""confidence"": 1.0, ""guard_notes"": [], ""guard_status"": ""rule"", ""height"": 768, ""label"": ""album_spread"", ""prompt_directive"": ""Use a landscape album-spread canvas; keep the page structure visible and front-facing."", ""reason"": """", ""source"": ""rule"", ""width"": 1024}]",aas_safe | reference_style | fid_diverse,"Ink and wash painting of an open Chinese album spread with calligraphy panels, red seals, and a delicate vignette of reeds on aged cream paper with soft muted brushwork."
track1_0075,scroll_album_paper_support,caption_content | support_surface_required | requested_text_policy,preserve_support_aspect | medium_texture_variation_allowed | viewpoint_variation_allowed,visible paper support | folds or ruled grid | album or scroll framing,scroll_or_album_paper_support | painting_or_brushwork_surface,"[{""confidence"": 1.0, ""guard_notes"": [], ""guard_status"": ""rule"", ""height"": 768, ""label"": ""album_spread"", ""prompt_directive"": ""Use a landscape album-spread canvas; keep the page structure visible and front-facing."", ""reason"": """", ""source"": ""rule"", ""width"": 1024}]",aas_safe | reference_style | fid_diverse,"Ink and wash painting of an antique Chinese album spread with dense calligraphy and red seals on the left, and a misty riverside mountain landscape with trees and a small boat on the right in delicate monochrome brushwork."
track1_0089,scroll_album_paper_support,caption_content | support_surface_required | requested_text_policy,preserve_support_aspect | medium_texture_variation_allowed | viewpoint_variation_allowed,visible paper support | folds or ruled grid | album or scroll framing,scroll_or_album_paper_support | painting_or_brushwork_surface,"[{""confidence"": 1.0, ""guard_notes"": [], ""guard_status"": ""rule"", ""height"": 768, ""label"": ""album_spread"", ""prompt_directive"": ""Use a landscape album-spread canvas; keep the page structure visible and front-facing."", ""reason"": """", ""source"": ""rule"", ""width"": 1024}]",aas_safe | reference_style | fid_diverse,"Ink and wash painting of an antique album spread with Chinese calligraphy on the left and a seated scholar beneath bamboo and rocks on the right, rendered with soft muted tones, delicate brushwork, and red seal impressions."
track1_0094,scroll_album_paper_support,caption_content | support_surface_required | requested_text_policy,preserve_support_aspect | medium_texture_variation_allowed | viewpoint_variation_allowed,visible paper support | folds or ruled grid | album or scroll framing,scroll_or_album_paper_support | painting_or_brushwork_surface,"[{""confidence"": 1.0, ""guard_notes"": [], ""guard_status"": ""rule"", ""height"": 768, ""label"": ""album_spread"", ""prompt_directive"": ""Use a landscape album-spread canvas; keep the page structure visible and front-facing."", ""reason"": """", ""source"": ""rule"", ""width"": 1024}]",aas_safe | reference_style | fid_diverse,"Ink and wash painting of an album spread with elegant Chinese calligraphy on the left and a muted monochrome study of a twisted tree, rocks, and grasses on the right, set on aged beige paper with delicate brushwork."
track1_0190,scroll_album_paper_support,caption_content | support_surface_required | requested_text_policy,preserve_support_aspect | medium_texture_variation_allowed | viewpoint_variation_allowed,visible paper support | folds or ruled grid | album or scroll framing,scroll_or_album_paper_support,"[{""confidence"": 1.0, ""guard_notes"": [], ""guard_status"": ""rule"", ""height"": 768, ""label"": ""album_spread"", ""prompt_directive"": ""Use a landscape album-spread canvas; keep the page structure visible and front-facing."", ""reason"": """", ""source"": ""rule"", ""width"": 1024}]",aas_safe | reference_style | fid_diverse,"A Gongbi style album spread with two muted portraits of seated robed figures in dark hats, framed by aged paper and vertical calligraphy inscriptions in a calm, antique composition."
track1_0396,scroll_album_paper_support,caption_content | support_surface_required | requested_text_policy,preserve_support_aspect | medium_texture_variation_allowed | viewpoint_variation_allowed,visible paper support | folds or ruled grid | album or scroll framing,scroll_or_album_paper_support | painting_or_brushwork_surface,"[{""confidence"": 1.0, ""guard_notes"": [], ""guard_status"": ""rule"", ""height"": 768, ""label"": ""album_spread"", ""prompt_directive"": ""Use a landscape album-spread canvas; keep the page structure visible and front-facing."", ""reason"": """", ""source"": ""rule"", ""width"": 1024}]",aas_safe | reference_style | fid_diverse,"Ink and wash painting of an antique album spread with dense Chinese calligraphy on the left, a dark misty mountain landscape on the right, red seal stamps, and aged cream paper."
track1_0427,scroll_album_paper_support,caption_content | support_surface_required | requested_text_policy,preserve_support_aspect | medium_texture_variation_allowed | viewpoint_variation_allowed,visible paper support | folds or ruled grid | album or scroll framing,scroll_or_album_paper_support | painting_or_brushwork_surface,"[{""confidence"": 1.0, ""guard_notes"": [], ""guard_status"": ""rule"", ""height"": 768, ""label"": ""album_spread"", ""prompt_directive"": ""Use a landscape album-spread canvas; keep the page structure visible and front-facing."", ""reason"": """", ""source"": ""rule"", ""width"": 1024}]",aas_safe | reference_style | fid_diverse,"Ink and wash painting of a traditional album spread with dense Chinese calligraphy on aged paper beside a misty mountain landscape of rocky cliffs, trees, and a small winding path, rendered with soft brushwork and muted sepia tones."
track1_0474,scroll_album_paper_support,caption_content | support_surface_required | requested_text_policy,preserve_support_aspect | medium_texture_variation_allowed | viewpoint_variation_allowed,visible paper support | folds or ruled grid | album or scroll framing,scroll_or_album_paper_support | painting_or_brushwork_surface,"[{""confidence"": 1.0, ""guard_notes"": [], ""guard_status"": ""rule"", ""height"": 768, ""label"": ""album_spread"", ""prompt_directive"": ""Use a landscape album-spread canvas; keep the page structure visible and front-facing."", ""reason"": """", ""source"": ""rule"", ""width"": 1024}]",aas_safe | reference_style | fid_diverse,"Ink and wash painting of a traditional album spread with a calligraphy panel and a small monochrome landscape of craggy rocks, sparse trees, and a tiny seated figure on warm aged paper with seal stamps."
track1_0492,scroll_album_paper_support,caption_content | support_surface_required | requested_text_policy,preserve_support_aspect | medium_texture_variation_allowed | viewpoint_variation_allowed,visible paper support | folds or ruled grid | album or scroll framing,scroll_or_album_paper_support | painting_or_brushwork_surface,"[{""confidence"": 1.0, ""guard_notes"": [], ""guard_status"": ""rule"", ""height"": 768, ""label"": ""album_spread"", ""prompt_directive"": ""Use a landscape album-spread canvas; keep the page structure visible and front-facing."", ""reason"": """", ""source"": ""rule"", ""width"": 1024}]",aas_safe | reference_style | fid_diverse,"Ink and wash painting of a traditional album spread with dense Chinese calligraphy on one page and a misty mountain landscape with trees, rocky slopes, and soft monochrome brushwork on the other."
track1_0512,scroll_album_paper_support,caption_content | support_surface_required | requested_text_policy,preserve_support_aspect | medium_texture_variation_allowed | viewpoint_variation_allowed,visible paper support | folds or ruled grid | album or scroll framing,scroll_or_album_paper_support | painting_or_brushwork_surface,"[{""confidence"": 1.0, ""guard_notes"": [], ""guard_status"": ""rule"", ""height"": 768, ""label"": ""album_spread"", ""prompt_directive"": ""Use a landscape album-spread canvas; keep the page structure visible and front-facing."", ""reason"": """", ""source"": ""rule"", ""width"": 1024}]",aas_safe | reference_style | fid_diverse,"An open album page with a delicate Gongbi landscape of misty mountains, calm water, small boats, and red seals rendered in fine lines and muted ink-wash colors."
track1_0615,scroll_album_paper_support,caption_content | support_surface_required | requested_text_policy,preserve_support_aspect | medium_texture_variation_allowed | viewpoint_variation_allowed,visible paper support | folds or ruled grid | album or scroll framing,scroll_or_album_paper_support | painting_or_brushwork_surface,"[{""confidence"": 1.0, ""guard_notes"": [], ""guard_status"": ""rule"", ""height"": 768, ""label"": ""album_spread"", ""prompt_directive"": ""Use a landscape album-spread canvas; keep the page structure visible and front-facing."", ""reason"": """", ""source"": ""rule"", ""width"": 1024}]",aas_safe | reference_style | fid_diverse,"Ink and wash painting of a traditional album spread with elegant calligraphy on the left and a small monochrome scene of bamboo growing beside a weathered rock on the right, rendered with delicate brushwork and a calm, aged paper texture."
track1_0823,scroll_album_paper_support,caption_content | support_surface_required | requested_text_policy,preserve_support_aspect | medium_texture_variation_allowed | viewpoint_variation_allowed,visible paper support | folds or ruled grid | album or scroll framing,scroll_or_album_paper_support | painting_or_brushwork_surface,"[{""confidence"": 1.0, ""guard_notes"": [], ""guard_status"": ""rule"", ""height"": 768, ""label"": ""album_spread"", ""prompt_directive"": ""Use a landscape album-spread canvas; keep the page structure visible and front-facing."", ""reason"": """", ""source"": ""rule"", ""width"": 1024}]",aas_safe | reference_style | fid_diverse,"Ink and wash painting of an antique album spread with elegant Chinese calligraphy beside a small landscape scene of a robed scholar seated among rocks beneath a gnarled tree, accented by red seals and muted aged-paper tones."
track1_0926,scroll_album_paper_support,caption_content | support_surface_required | requested_text_policy,preserve_support_aspect | medium_texture_variation_allowed | viewpoint_variation_allowed,visible paper support | folds or ruled grid | album or scroll framing,scroll_or_album_paper_support | painting_or_brushwork_surface,"[{""confidence"": 1.0, ""guard_notes"": [], ""guard_status"": ""rule"", ""height"": 768, ""label"": ""album_spread"", ""prompt_directive"": ""Use a landscape album-spread canvas; keep the page structure visible and front-facing."", ""reason"": """", ""source"": ""rule"", ""width"": 1024}]",aas_safe | reference_style | fid_diverse,"A Gongbi-style album spread on aged paper with two muted brown portrait panels, delicate calligraphy columns, faint ink figures, and a quiet antique atmosphere."
track1_0061,scroll_album_paper_support,caption_content | support_surface_required,preserve_support_aspect | medium_texture_variation_allowed | viewpoint_variation_allowed,visible paper support | folds or ruled grid | album or scroll framing,scroll_or_album_paper_support | painting_or_brushwork_surface,"[{""confidence"": 1.0, ""guard_notes"": [], ""guard_status"": ""rule"", ""height"": 1024, ""label"": ""vertical_scroll"", ""prompt_directive"": ""Use a tall vertical scroll canvas with visible mounting/support; avoid cropping to only the inner painting."", ""reason"": """", ""source"": ""rule"", ""width"": 682}]",aas_safe | reference_style | fid_diverse,"Ink and wash painting of delicate flowering tree branches cascading across a muted brown hanging scroll, with fine dark brushwork and a quiet, serene atmosphere."
track1_0179,scroll_album_paper_support,caption_content | support_surface_required,preserve_support_aspect | medium_texture_variation_allowed | viewpoint_variation_allowed,visible paper support | folds or ruled grid | album or scroll framing,scroll_or_album_paper_support | painting_or_brushwork_surface,"[{""confidence"": 1.0, ""guard_notes"": [], ""guard_status"": ""rule"", ""height"": 1024, ""label"": ""vertical_scroll"", ""prompt_directive"": ""Use a tall vertical scroll canvas with visible mounting/support; avoid cropping to only the inner painting."", ""reason"": """", ""source"": ""rule"", ""width"": 682}]",aas_safe | reference_style | fid_diverse,"Ink and wash painting of a misty mountain landscape with rocky slopes, sparse trees, and a small figure on a winding path, rendered in soft monochrome brushstrokes on a vertical scroll."
track1_0233,scroll_album_paper_support,caption_content | support_surface_required,preserve_support_aspect | medium_texture_variation_allowed | viewpoint_variation_allowed,visible paper support | folds or ruled grid | album or scroll framing,scroll_or_album_paper_support | painting_or_brushwork_surface,"[{""confidence"": 1.0, ""guard_notes"": [], ""guard_status"": ""rule"", ""height"": 1024, ""label"": ""vertical_scroll"", ""prompt_directive"": ""Use a tall vertical scroll canvas with visible mounting/support; avoid cropping to only the inner painting."", ""reason"": """", ""source"": ""rule"", ""width"": 682}]",aas_safe | reference_style | fid_diverse,"Ink and wash painting of a serene mountainous landscape with towering rocky peaks, dense pine trees, small riverside pavilions, and delicate monochrome brushwork on a vertical scroll."
track1_0257,scroll_album_paper_support,caption_content | support_surface_required,preserve_support_aspect | medium_texture_variation_allowed | viewpoint_variation_allowed,visible paper support | folds or ruled grid | album or scroll framing,scroll_or_album_paper_support,"[{""confidence"": 1.0, ""guard_notes"": [], ""guard_status"": ""rule"", ""height"": 1024, ""label"": ""vertical_scroll"", ""prompt_directive"": ""Use a tall vertical scroll canvas with visible mounting/support; avoid cropping to only the inner painting."", ""reason"": """", ""source"": ""rule"", ""width"": 682}]",aas_safe | reference_style | fid_diverse,A Gongbi hanging scroll with fine linework and muted colors portrays robed figures and young attendants gathered beneath tall trees in a serene rocky landscape with distant hills and a small stream.
track1_0287,scroll_album_paper_support,caption_content | support_surface_required,preserve_support_aspect | medium_texture_variation_allowed | viewpoint_variation_allowed,visible paper support | folds or ruled grid | album or scroll framing,scroll_or_album_paper_support,"[{""confidence"": 1.0, ""guard_notes"": [], ""guard_status"": ""rule"", ""height"": 1024, ""label"": ""vertical_scroll"", ""prompt_directive"": ""Use a tall vertical scroll canvas with visible mounting/support; avoid cropping to only the inner painting."", ""reason"": """", ""source"": ""rule"", ""width"": 682}]",aas_safe | reference_style | fid_diverse,"A serene Gongbi landscape with finely detailed trees, rugged mountains, winding water, and tiny figures in a vertical scroll composition with muted earthy tones."
track1_0494,scroll_album_paper_support,caption_content | support_surface_required,preserve_support_aspect | medium_texture_variation_allowed | viewpoint_variation_allowed,visible paper support | folds or ruled grid | album or scroll framing,scroll_or_album_paper_support,"[{""confidence"": 1.0, ""guard_notes"": [], ""guard_status"": ""rule"", ""height"": 1024, ""label"": ""vertical_scroll"", ""prompt_directive"": ""Use a tall vertical scroll canvas with visible mounting/support; avoid cropping to only the inner painting."", ""reason"": """", ""source"": ""rule"", ""width"": 682}]",aas_safe | reference_style | fid_diverse,"A Gongbi style double portrait of a solemn imperial couple in ornate embroidered robes and jeweled headdresses, arranged symmetrically on two warm-toned hanging scroll panels with fine linework and muted colors."
track1_0712,scroll_album_paper_support,caption_content | support_surface_required,preserve_support_aspect | medium_texture_variation_allowed | viewpoint_variation_allowed,visible paper support | folds or ruled grid | album or scroll framing,scroll_or_album_paper_support | painting_or_brushwork_surface,"[{""confidence"": 1.0, ""guard_notes"": [], ""guard_status"": ""rule"", ""height"": 1024, ""label"": ""vertical_scroll"", ""prompt_directive"": ""Use a tall vertical scroll canvas with visible mounting/support; avoid cropping to only the inner painting."", ""reason"": """", ""source"": ""rule"", ""width"": 682}]",aas_safe | reference_style | fid_diverse,Ink and wash painting of a vertical scroll with a robed sage in a circular frame above swirling dragon-like forms and bold ornamental black brushstrokes on aged sepia paper.
track1_0934,generic_artwork,caption_content,free_crop_allowed | aspect_variation_allowed | style_variation_allowed,caption-led subject | medium-appropriate composition | avoid batch template,generic_artwork_surface,"[{""confidence"": 1.0, ""guard_notes"": [], ""guard_status"": ""rule"", ""height"": 1024, ""label"": ""square_artwork"", ""prompt_directive"": ""Use a balanced square artwork canvas only when the caption does not imply a poster, scroll, spread, or panel format."", ""reason"": """", ""source"": ""rule"", ""width"": 1024}]",aas_safe | reference_style | fid_diverse,"Abstract pop art composition of fragmented cow-like shapes and geometric panels with bold black outlines, diagonal hatching, flat yellow, blue, and cream colors, and vertical lettering along the right side."
track1_0002,generic_artwork,caption_content | requested_text_policy,free_crop_allowed | aspect_variation_allowed | style_variation_allowed,caption-led subject | medium-appropriate composition | avoid batch template,painting_or_brushwork_surface,"[{""confidence"": 1.0, ""guard_notes"": [], ""guard_status"": ""rule"", ""height"": 1024, ""label"": ""square_artwork"", ""prompt_directive"": ""Use a balanced square artwork canvas only when the caption does not imply a poster, scroll, spread, or panel format."", ""reason"": """", ""source"": ""rule"", ""width"": 1024}]",aas_safe | reference_style | fid_diverse,"Ink and wash painting of delicate bamboo and orchid grasses beside vertical Chinese calligraphy and red seals on aged paper, with sparse brushwork and a calm scholarly composition."
track1_0010,generic_artwork,caption_content | requested_text_policy,free_crop_allowed | aspect_variation_allowed | style_variation_allowed,caption-led subject | medium-appropriate composition | avoid batch template,painting_or_brushwork_surface,"[{""confidence"": 1.0, ""guard_notes"": [], ""guard_status"": ""rule"", ""height"": 1024, ""label"": ""square_artwork"", ""prompt_directive"": ""Use a balanced square artwork canvas only when the caption does not imply a poster, scroll, spread, or panel format."", ""reason"": """", ""source"": ""rule"", ""width"": 1024}]",aas_safe | reference_style | fid_diverse,"Ink and wash painting of elegant Chinese calligraphy panels with red seals beside a delicate botanical study of leafy branches and round fruit on aged paper, using soft brushwork and a muted palette."
track1_0016,generic_artwork,caption_content | requested_text_policy,free_crop_allowed | aspect_variation_allowed | style_variation_allowed,caption-led subject | medium-appropriate composition | avoid batch template,painting_or_brushwork_surface,"[{""confidence"": 1.0, ""guard_notes"": [], ""guard_status"": ""rule"", ""height"": 1024, ""label"": ""square_artwork"", ""prompt_directive"": ""Use a balanced square artwork canvas only when the caption does not imply a poster, scroll, spread, or panel format."", ""reason"": """", ""source"": ""rule"", ""width"": 1024}]",aas_safe | reference_style | fid_diverse,"Ink and wash painting of a fan-shaped mountainous landscape with clustered trees and small village structures, delicate calligraphy, muted brown-gray tones, and fine linear brushwork on aged paper."
track1_0025,generic_artwork,caption_content | requested_text_policy,free_crop_allowed | aspect_variation_allowed | style_variation_allowed,caption-led subject | medium-appropriate composition | avoid batch template,painting_or_brushwork_surface,"[{""confidence"": 1.0, ""guard_notes"": [], ""guard_status"": ""rule"", ""height"": 1024, ""label"": ""square_artwork"", ""prompt_directive"": ""Use a balanced square artwork canvas only when the caption does not imply a poster, scroll, spread, or panel format."", ""reason"": """", ""source"": ""rule"", ""width"": 1024}]",aas_safe | reference_style | fid_diverse,"Ink and wash painting of delicate pine-like branches and long leaves with a small flower, rendered in fine black brushwork on aged paper with calligraphy and a red seal."
track1_0026,generic_artwork,caption_content | requested_text_policy,free_crop_allowed | aspect_variation_allowed | style_variation_allowed,caption-led subject | medium-appropriate composition | avoid batch template,painting_or_brushwork_surface,"[{""confidence"": 1.0, ""guard_notes"": [], ""guard_status"": ""rule"", ""height"": 1024, ""label"": ""square_artwork"", ""prompt_directive"": ""Use a balanced square artwork canvas only when the caption does not imply a poster, scroll, spread, or panel format."", ""reason"": """", ""source"": ""rule"", ""width"": 1024}]",aas_safe | reference_style | fid_diverse,"Ink and wash painting on a fan-shaped paper featuring a serene rocky landscape with trees, small figures, calligraphy, and red seals in a muted earthy palette."
track1_0028,generic_artwork,caption_content | requested_text_policy,free_crop_allowed | aspect_variation_allowed | style_variation_allowed,caption-led subject | medium-appropriate composition | avoid batch template,painting_or_brushwork_surface,"[{""confidence"": 1.0, ""guard_notes"": [], ""guard_status"": ""rule"", ""height"": 1024, ""label"": ""square_artwork"", ""prompt_directive"": ""Use a balanced square artwork canvas only when the caption does not imply a poster, scroll, spread, or panel format."", ""reason"": """", ""source"": ""rule"", ""width"": 1024}]",aas_safe | reference_style | fid_diverse,"Ink and wash painting of a gnarled tree growing from a rocky cliff on aged tan paper, with delicate calligraphy, red seals, and restrained brushwork creating a calm traditional composition."
track1_0036,generic_artwork,caption_content | requested_text_policy,free_crop_allowed | aspect_variation_allowed | style_variation_allowed,caption-led subject | medium-appropriate composition | avoid batch template,generic_artwork_surface,"[{""confidence"": 1.0, ""guard_notes"": [], ""guard_status"": ""rule"", ""height"": 1024, ""label"": ""square_artwork"", ""prompt_directive"": ""Use a balanced square artwork canvas only when the caption does not imply a poster, scroll, spread, or panel format."", ""reason"": """", ""source"": ""rule"", ""width"": 1024}]",aas_safe | reference_style | fid_diverse,"A Gongbi style composition of two side-by-side formal portraits of seated robed figures wearing tall traditional hats, with vertical calligraphy inscriptions on muted brown silk-like backgrounds and delicate fine linework."
track1_0046,generic_artwork,caption_content | requested_text_policy,free_crop_allowed | aspect_variation_allowed | style_variation_allowed,caption-led subject | medium-appropriate composition | avoid batch template,generic_artwork_surface,"[{""confidence"": 1.0, ""guard_notes"": [], ""guard_status"": ""rule"", ""height"": 1024, ""label"": ""square_artwork"", ""prompt_directive"": ""Use a balanced square artwork canvas only when the caption does not imply a poster, scroll, spread, or panel format."", ""reason"": """", ""source"": ""rule"", ""width"": 1024}]",aas_safe | reference_style | fid_diverse,"Ukiyo-e scene of two elegantly dressed women in patterned kimonos beside a winding stream and blossoming branches, with delicate linework, muted colors, and calligraphy across the sky."
track1_0073,generic_artwork,caption_content | requested_text_policy,free_crop_allowed | aspect_variation_allowed | style_variation_allowed,caption-led subject | medium-appropriate composition | avoid batch template,painting_or_brushwork_surface,"[{""confidence"": 1.0, ""guard_notes"": [], ""guard_status"": ""rule"", ""height"": 1024, ""label"": ""square_artwork"", ""prompt_directive"": ""Use a balanced square artwork canvas only when the caption does not imply a poster, scroll, spread, or panel format."", ""reason"": """", ""source"": ""rule"", ""width"": 1024}]",aas_safe | reference_style | fid_diverse,"Ink and wash painting of a delicate folding fan on aged cream paper, decorated with bamboo leaves, pale blossoms, and vertical calligraphy in soft muted brushstrokes."
track1_0082,scroll_album_paper_support,caption_content | support_surface_required | requested_text_policy,preserve_support_aspect | medium_texture_variation_allowed | viewpoint_variation_allowed,visible paper support | folds or ruled grid | album or scroll framing,scroll_or_album_paper_support | painting_or_brushwork_surface,"[{""confidence"": 1.0, ""guard_notes"": [], ""guard_status"": ""rule"", ""height"": 1024, ""label"": ""square_artwork"", ""prompt_directive"": ""Use a balanced square artwork canvas only when the caption does not imply a poster, scroll, spread, or panel format."", ""reason"": """", ""source"": ""rule"", ""width"": 1024}]",aas_safe | reference_style | fid_diverse,"Ink and wash painting of an open Chinese album with dense calligraphy, red seals, and a delicate mountainous river landscape rendered in fine monochrome brushwork on aged paper."
track1_0088,scroll_album_paper_support,caption_content | support_surface_required | requested_text_policy,preserve_support_aspect | medium_texture_variation_allowed | viewpoint_variation_allowed,visible paper support | folds or ruled grid | album or scroll framing,scroll_or_album_paper_support,"[{""confidence"": 1.0, ""guard_notes"": [], ""guard_status"": ""rule"", ""height"": 1024, ""label"": ""square_artwork"", ""prompt_directive"": ""Use a balanced square artwork canvas only when the caption does not imply a poster, scroll, spread, or panel format."", ""reason"": """", ""source"": ""rule"", ""width"": 1024}]",aas_safe | reference_style | fid_diverse,"A Gongbi-style album page with Chinese calligraphy beside a finely lined palace court scene of robed officials on a terrace and groups of red-clad figures below, framed by a muted gold border."
track1_0096,generic_artwork,caption_content | requested_text_policy,free_crop_allowed | aspect_variation_allowed | style_variation_allowed,caption-led subject | medium-appropriate composition | avoid batch template,generic_artwork_surface,"[{""confidence"": 1.0, ""guard_notes"": [], ""guard_status"": ""rule"", ""height"": 1024, ""label"": ""square_artwork"", ""prompt_directive"": ""Use a balanced square artwork canvas only when the caption does not imply a poster, scroll, spread, or panel format."", ""reason"": """", ""source"": ""rule"", ""width"": 1024}]",aas_safe | reference_style | fid_diverse,"A Ukiyo-e scene of a monkey in a blue dotted garment perched on a tall stand among slender branches with red leaves, accompanied by vertical calligraphy on a muted beige background."
track1_0118,generic_artwork,caption_content | requested_text_policy,free_crop_allowed | aspect_variation_allowed | style_variation_allowed,caption-led subject | medium-appropriate composition | avoid batch template,painting_or_brushwork_surface,"[{""confidence"": 1.0, ""guard_notes"": [], ""guard_status"": ""rule"", ""height"": 1024, ""label"": ""square_artwork"", ""prompt_directive"": ""Use a balanced square artwork canvas only when the caption does not imply a poster, scroll, spread, or panel format."", ""reason"": """", ""source"": ""rule"", ""width"": 1024}]",aas_safe | reference_style | fid_diverse,"Ink and wash painting of a serene landscape with a gnarled tree, a small robed figure, and a traditional pavilion beside a blank calligraphy panel, rendered in delicate linework and muted pale tones."
track1_0130,generic_artwork,caption_content | requested_text_policy,free_crop_allowed | aspect_variation_allowed | style_variation_allowed,caption-led subject | medium-appropriate composition | avoid batch template,painting_or_brushwork_surface,"[{""confidence"": 1.0, ""guard_notes"": [], ""guard_status"": ""rule"", ""height"": 1024, ""label"": ""square_artwork"", ""prompt_directive"": ""Use a balanced square artwork canvas only when the caption does not imply a poster, scroll, spread, or panel format."", ""reason"": """", ""source"": ""rule"", ""width"": 1024}]",aas_safe | reference_style | fid_diverse,"Ink and wash painting of a serene mountainous landscape with layered rocky peaks, pine trees, a winding river, and delicate calligraphic inscriptions in a muted earthy palette."
track1_0154,scroll_album_paper_support,caption_content | support_surface_required | requested_text_policy,preserve_support_aspect | medium_texture_variation_allowed | viewpoint_variation_allowed,visible paper support | folds or ruled grid | album or scroll framing,scroll_or_album_paper_support | painting_or_brushwork_surface,"[{""confidence"": 1.0, ""guard_notes"": [], ""guard_status"": ""rule"", ""height"": 1024, ""label"": ""square_artwork"", ""prompt_directive"": ""Use a balanced square artwork canvas only when the caption does not imply a poster, scroll, spread, or panel format."", ""reason"": """", ""source"": ""rule"", ""width"": 1024}]",aas_safe | reference_style | fid_diverse,"Ink and wash painting of an antique album page with elegant Chinese calligraphy, red seals, and a small monochrome scene of a seated scholar beside rocks and sparse plants on warm aged paper."
track1_0194,generic_artwork,caption_content | requested_text_policy,free_crop_allowed | aspect_variation_allowed | style_variation_allowed,caption-led subject | medium-appropriate composition | avoid batch template,painting_or_brushwork_surface,"[{""confidence"": 1.0, ""guard_notes"": [], ""guard_status"": ""rule"", ""height"": 1024, ""label"": ""square_artwork"", ""prompt_directive"": ""Use a balanced square artwork canvas only when the caption does not imply a poster, scroll, spread, or panel format."", ""reason"": """", ""source"": ""rule"", ""width"": 1024}]",aas_safe | reference_style | fid_diverse,"Ink and wash painting of a folded fan with delicate bamboo and grass brushwork, pale paper tones, calligraphy, and a red seal in a calm minimalist composition."
track1_0204,generic_artwork,caption_content | requested_text_policy,free_crop_allowed | aspect_variation_allowed | style_variation_allowed,caption-led subject | medium-appropriate composition | avoid batch template,painting_or_brushwork_surface,"[{""confidence"": 1.0, ""guard_notes"": [], ""guard_status"": ""rule"", ""height"": 1024, ""label"": ""square_artwork"", ""prompt_directive"": ""Use a balanced square artwork canvas only when the caption does not imply a poster, scroll, spread, or panel format."", ""reason"": """", ""source"": ""rule"", ""width"": 1024}]",aas_safe | reference_style | fid_diverse,"Ink and wash painting of a seated robed sage on patterned animal-skin cushions, with Chinese calligraphy above, a small turtle and circular trigram markings below, rendered in muted earth tones and fine brushwork."
track1_0207,generic_artwork,caption_content | requested_text_policy,free_crop_allowed | aspect_variation_allowed | style_variation_allowed,caption-led subject | medium-appropriate composition | avoid batch template,generic_artwork_surface,"[{""confidence"": 1.0, ""guard_notes"": [], ""guard_status"": ""rule"", ""height"": 1024, ""label"": ""square_artwork"", ""prompt_directive"": ""Use a balanced square artwork canvas only when the caption does not imply a poster, scroll, spread, or panel format."", ""reason"": """", ""source"": ""rule"", ""width"": 1024}]",aas_safe | reference_style | fid_diverse,"Ukiyo-e portrait of a woman in a blue striped kimono with elaborate black hair and hands raised near her face, set against a pale background with calligraphy and a small decorative inset scene."
track1_0212,scroll_album_paper_support,caption_content | support_surface_required | requested_text_policy,preserve_support_aspect | medium_texture_variation_allowed | viewpoint_variation_allowed,visible paper support | folds or ruled grid | album or scroll framing,scroll_or_album_paper_support | painting_or_brushwork_surface,"[{""confidence"": 1.0, ""guard_notes"": [], ""guard_status"": ""rule"", ""height"": 1024, ""label"": ""square_artwork"", ""prompt_directive"": ""Use a balanced square artwork canvas only when the caption does not imply a poster, scroll, spread, or panel format."", ""reason"": """", ""source"": ""rule"", ""width"": 1024}]",aas_safe | reference_style | fid_diverse,"Ink and wash painting of a traditional Chinese album page with elegant calligraphy panels, red seals, and a delicate landscape study of bamboo and rocks on warm aged paper."
track1_0214,generic_artwork,caption_content | requested_text_policy,free_crop_allowed | aspect_variation_allowed | style_variation_allowed,caption-led subject | medium-appropriate composition | avoid batch template,painting_or_brushwork_surface,"[{""confidence"": 1.0, ""guard_notes"": [], ""guard_status"": ""rule"", ""height"": 1024, ""label"": ""square_artwork"", ""prompt_directive"": ""Use a balanced square artwork canvas only when the caption does not imply a poster, scroll, spread, or panel format."", ""reason"": """", ""source"": ""rule"", ""width"": 1024}]",aas_safe | reference_style | fid_diverse,"Gongbi botanical painting of orange hibiscus-like flowers with slender green leaves, delicate ink outlines, soft mineral colors, and Chinese calligraphy on a warm beige silk background."
track1_0218,scroll_album_paper_support,caption_content | support_surface_required | requested_text_policy,preserve_support_aspect | medium_texture_variation_allowed | viewpoint_variation_allowed,visible paper support | folds or ruled grid | album or scroll framing,scroll_or_album_paper_support | painting_or_brushwork_surface,"[{""confidence"": 1.0, ""guard_notes"": [], ""guard_status"": ""rule"", ""height"": 1024, ""label"": ""square_artwork"", ""prompt_directive"": ""Use a balanced square artwork canvas only when the caption does not imply a poster, scroll, spread, or panel format."", ""reason"": """", ""source"": ""rule"", ""width"": 1024}]",aas_safe | reference_style | fid_diverse,"Ink and wash painting of an open traditional album with dense Chinese calligraphy on one page and delicate orchid grasses on the other, rendered on aged beige paper with red seals and fine expressive brushwork."
track1_0222,generic_artwork,caption_content | requested_text_policy,free_crop_allowed | aspect_variation_allowed | style_variation_allowed,caption-led subject | medium-appropriate composition | avoid batch template,painting_or_brushwork_surface,"[{""confidence"": 1.0, ""guard_notes"": [], ""guard_status"": ""rule"", ""height"": 1024, ""label"": ""square_artwork"", ""prompt_directive"": ""Use a balanced square artwork canvas only when the caption does not imply a poster, scroll, spread, or panel format."", ""reason"": """", ""source"": ""rule"", ""width"": 1024}]",aas_safe | reference_style | fid_diverse,"Ink and wash painting on a fan-shaped panel featuring two birds perched among rocks and sparse branches, with delicate brushwork, muted beige tones, and small calligraphy seals."
track1_0232,generic_artwork,caption_content | requested_text_policy,free_crop_allowed | aspect_variation_allowed | style_variation_allowed,caption-led subject | medium-appropriate composition | avoid batch template,generic_artwork_surface,"[{""confidence"": 1.0, ""guard_notes"": [], ""guard_status"": ""rule"", ""height"": 1024, ""label"": ""square_artwork"", ""prompt_directive"": ""Use a balanced square artwork canvas only when the caption does not imply a poster, scroll, spread, or panel format."", ""reason"": """", ""source"": ""rule"", ""width"": 1024}]",aas_safe | reference_style | fid_diverse,"Ukiyo-e composition of delicate cherry blossom branches arching across a softly colored scene with calligraphy panels, a partially obscured figure, fine linework, and a calm muted palette."
track1_0248,generic_artwork,caption_content | requested_text_policy,free_crop_allowed | aspect_variation_allowed | style_variation_allowed,caption-led subject | medium-appropriate composition | avoid batch template,painting_or_brushwork_surface,"[{""confidence"": 1.0, ""guard_notes"": [], ""guard_status"": ""rule"", ""height"": 1024, ""label"": ""square_artwork"", ""prompt_directive"": ""Use a balanced square artwork canvas only when the caption does not imply a poster, scroll, spread, or panel format."", ""reason"": """", ""source"": ""rule"", ""width"": 1024}]",aas_safe | reference_style | fid_diverse,"Ink and wash painting of two fan-shaped compositions on a pale mounting, one with sparse bamboo and calligraphy and the other with a misty riverside landscape and a small boat rendered in soft monochrome brushwork."
track1_0260,generic_artwork,caption_content | requested_text_policy,free_crop_allowed | aspect_variation_allowed | style_variation_allowed,caption-led subject | medium-appropriate composition | avoid batch template,painting_or_brushwork_surface,"[{""confidence"": 1.0, ""guard_notes"": [], ""guard_status"": ""rule"", ""height"": 1024, ""label"": ""square_artwork"", ""prompt_directive"": ""Use a balanced square artwork canvas only when the caption does not imply a poster, scroll, spread, or panel format."", ""reason"": """", ""source"": ""rule"", ""width"": 1024}]",aas_safe | reference_style | fid_diverse,"A Gongbi painting of branching plum blossoms with pink and pale white flowers on a warm beige background, accented by fine ink outlines, delicate brushwork, and vertical calligraphy inscriptions."
track1_0264,generic_artwork,caption_content | requested_text_policy,free_crop_allowed | aspect_variation_allowed | style_variation_allowed,caption-led subject | medium-appropriate composition | avoid batch template,painting_or_brushwork_surface,"[{""confidence"": 1.0, ""guard_notes"": [], ""guard_status"": ""rule"", ""height"": 1024, ""label"": ""square_artwork"", ""prompt_directive"": ""Use a balanced square artwork canvas only when the caption does not imply a poster, scroll, spread, or panel format."", ""reason"": """", ""source"": ""rule"", ""width"": 1024}]",aas_safe | reference_style | fid_diverse,"Ink and wash painting of a folded fan with delicate pink peony blossoms and pale green leaves, accompanied by calligraphy and red seals on warm beige paper."
track1_0267,generic_artwork,caption_content | requested_text_policy,free_crop_allowed | aspect_variation_allowed | style_variation_allowed,caption-led subject | medium-appropriate composition | avoid batch template,generic_artwork_surface,"[{""confidence"": 1.0, ""guard_notes"": [], ""guard_status"": ""rule"", ""height"": 1024, ""label"": ""square_artwork"", ""prompt_directive"": ""Use a balanced square artwork canvas only when the caption does not imply a poster, scroll, spread, or panel format."", ""reason"": """", ""source"": ""rule"", ""width"": 1024}]",aas_safe | reference_style | fid_diverse,"A Gongbi painting of a small bird perched on a leafy branch, rendered with delicate fine lines, muted earthy tones, and calligraphic inscriptions on an aged silk-like background."
track1_0270,generic_artwork,caption_content | requested_text_policy,free_crop_allowed | aspect_variation_allowed | style_variation_allowed,caption-led subject | medium-appropriate composition | avoid batch template,painting_or_brushwork_surface,"[{""confidence"": 1.0, ""guard_notes"": [], ""guard_status"": ""rule"", ""height"": 1024, ""label"": ""square_artwork"", ""prompt_directive"": ""Use a balanced square artwork canvas only when the caption does not imply a poster, scroll, spread, or panel format."", ""reason"": """", ""source"": ""rule"", ""width"": 1024}]",aas_safe | reference_style | fid_diverse,"Ink and wash painting of flowering branches with soft gray brushstrokes, muted tones, and red seal marks on aged paper."
track1_0274,generic_artwork,caption_content | requested_text_policy,free_crop_allowed | aspect_variation_allowed | style_variation_allowed,caption-led subject | medium-appropriate composition | avoid batch template,painting_or_brushwork_surface,"[{""confidence"": 1.0, ""guard_notes"": [], ""guard_status"": ""rule"", ""height"": 1024, ""label"": ""square_artwork"", ""prompt_directive"": ""Use a balanced square artwork canvas only when the caption does not imply a poster, scroll, spread, or panel format."", ""reason"": """", ""source"": ""rule"", ""width"": 1024}]",aas_safe | reference_style | fid_diverse,"Ink and wash painting of a misty mountain landscape with sparse trees, a quiet river plain, calligraphy inscriptions, and soft monochrome brushwork creating a serene atmosphere."
track1_0291,generic_artwork,caption_content | requested_text_policy,free_crop_allowed | aspect_variation_allowed | style_variation_allowed,caption-led subject | medium-appropriate composition | avoid batch template,painting_or_brushwork_surface,"[{""confidence"": 1.0, ""guard_notes"": [], ""guard_status"": ""rule"", ""height"": 1024, ""label"": ""square_artwork"", ""prompt_directive"": ""Use a balanced square artwork canvas only when the caption does not imply a poster, scroll, spread, or panel format."", ""reason"": """", ""source"": ""rule"", ""width"": 1024}]",aas_safe | reference_style | fid_diverse,"Ink and wash painting of a rugged mountain landscape with layered rocky cliffs, sparse trees, a small pavilion perched on a slope, and calligraphy seals on aged sepia paper."
track1_0293,generic_artwork,caption_content | requested_text_policy,free_crop_allowed | aspect_variation_allowed | style_variation_allowed,caption-led subject | medium-appropriate composition | avoid batch template,painting_or_brushwork_surface,"[{""confidence"": 1.0, ""guard_notes"": [], ""guard_status"": ""rule"", ""height"": 1024, ""label"": ""square_artwork"", ""prompt_directive"": ""Use a balanced square artwork canvas only when the caption does not imply a poster, scroll, spread, or panel format."", ""reason"": """", ""source"": ""rule"", ""width"": 1024}]",aas_safe | reference_style | fid_diverse,"Ink and wash painting of bamboo and rocky riverbanks with flowing water lines, calligraphy, and red seals on aged beige paper with soft, muted brushwork."
track1_0307,scroll_album_paper_support,caption_content | support_surface_required | requested_text_policy,preserve_support_aspect | medium_texture_variation_allowed | viewpoint_variation_allowed,visible paper support | folds or ruled grid | album or scroll framing,scroll_or_album_paper_support,"[{""confidence"": 1.0, ""guard_notes"": [], ""guard_status"": ""rule"", ""height"": 1024, ""label"": ""square_artwork"", ""prompt_directive"": ""Use a balanced square artwork canvas only when the caption does not imply a poster, scroll, spread, or panel format."", ""reason"": """", ""source"": ""rule"", ""width"": 1024}]",aas_safe | reference_style | fid_diverse,"Two traditional seated figure portraits in Gongbi style appear on aged album pages, with fine delicate linework, muted brown tones, and vertical inscriptions in the upper corners."
track1_0312,scroll_album_paper_support,caption_content | support_surface_required | requested_text_policy,preserve_support_aspect | medium_texture_variation_allowed | viewpoint_variation_allowed,visible paper support | folds or ruled grid | album or scroll framing,scroll_or_album_paper_support | painting_or_brushwork_surface,"[{""confidence"": 1.0, ""guard_notes"": [], ""guard_status"": ""rule"", ""height"": 1024, ""label"": ""square_artwork"", ""prompt_directive"": ""Use a balanced square artwork canvas only when the caption does not imply a poster, scroll, spread, or panel format."", ""reason"": """", ""source"": ""rule"", ""width"": 1024}]",aas_safe | reference_style | fid_diverse,"Ink and wash painting of a traditional Chinese album page with vertical calligraphy beside a misty mountain landscape, riverside village, trees, and a small bridge on aged paper with delicate brushwork and muted tones."
track1_0320,generic_artwork,caption_content | requested_text_policy,free_crop_allowed | aspect_variation_allowed | style_variation_allowed,caption-led subject | medium-appropriate composition | avoid batch template,generic_artwork_surface,"[{""confidence"": 1.0, ""guard_notes"": [], ""guard_status"": ""rule"", ""height"": 1024, ""label"": ""square_artwork"", ""prompt_directive"": ""Use a balanced square artwork canvas only when the caption does not imply a poster, scroll, spread, or panel format."", ""reason"": """", ""source"": ""rule"", ""width"": 1024}]",aas_safe | reference_style | fid_diverse,"A Gongbi painting of a pale peony blossom with gray-green leaves, a small butterfly, and calligraphy on cream paper, rendered with delicate fine lines and soft muted colors."
track1_0346,generic_artwork,caption_content | requested_text_policy,free_crop_allowed | aspect_variation_allowed | style_variation_allowed,caption-led subject | medium-appropriate composition | avoid batch template,painting_or_brushwork_surface,"[{""confidence"": 1.0, ""guard_notes"": [], ""guard_status"": ""rule"", ""height"": 1024, ""label"": ""square_artwork"", ""prompt_directive"": ""Use a balanced square artwork canvas only when the caption does not imply a poster, scroll, spread, or panel format."", ""reason"": """", ""source"": ""rule"", ""width"": 1024}]",aas_safe | reference_style | fid_diverse,"Ink and wash painting of several monkeys climbing and resting among snow-covered pine branches in a wintry mountain landscape, with delicate brushwork, muted tones, and calligraphic inscription."
track1_0365,generic_artwork,caption_content | requested_text_policy,free_crop_allowed | aspect_variation_allowed | style_variation_allowed,caption-led subject | medium-appropriate composition | avoid batch template,painting_or_brushwork_surface,"[{""confidence"": 1.0, ""guard_notes"": [], ""guard_status"": ""rule"", ""height"": 1024, ""label"": ""square_artwork"", ""prompt_directive"": ""Use a balanced square artwork canvas only when the caption does not imply a poster, scroll, spread, or panel format."", ""reason"": """", ""source"": ""rule"", ""width"": 1024}]",aas_safe | reference_style | fid_diverse,"Ink and wash painting of a fan-shaped landscape with misty mountains, trees, a small pavilion, and calligraphy on warm beige paper with delicate brushwork."
track1_0401,generic_artwork,caption_content | requested_text_policy,free_crop_allowed | aspect_variation_allowed | style_variation_allowed,caption-led subject | medium-appropriate composition | avoid batch template,generic_artwork_surface,"[{""confidence"": 1.0, ""guard_notes"": [], ""guard_status"": ""rule"", ""height"": 1024, ""label"": ""square_artwork"", ""prompt_directive"": ""Use a balanced square artwork canvas only when the caption does not imply a poster, scroll, spread, or panel format."", ""reason"": """", ""source"": ""rule"", ""width"": 1024}]",aas_safe | reference_style | fid_diverse,"Ukiyo-e scene of an elderly seated man and a standing woman in patterned robes inside a tatami room with shoji screens, calligraphy above, delicate linework, and muted earthy colors."
track1_0404,generic_artwork,caption_content | requested_text_policy,free_crop_allowed | aspect_variation_allowed | style_variation_allowed,caption-led subject | medium-appropriate composition | avoid batch template,generic_artwork_surface,"[{""confidence"": 1.0, ""guard_notes"": [], ""guard_status"": ""rule"", ""height"": 1024, ""label"": ""square_artwork"", ""prompt_directive"": ""Use a balanced square artwork canvas only when the caption does not imply a poster, scroll, spread, or panel format."", ""reason"": """", ""source"": ""rule"", ""width"": 1024}]",aas_safe | reference_style | fid_diverse,"A Gongbi botanical composition of leafy branches with clusters of small orange blossoms on a pale silk background, accompanied by delicate calligraphy and fine controlled linework."
track1_0422,generic_artwork,caption_content | requested_text_policy,free_crop_allowed | aspect_variation_allowed | style_variation_allowed,caption-led subject | medium-appropriate composition | avoid batch template,generic_artwork_surface,"[{""confidence"": 1.0, ""guard_notes"": [], ""guard_status"": ""rule"", ""height"": 1024, ""label"": ""square_artwork"", ""prompt_directive"": ""Use a balanced square artwork canvas only when the caption does not imply a poster, scroll, spread, or panel format."", ""reason"": """", ""source"": ""rule"", ""width"": 1024}]",aas_safe | reference_style | fid_diverse,"A Gongbi painting of delicate blue flowers with yellow centers, long curving green leaves, and a small red-and-black butterfly beside vertical Chinese calligraphy on a pale background."
track1_0446,scroll_album_paper_support,caption_content | support_surface_required | requested_text_policy,preserve_support_aspect | medium_texture_variation_allowed | viewpoint_variation_allowed,visible paper support | folds or ruled grid | album or scroll framing,scroll_or_album_paper_support | painting_or_brushwork_surface,"[{""confidence"": 1.0, ""guard_notes"": [], ""guard_status"": ""rule"", ""height"": 1024, ""label"": ""square_artwork"", ""prompt_directive"": ""Use a balanced square artwork canvas only when the caption does not imply a poster, scroll, spread, or panel format."", ""reason"": """", ""source"": ""rule"", ""width"": 1024}]",aas_safe | reference_style | fid_diverse,"Ink and wash painting of a crab beside sparse reeds on an aged album page, paired with vertical Chinese calligraphy and red seal stamps in a calm, antique composition."
track1_0448,generic_artwork,caption_content | requested_text_policy,free_crop_allowed | aspect_variation_allowed | style_variation_allowed,caption-led subject | medium-appropriate composition | avoid batch template,generic_artwork_surface,"[{""confidence"": 1.0, ""guard_notes"": [], ""guard_status"": ""rule"", ""height"": 1024, ""label"": ""square_artwork"", ""prompt_directive"": ""Use a balanced square artwork canvas only when the caption does not imply a poster, scroll, spread, or panel format."", ""reason"": """", ""source"": ""rule"", ""width"": 1024}]",aas_safe | reference_style | fid_diverse,"Ukiyo-e scene of a graceful woman in layered robes with flowing black hair beside blooming chrysanthemums, surrounded by handwritten calligraphy and delicate fine-line textures in muted earthy colors."
track1_0455,generic_artwork,caption_content | requested_text_policy,free_crop_allowed | aspect_variation_allowed | style_variation_allowed,caption-led subject | medium-appropriate composition | avoid batch template,painting_or_brushwork_surface,"[{""confidence"": 1.0, ""guard_notes"": [], ""guard_status"": ""rule"", ""height"": 1024, ""label"": ""square_artwork"", ""prompt_directive"": ""Use a balanced square artwork canvas only when the caption does not imply a poster, scroll, spread, or panel format."", ""reason"": """", ""source"": ""rule"", ""width"": 1024}]",aas_safe | reference_style | fid_diverse,"Ink and wash painting of a serene mountainous landscape with village houses among bare trees, delicate monochrome brushwork on aged paper, and a small calligraphic inscription with a red seal."
track1_0471,generic_artwork,caption_content | requested_text_policy,free_crop_allowed | aspect_variation_allowed | style_variation_allowed,caption-led subject | medium-appropriate composition | avoid batch template,generic_artwork_surface,"[{""confidence"": 1.0, ""guard_notes"": [], ""guard_status"": ""rule"", ""height"": 1024, ""label"": ""square_artwork"", ""prompt_directive"": ""Use a balanced square artwork canvas only when the caption does not imply a poster, scroll, spread, or panel format."", ""reason"": """", ""source"": ""rule"", ""width"": 1024}]",aas_safe | reference_style | fid_diverse,"A Ukiyo-e print of a large carp with detailed scales and fins beside delicate calligraphy and a narrow decorative panel, rendered in muted earthy colors with fine linework and a calm, aged-paper texture."
track1_0487,generic_artwork,caption_content | requested_text_policy,free_crop_allowed | aspect_variation_allowed | style_variation_allowed,caption-led subject | medium-appropriate composition | avoid batch template,painting_or_brushwork_surface,"[{""confidence"": 1.0, ""guard_notes"": [], ""guard_status"": ""rule"", ""height"": 1024, ""label"": ""square_artwork"", ""prompt_directive"": ""Use a balanced square artwork canvas only when the caption does not imply a poster, scroll, spread, or panel format."", ""reason"": """", ""source"": ""rule"", ""width"": 1024}]",aas_safe | reference_style | fid_diverse,"Ink and wash painting of a fan-shaped mountain landscape with dense trees, rocky slopes, delicate calligraphy, and muted sepia-black brushwork on a pale paper mount."
track1_0490,generic_artwork,caption_content | requested_text_policy,free_crop_allowed | aspect_variation_allowed | style_variation_allowed,caption-led subject | medium-appropriate composition | avoid batch template,painting_or_brushwork_surface,"[{""confidence"": 1.0, ""guard_notes"": [], ""guard_status"": ""rule"", ""height"": 1024, ""label"": ""square_artwork"", ""prompt_directive"": ""Use a balanced square artwork canvas only when the caption does not imply a poster, scroll, spread, or panel format."", ""reason"": """", ""source"": ""rule"", ""width"": 1024}]",aas_safe | reference_style | fid_diverse,"Ink and wash painting on a fan-shaped sheet featuring a muted sepia mountain landscape with trees, fine brushwork, calligraphy, and a red seal on a pale background."
track1_0498,generic_artwork,caption_content | requested_text_policy,free_crop_allowed | aspect_variation_allowed | style_variation_allowed,caption-led subject | medium-appropriate composition | avoid batch template,painting_or_brushwork_surface,"[{""confidence"": 1.0, ""guard_notes"": [], ""guard_status"": ""rule"", ""height"": 1024, ""label"": ""square_artwork"", ""prompt_directive"": ""Use a balanced square artwork canvas only when the caption does not imply a poster, scroll, spread, or panel format."", ""reason"": """", ""source"": ""rule"", ""width"": 1024}]",aas_safe | reference_style | fid_diverse,"Ink and wash painting of a fan-shaped mountainous landscape with a small pavilion, winding rocky peaks, delicate calligraphy, and muted green-brown brushwork on a pale background."
track1_0516,generic_artwork,caption_content | requested_text_policy,free_crop_allowed | aspect_variation_allowed | style_variation_allowed,caption-led subject | medium-appropriate composition | avoid batch template,painting_or_brushwork_surface,"[{""confidence"": 1.0, ""guard_notes"": [], ""guard_status"": ""rule"", ""height"": 1024, ""label"": ""square_artwork"", ""prompt_directive"": ""Use a balanced square artwork canvas only when the caption does not imply a poster, scroll, spread, or panel format."", ""reason"": """", ""source"": ""rule"", ""width"": 1024}]",aas_safe | reference_style | fid_diverse,"Gongbi painting of two pink lotus blossoms and broad green leaves with fine ink outlines, delicate shading, slender reeds, and small calligraphy on a pale silk-like background."
track1_0561,generic_artwork,caption_content | requested_text_policy,free_crop_allowed | aspect_variation_allowed | style_variation_allowed,caption-led subject | medium-appropriate composition | avoid batch template,painting_or_brushwork_surface,"[{""confidence"": 1.0, ""guard_notes"": [], ""guard_status"": ""rule"", ""height"": 1024, ""label"": ""square_artwork"", ""prompt_directive"": ""Use a balanced square artwork canvas only when the caption does not imply a poster, scroll, spread, or panel format."", ""reason"": """", ""source"": ""rule"", ""width"": 1024}]",aas_safe | reference_style | fid_diverse,"Ink and wash painting of slender bamboo stalks and flowing leaves on a muted beige background, with delicate brushwork and vertical calligraphy creating a calm, serene composition."
track1_0562,generic_artwork,caption_content | requested_text_policy,free_crop_allowed | aspect_variation_allowed | style_variation_allowed,caption-led subject | medium-appropriate composition | avoid batch template,generic_artwork_surface,"[{""confidence"": 1.0, ""guard_notes"": [], ""guard_status"": ""rule"", ""height"": 1024, ""label"": ""square_artwork"", ""prompt_directive"": ""Use a balanced square artwork canvas only when the caption does not imply a poster, scroll, spread, or panel format."", ""reason"": """", ""source"": ""rule"", ""width"": 1024}]",aas_safe | reference_style | fid_diverse,"Ukiyo-e style vertical print of an elegant woman in a patterned kimono standing with a small dog at her feet, surrounded by calligraphy on a muted beige background with delicate linework and subdued colors."
track1_0566,generic_artwork,caption_content | requested_text_policy,free_crop_allowed | aspect_variation_allowed | style_variation_allowed,caption-led subject | medium-appropriate composition | avoid batch template,generic_artwork_surface,"[{""confidence"": 1.0, ""guard_notes"": [], ""guard_status"": ""rule"", ""height"": 1024, ""label"": ""square_artwork"", ""prompt_directive"": ""Use a balanced square artwork canvas only when the caption does not imply a poster, scroll, spread, or panel format."", ""reason"": """", ""source"": ""rule"", ""width"": 1024}]",aas_safe | reference_style | fid_diverse,"Ukiyo-e scene of a dramatic warrior in patterned robes leaping above turbulent waves and struggling figures, with bold outlines, flat blue and red colors, and vertical Japanese calligraphy."
track1_0572,generic_artwork,caption_content | requested_text_policy,free_crop_allowed | aspect_variation_allowed | style_variation_allowed,caption-led subject | medium-appropriate composition | avoid batch template,generic_artwork_surface,"[{""confidence"": 1.0, ""guard_notes"": [], ""guard_status"": ""rule"", ""height"": 1024, ""label"": ""square_artwork"", ""prompt_directive"": ""Use a balanced square artwork canvas only when the caption does not imply a poster, scroll, spread, or panel format."", ""reason"": """", ""source"": ""rule"", ""width"": 1024}]",aas_safe | reference_style | fid_diverse,"A serene Gongbi painting of misty willow trees beside a quiet river with faint sailboat masts in the distance, rendered on aged silk with delicate lines, soft muted tones, and red collector seals."
track1_0589,scroll_album_paper_support,caption_content | support_surface_required | requested_text_policy,preserve_support_aspect | medium_texture_variation_allowed | viewpoint_variation_allowed,visible paper support | folds or ruled grid | album or scroll framing,scroll_or_album_paper_support,"[{""confidence"": 1.0, ""guard_notes"": [], ""guard_status"": ""rule"", ""height"": 1024, ""label"": ""square_artwork"", ""prompt_directive"": ""Use a balanced square artwork canvas only when the caption does not imply a poster, scroll, spread, or panel format."", ""reason"": """", ""source"": ""rule"", ""width"": 1024}]",aas_safe | reference_style | fid_diverse,"A Gongbi-style archival album page on aged paper with dense Chinese calligraphy, red collector seals, and a delicate pale figure painting accompanied by inscriptions in a muted, serene composition."
track1_0600,generic_artwork,caption_content | requested_text_policy,free_crop_allowed | aspect_variation_allowed | style_variation_allowed,caption-led subject | medium-appropriate composition | avoid batch template,painting_or_brushwork_surface,"[{""confidence"": 1.0, ""guard_notes"": [], ""guard_status"": ""rule"", ""height"": 1024, ""label"": ""square_artwork"", ""prompt_directive"": ""Use a balanced square artwork canvas only when the caption does not imply a poster, scroll, spread, or panel format."", ""reason"": """", ""source"": ""rule"", ""width"": 1024}]",aas_safe | reference_style | fid_diverse,"Ink and wash painting of a misty mountainous landscape with layered rocky peaks, dense trees, winding paths and streams, rendered in soft gray brushwork with calligraphy and red seals on paper."
track1_0622,generic_artwork,caption_content | requested_text_policy,free_crop_allowed | aspect_variation_allowed | style_variation_allowed,caption-led subject | medium-appropriate composition | avoid batch template,painting_or_brushwork_surface,"[{""confidence"": 1.0, ""guard_notes"": [], ""guard_status"": ""rule"", ""height"": 1024, ""label"": ""square_artwork"", ""prompt_directive"": ""Use a balanced square artwork canvas only when the caption does not imply a poster, scroll, spread, or panel format."", ""reason"": """", ""source"": ""rule"", ""width"": 1024}]",aas_safe | reference_style | fid_diverse,"Ink and wash painting of a peony blossom with leafy stems on aged paper, accented by red seal stamps and a pale patterned silk border, with soft monochrome brushwork and a calm, antique atmosphere."
track1_0638,generic_artwork,caption_content | requested_text_policy,free_crop_allowed | aspect_variation_allowed | style_variation_allowed,caption-led subject | medium-appropriate composition | avoid batch template,painting_or_brushwork_surface,"[{""confidence"": 1.0, ""guard_notes"": [], ""guard_status"": ""rule"", ""height"": 1024, ""label"": ""square_artwork"", ""prompt_directive"": ""Use a balanced square artwork canvas only when the caption does not imply a poster, scroll, spread, or panel format."", ""reason"": """", ""source"": ""rule"", ""width"": 1024}]",aas_safe | reference_style | fid_diverse,"Ink and wash painting of a delicate folding fan decorated with chrysanthemums, leafy stems, subtle calligraphy, and soft muted brushwork on warm beige paper."
track1_0644,generic_artwork,caption_content | requested_text_policy,free_crop_allowed | aspect_variation_allowed | style_variation_allowed,caption-led subject | medium-appropriate composition | avoid batch template,painting_or_brushwork_surface,"[{""confidence"": 1.0, ""guard_notes"": [], ""guard_status"": ""rule"", ""height"": 1024, ""label"": ""square_artwork"", ""prompt_directive"": ""Use a balanced square artwork canvas only when the caption does not imply a poster, scroll, spread, or panel format."", ""reason"": """", ""source"": ""rule"", ""width"": 1024}]",aas_safe | reference_style | fid_diverse,"Ink and wash painting of a twisted leafless tree beside a quiet riverside with rocks and reeds, rendered on aged beige paper with delicate brushwork, calligraphy, and red seal stamps."
track1_0645,generic_artwork,caption_content | requested_text_policy,free_crop_allowed | aspect_variation_allowed | style_variation_allowed,caption-led subject | medium-appropriate composition | avoid batch template,painting_or_brushwork_surface,"[{""confidence"": 1.0, ""guard_notes"": [], ""guard_status"": ""rule"", ""height"": 1024, ""label"": ""square_artwork"", ""prompt_directive"": ""Use a balanced square artwork canvas only when the caption does not imply a poster, scroll, spread, or panel format."", ""reason"": """", ""source"": ""rule"", ""width"": 1024}]",aas_safe | reference_style | fid_diverse,"Ink and wash painting of a potted flowering plant in an ornate basin beneath vertical Chinese calligraphy and red seals, rendered with delicate monochrome brushwork on aged paper."
track1_0651,generic_artwork,caption_content | requested_text_policy,free_crop_allowed | aspect_variation_allowed | style_variation_allowed,caption-led subject | medium-appropriate composition | avoid batch template,painting_or_brushwork_surface,"[{""confidence"": 1.0, ""guard_notes"": [], ""guard_status"": ""rule"", ""height"": 1024, ""label"": ""square_artwork"", ""prompt_directive"": ""Use a balanced square artwork canvas only when the caption does not imply a poster, scroll, spread, or panel format."", ""reason"": """", ""source"": ""rule"", ""width"": 1024}]",aas_safe | reference_style | fid_diverse,"Ink and wash painting of bamboo branches spread across a fan-shaped composition on aged paper, with expressive black brushstrokes, subtle gray washes, and small calligraphy seals."
track1_0656,generic_artwork,caption_content | requested_text_policy,free_crop_allowed | aspect_variation_allowed | style_variation_allowed,caption-led subject | medium-appropriate composition | avoid batch template,generic_artwork_surface,"[{""confidence"": 1.0, ""guard_notes"": [], ""guard_status"": ""rule"", ""height"": 1024, ""label"": ""square_artwork"", ""prompt_directive"": ""Use a balanced square artwork canvas only when the caption does not imply a poster, scroll, spread, or panel format."", ""reason"": """", ""source"": ""rule"", ""width"": 1024}]",aas_safe | reference_style | fid_diverse,"A Ukiyo-e scene of a richly dressed figure standing beside a windswept shoreline with patterned waves, sparse trees, distant hills, and delicate calligraphy above in muted earthy tones."
track1_0671,generic_artwork,caption_content | requested_text_policy,free_crop_allowed | aspect_variation_allowed | style_variation_allowed,caption-led subject | medium-appropriate composition | avoid batch template,painting_or_brushwork_surface,"[{""confidence"": 1.0, ""guard_notes"": [], ""guard_status"": ""rule"", ""height"": 1024, ""label"": ""square_artwork"", ""prompt_directive"": ""Use a balanced square artwork canvas only when the caption does not imply a poster, scroll, spread, or panel format."", ""reason"": """", ""source"": ""rule"", ""width"": 1024}]",aas_safe | reference_style | fid_diverse,"Ink and wash painting of a misty riverside landscape with distant mountains, small sailboats, sparse trees on a cliff, calligraphy and red seals on aged beige paper with a soft muted palette."
track1_0676,generic_artwork,caption_content | requested_text_policy,free_crop_allowed | aspect_variation_allowed | style_variation_allowed,caption-led subject | medium-appropriate composition | avoid batch template,painting_or_brushwork_surface,"[{""confidence"": 1.0, ""guard_notes"": [], ""guard_status"": ""rule"", ""height"": 1024, ""label"": ""square_artwork"", ""prompt_directive"": ""Use a balanced square artwork canvas only when the caption does not imply a poster, scroll, spread, or panel format."", ""reason"": """", ""source"": ""rule"", ""width"": 1024}]",aas_safe | reference_style | fid_diverse,"Ink and wash painting of two sepia fan-shaped compositions, one showing a mountainous landscape with trees and small buildings and the other a tiger nestled among sweeping grasses, with delicate brushwork and calligraphic inscriptions."
track1_0702,generic_artwork,caption_content | requested_text_policy,free_crop_allowed | aspect_variation_allowed | style_variation_allowed,caption-led subject | medium-appropriate composition | avoid batch template,painting_or_brushwork_surface,"[{""confidence"": 1.0, ""guard_notes"": [], ""guard_status"": ""rule"", ""height"": 1024, ""label"": ""square_artwork"", ""prompt_directive"": ""Use a balanced square artwork canvas only when the caption does not imply a poster, scroll, spread, or panel format."", ""reason"": """", ""source"": ""rule"", ""width"": 1024}]",aas_safe | reference_style | fid_diverse,"Ink and wash painting on a fan-shaped sheet featuring a quiet wooded landscape with rocky banks, dense trees, delicate calligraphy, and muted sepia brushwork."
track1_0711,scroll_album_paper_support,caption_content | support_surface_required | requested_text_policy,preserve_support_aspect | medium_texture_variation_allowed | viewpoint_variation_allowed,battlefield depth | armored vehicle | mounted movement | infantry group,scroll_or_album_paper_support | painting_or_brushwork_surface,"[{""confidence"": 1.0, ""guard_notes"": [], ""guard_status"": ""rule"", ""height"": 1024, ""label"": ""square_artwork"", ""prompt_directive"": ""Use a balanced square artwork canvas only when the caption does not imply a poster, scroll, spread, or panel format."", ""reason"": """", ""source"": ""rule"", ""width"": 1024}]",aas_safe | reference_style | fid_diverse,"Ink and wash painting of a jagged scholar's rock beside a panel of Chinese calligraphy, mounted on a pale patterned album page with muted sepia tones and delicate brushwork."
track1_0737,generic_artwork,caption_content | requested_text_policy,free_crop_allowed | aspect_variation_allowed | style_variation_allowed,caption-led subject | medium-appropriate composition | avoid batch template,generic_artwork_surface,"[{""confidence"": 1.0, ""guard_notes"": [], ""guard_status"": ""rule"", ""height"": 1024, ""label"": ""square_artwork"", ""prompt_directive"": ""Use a balanced square artwork canvas only when the caption does not imply a poster, scroll, spread, or panel format."", ""reason"": """", ""source"": ""rule"", ""width"": 1024}]",aas_safe | reference_style | fid_diverse,"A serene Gongbi painting of a tall perforated scholar rock surrounded by delicate lilies and slender grasses, rendered with fine linework, muted earthy colors, and a vertical Chinese composition with calligraphy and seals."
track1_0746,generic_artwork,caption_content | requested_text_policy,free_crop_allowed | aspect_variation_allowed | style_variation_allowed,caption-led subject | medium-appropriate composition | avoid batch template,generic_artwork_surface,"[{""confidence"": 1.0, ""guard_notes"": [], ""guard_status"": ""rule"", ""height"": 1024, ""label"": ""square_artwork"", ""prompt_directive"": ""Use a balanced square artwork canvas only when the caption does not imply a poster, scroll, spread, or panel format."", ""reason"": """", ""source"": ""rule"", ""width"": 1024}]",aas_safe | reference_style | fid_diverse,"Ukiyo-e scene of two kimono-clad figures walking under yellow paper umbrellas through diagonal rain, with delicate linework, muted colors, and a calligraphy cartouche in the upper corner."
track1_0756,generic_artwork,caption_content | requested_text_policy,free_crop_allowed | aspect_variation_allowed | style_variation_allowed,caption-led subject | medium-appropriate composition | avoid batch template,painting_or_brushwork_surface,"[{""confidence"": 1.0, ""guard_notes"": [], ""guard_status"": ""rule"", ""height"": 1024, ""label"": ""square_artwork"", ""prompt_directive"": ""Use a balanced square artwork canvas only when the caption does not imply a poster, scroll, spread, or panel format."", ""reason"": """", ""source"": ""rule"", ""width"": 1024}]",aas_safe | reference_style | fid_diverse,"Ink and wash painting of a fan-shaped composition with slender bamboo branches and textured rocks on warm beige paper, using delicate brushwork, muted green-gray tones, and small red seal marks."
track1_0757,generic_artwork,caption_content | requested_text_policy,free_crop_allowed | aspect_variation_allowed | style_variation_allowed,caption-led subject | medium-appropriate composition | avoid batch template,painting_or_brushwork_surface,"[{""confidence"": 1.0, ""guard_notes"": [], ""guard_status"": ""rule"", ""height"": 1024, ""label"": ""square_artwork"", ""prompt_directive"": ""Use a balanced square artwork canvas only when the caption does not imply a poster, scroll, spread, or panel format."", ""reason"": """", ""source"": ""rule"", ""width"": 1024}]",aas_safe | reference_style | fid_diverse,"Ink and wash painting of a small boat with a lone figure drifting below rocky cliffs and pine trees, accompanied by vertical Chinese calligraphy on aged paper with muted sepia tones."
track1_0761,generic_artwork,caption_content | requested_text_policy,free_crop_allowed | aspect_variation_allowed | style_variation_allowed,caption-led subject | medium-appropriate composition | avoid batch template,painting_or_brushwork_surface,"[{""confidence"": 1.0, ""guard_notes"": [], ""guard_status"": ""rule"", ""height"": 1024, ""label"": ""square_artwork"", ""prompt_directive"": ""Use a balanced square artwork canvas only when the caption does not imply a poster, scroll, spread, or panel format."", ""reason"": """", ""source"": ""rule"", ""width"": 1024}]",aas_safe | reference_style | fid_diverse,"Ink and wash painting of a delicate flowering plum branch beside a panel of Chinese calligraphy, with red seal stamps, pale paper texture, and a serene minimalist composition."
track1_0772,generic_artwork,caption_content | requested_text_policy,free_crop_allowed | aspect_variation_allowed | style_variation_allowed,caption-led subject | medium-appropriate composition | avoid batch template,generic_artwork_surface,"[{""confidence"": 1.0, ""guard_notes"": [], ""guard_status"": ""rule"", ""height"": 1024, ""label"": ""square_artwork"", ""prompt_directive"": ""Use a balanced square artwork canvas only when the caption does not imply a poster, scroll, spread, or panel format."", ""reason"": """", ""source"": ""rule"", ""width"": 1024}]",aas_safe | reference_style | fid_diverse,"Ukiyo-e print of a woman in a patterned kimono bending beside a small child near a potted plant, with delicate linework, muted colors, and vertical calligraphy on a pale background."
track1_0777,generic_artwork,caption_content | requested_text_policy,free_crop_allowed | aspect_variation_allowed | style_variation_allowed,caption-led subject | medium-appropriate composition | avoid batch template,generic_artwork_surface,"[{""confidence"": 1.0, ""guard_notes"": [], ""guard_status"": ""rule"", ""height"": 1024, ""label"": ""square_artwork"", ""prompt_directive"": ""Use a balanced square artwork canvas only when the caption does not imply a poster, scroll, spread, or panel format."", ""reason"": """", ""source"": ""rule"", ""width"": 1024}]",aas_safe | reference_style | fid_diverse,"A Gongbi-style portrait of a robed scholar-official wearing a black hat on muted brown silk, with fine linework, restrained colors, and vertical calligraphy in the upper right."
track1_0778,generic_artwork,caption_content | requested_text_policy,free_crop_allowed | aspect_variation_allowed | style_variation_allowed,caption-led subject | medium-appropriate composition | avoid batch template,generic_artwork_surface,"[{""confidence"": 1.0, ""guard_notes"": [], ""guard_status"": ""rule"", ""height"": 1024, ""label"": ""square_artwork"", ""prompt_directive"": ""Use a balanced square artwork canvas only when the caption does not imply a poster, scroll, spread, or panel format."", ""reason"": """", ""source"": ""rule"", ""width"": 1024}]",aas_safe | reference_style | fid_diverse,"A Ukiyo-e full-length portrait of a standing figure in an ornate patterned kimono, rendered with bold black linework on aged tan paper with vertical calligraphy and seal marks."
track1_0787,generic_artwork,caption_content | requested_text_policy,free_crop_allowed | aspect_variation_allowed | style_variation_allowed,caption-led subject | medium-appropriate composition | avoid batch template,generic_artwork_surface,"[{""confidence"": 1.0, ""guard_notes"": [], ""guard_status"": ""rule"", ""height"": 1024, ""label"": ""square_artwork"", ""prompt_directive"": ""Use a balanced square artwork canvas only when the caption does not imply a poster, scroll, spread, or panel format."", ""reason"": """", ""source"": ""rule"", ""width"": 1024}]",aas_safe | reference_style | fid_diverse,"Ukiyo-e portrait of a standing Japanese actor or warrior in an ornate patterned kimono with a sword, surrounded by calligraphy on aged paper with bold outlines and muted red, gold, and black tones."
track1_0788,generic_artwork,caption_content | requested_text_policy,free_crop_allowed | aspect_variation_allowed | style_variation_allowed,caption-led subject | medium-appropriate composition | avoid batch template,generic_artwork_surface,"[{""confidence"": 1.0, ""guard_notes"": [], ""guard_status"": ""rule"", ""height"": 1024, ""label"": ""square_artwork"", ""prompt_directive"": ""Use a balanced square artwork canvas only when the caption does not imply a poster, scroll, spread, or panel format."", ""reason"": """", ""source"": ""rule"", ""width"": 1024}]",aas_safe | reference_style | fid_diverse,"Two small birds perch among slender bare branches and pale bamboo leaves in a serene Gongbi composition with delicate linework, soft muted colors, and calligraphy seals on the upper left."
track1_0800,generic_artwork,caption_content | requested_text_policy,free_crop_allowed | aspect_variation_allowed | style_variation_allowed,caption-led subject | medium-appropriate composition | avoid batch template,painting_or_brushwork_surface,"[{""confidence"": 1.0, ""guard_notes"": [], ""guard_status"": ""rule"", ""height"": 1024, ""label"": ""square_artwork"", ""prompt_directive"": ""Use a balanced square artwork canvas only when the caption does not imply a poster, scroll, spread, or panel format."", ""reason"": """", ""source"": ""rule"", ""width"": 1024}]",aas_safe | reference_style | fid_diverse,"Ink and wash painting of a serene misty mountain landscape with sparse forests, delicate brushwork, muted sepia tones, and calligraphy in the upper left."
track1_0807,generic_artwork,caption_content | requested_text_policy,free_crop_allowed | aspect_variation_allowed | style_variation_allowed,caption-led subject | medium-appropriate composition | avoid batch template,painting_or_brushwork_surface,"[{""confidence"": 1.0, ""guard_notes"": [], ""guard_status"": ""rule"", ""height"": 1024, ""label"": ""square_artwork"", ""prompt_directive"": ""Use a balanced square artwork canvas only when the caption does not imply a poster, scroll, spread, or panel format."", ""reason"": """", ""source"": ""rule"", ""width"": 1024}]",aas_safe | reference_style | fid_diverse,"Ink and wash painting of two fan-shaped landscape compositions with mountains, sparse trees, calligraphy inscriptions, and delicate monochrome brushwork on warm beige paper."
track1_0819,generic_artwork,caption_content | requested_text_policy,free_crop_allowed | aspect_variation_allowed | style_variation_allowed,caption-led subject | medium-appropriate composition | avoid batch template,generic_artwork_surface,"[{""confidence"": 1.0, ""guard_notes"": [], ""guard_status"": ""rule"", ""height"": 1024, ""label"": ""square_artwork"", ""prompt_directive"": ""Use a balanced square artwork canvas only when the caption does not imply a poster, scroll, spread, or panel format."", ""reason"": """", ""source"": ""rule"", ""width"": 1024}]",aas_safe | reference_style | fid_diverse,"A Ukiyo-e woodblock print of a small yellow bird perched upside down on flowering branches with red and pink blossoms, delicate linework, flat pastel colors, and Japanese calligraphy against a pale blue background."
track1_0834,generic_artwork,caption_content | requested_text_policy,free_crop_allowed | aspect_variation_allowed | style_variation_allowed,caption-led subject | medium-appropriate composition | avoid batch template,painting_or_brushwork_surface,"[{""confidence"": 1.0, ""guard_notes"": [], ""guard_status"": ""rule"", ""height"": 1024, ""label"": ""square_artwork"", ""prompt_directive"": ""Use a balanced square artwork canvas only when the caption does not imply a poster, scroll, spread, or panel format."", ""reason"": """", ""source"": ""rule"", ""width"": 1024}]",aas_safe | reference_style | fid_diverse,"Ink and wash painting of a serene mountainous riverside landscape with craggy brush-textured hills, sparse trees, distant boats and birds, and calligraphy with red seals in the upper corner."
track1_0838,generic_artwork,caption_content | requested_text_policy,free_crop_allowed | aspect_variation_allowed | style_variation_allowed,caption-led subject | medium-appropriate composition | avoid batch template,generic_artwork_surface,"[{""confidence"": 1.0, ""guard_notes"": [], ""guard_status"": ""rule"", ""height"": 1024, ""label"": ""square_artwork"", ""prompt_directive"": ""Use a balanced square artwork canvas only when the caption does not imply a poster, scroll, spread, or panel format."", ""reason"": """", ""source"": ""rule"", ""width"": 1024}]",aas_safe | reference_style | fid_diverse,"Ukiyo-e style owl perched on a mossy twisting branch with red maple leaves, Japanese calligraphy, muted earthy colors, and delicate textured linework on aged paper."
track1_0840,generic_artwork,caption_content | requested_text_policy,free_crop_allowed | aspect_variation_allowed | style_variation_allowed,caption-led subject | medium-appropriate composition | avoid batch template,painting_or_brushwork_surface,"[{""confidence"": 1.0, ""guard_notes"": [], ""guard_status"": ""rule"", ""height"": 1024, ""label"": ""square_artwork"", ""prompt_directive"": ""Use a balanced square artwork canvas only when the caption does not imply a poster, scroll, spread, or panel format."", ""reason"": """", ""source"": ""rule"", ""width"": 1024}]",aas_safe | reference_style | fid_diverse,Ink and wash painting of a rabbit partly hidden among bamboo and bare branches beside columns of Chinese calligraphy and red seals on aged paper.
track1_0866,generic_artwork,caption_content | requested_text_policy,free_crop_allowed | aspect_variation_allowed | style_variation_allowed,caption-led subject | medium-appropriate composition | avoid batch template,painting_or_brushwork_surface,"[{""confidence"": 1.0, ""guard_notes"": [], ""guard_status"": ""rule"", ""height"": 1024, ""label"": ""square_artwork"", ""prompt_directive"": ""Use a balanced square artwork canvas only when the caption does not imply a poster, scroll, spread, or panel format."", ""reason"": """", ""source"": ""rule"", ""width"": 1024}]",aas_safe | reference_style | fid_diverse,"Ink and wash painting of bamboo, grasses, and rocks rendered with loose black brushstrokes on aged paper, accented by red seals and a pale patterned blank section."
track1_0873,generic_artwork,caption_content | requested_text_policy,free_crop_allowed | aspect_variation_allowed | style_variation_allowed,caption-led subject | medium-appropriate composition | avoid batch template,generic_artwork_surface,"[{""confidence"": 1.0, ""guard_notes"": [], ""guard_status"": ""rule"", ""height"": 1024, ""label"": ""square_artwork"", ""prompt_directive"": ""Use a balanced square artwork canvas only when the caption does not imply a poster, scroll, spread, or panel format."", ""reason"": """", ""source"": ""rule"", ""width"": 1024}]",aas_safe | reference_style | fid_diverse,"Ukiyo-e composition of overlapping decorated fans and papers with delicate calligraphy, muted colors, fine linework, and an aged parchment background."
track1_0877,generic_artwork,caption_content | requested_text_policy,free_crop_allowed | aspect_variation_allowed | style_variation_allowed,caption-led subject | medium-appropriate composition | avoid batch template,generic_artwork_surface,"[{""confidence"": 1.0, ""guard_notes"": [], ""guard_status"": ""rule"", ""height"": 1024, ""label"": ""square_artwork"", ""prompt_directive"": ""Use a balanced square artwork canvas only when the caption does not imply a poster, scroll, spread, or panel format."", ""reason"": """", ""source"": ""rule"", ""width"": 1024}]",aas_safe | reference_style | fid_diverse,"Ukiyo-e style full-length portrait of a standing figure in an ornate patterned kimono with vertical Japanese calligraphy, bold outlines, muted earthy colors, and aged paper texture."
track1_0886,generic_artwork,caption_content | requested_text_policy,free_crop_allowed | aspect_variation_allowed | style_variation_allowed,caption-led subject | medium-appropriate composition | avoid batch template,generic_artwork_surface,"[{""confidence"": 1.0, ""guard_notes"": [], ""guard_status"": ""rule"", ""height"": 1024, ""label"": ""square_artwork"", ""prompt_directive"": ""Use a balanced square artwork canvas only when the caption does not imply a poster, scroll, spread, or panel format."", ""reason"": """", ""source"": ""rule"", ""width"": 1024}]",aas_safe | reference_style | fid_diverse,"A Gongbi painting of elegant white narcissus flowers with long green leaves beneath a delicate blossoming branch, surrounded by red seals and Chinese calligraphy on a warm beige silk-like background."
track1_0888,generic_artwork,caption_content | requested_text_policy,free_crop_allowed | aspect_variation_allowed | style_variation_allowed,caption-led subject | medium-appropriate composition | avoid batch template,painting_or_brushwork_surface,"[{""confidence"": 1.0, ""guard_notes"": [], ""guard_status"": ""rule"", ""height"": 1024, ""label"": ""square_artwork"", ""prompt_directive"": ""Use a balanced square artwork canvas only when the caption does not imply a poster, scroll, spread, or panel format."", ""reason"": """", ""source"": ""rule"", ""width"": 1024}]",aas_safe | reference_style | fid_diverse,"Ink and wash painting on a fan-shaped paper with delicate mountain landscape sketches, sparse bamboo and trees, and rows of Chinese calligraphy in a muted beige palette."
track1_0892,generic_artwork,caption_content | requested_text_policy,free_crop_allowed | aspect_variation_allowed | style_variation_allowed,caption-led subject | medium-appropriate composition | avoid batch template,painting_or_brushwork_surface,"[{""confidence"": 1.0, ""guard_notes"": [], ""guard_status"": ""rule"", ""height"": 1024, ""label"": ""square_artwork"", ""prompt_directive"": ""Use a balanced square artwork canvas only when the caption does not imply a poster, scroll, spread, or panel format."", ""reason"": """", ""source"": ""rule"", ""width"": 1024}]",aas_safe | reference_style | fid_diverse,"Ink and wash painting of a windswept landscape with bent trees, textured rocks, distant misty hills, and delicate calligraphy in a muted sepia palette."
track1_0968,generic_artwork,caption_content | requested_text_policy,free_crop_allowed | aspect_variation_allowed | style_variation_allowed,caption-led subject | medium-appropriate composition | avoid batch template,generic_artwork_surface,"[{""confidence"": 1.0, ""guard_notes"": [], ""guard_status"": ""rule"", ""height"": 1024, ""label"": ""square_artwork"", ""prompt_directive"": ""Use a balanced square artwork canvas only when the caption does not imply a poster, scroll, spread, or panel format."", ""reason"": """", ""source"": ""rule"", ""width"": 1024}]",aas_safe | reference_style | fid_diverse,"A Gongbi painting of blooming pink and yellow roses with delicate green leaves, fine precise linework, soft muted colors, and small calligraphy on a warm beige silk-like background."
track1_0969,generic_artwork,caption_content | requested_text_policy,free_crop_allowed | aspect_variation_allowed | style_variation_allowed,caption-led subject | medium-appropriate composition | avoid batch template,painting_or_brushwork_surface,"[{""confidence"": 1.0, ""guard_notes"": [], ""guard_status"": ""rule"", ""height"": 1024, ""label"": ""square_artwork"", ""prompt_directive"": ""Use a balanced square artwork canvas only when the caption does not imply a poster, scroll, spread, or panel format."", ""reason"": """", ""source"": ""rule"", ""width"": 1024}]",aas_safe | reference_style | fid_diverse,"Ink and wash painting on aged paper featuring a calligraphy panel beside a small rounded landscape scene with distant mountains, trees, water, and soft muted brushwork."
track1_0989,generic_artwork,caption_content | requested_text_policy,free_crop_allowed | aspect_variation_allowed | style_variation_allowed,caption-led subject | medium-appropriate composition | avoid batch template,generic_artwork_surface,"[{""confidence"": 1.0, ""guard_notes"": [], ""guard_status"": ""rule"", ""height"": 1024, ""label"": ""square_artwork"", ""prompt_directive"": ""Use a balanced square artwork canvas only when the caption does not imply a poster, scroll, spread, or panel format."", ""reason"": """", ""source"": ""rule"", ""width"": 1024}]",aas_safe | reference_style | fid_diverse,"A Ukiyo-e print of an elegant woman in a floral kimono standing gracefully on flowing patterned fabric, with delicate linework, muted colors, and vertical Japanese calligraphy."
track1_0994,generic_artwork,caption_content | requested_text_policy,free_crop_allowed | aspect_variation_allowed | style_variation_allowed,caption-led subject | medium-appropriate composition | avoid batch template,generic_artwork_surface,"[{""confidence"": 1.0, ""guard_notes"": [], ""guard_status"": ""rule"", ""height"": 1024, ""label"": ""square_artwork"", ""prompt_directive"": ""Use a balanced square artwork canvas only when the caption does not imply a poster, scroll, spread, or panel format."", ""reason"": """", ""source"": ""rule"", ""width"": 1024}]",aas_safe | reference_style | fid_diverse,"A Gongbi painting of delicate pink blossoms and slender green leaves on branching stems against a pale silk-like background, with fine linework and a vertical calligraphy inscription on the left."
track1_0115,scroll_album_paper_support,caption_content | support_surface_required,preserve_support_aspect | medium_texture_variation_allowed | viewpoint_variation_allowed,visible paper support | folds or ruled grid | album or scroll framing,scroll_or_album_paper_support,"[{""confidence"": 1.0, ""guard_notes"": [], ""guard_status"": ""rule"", ""height"": 768, ""label"": ""panel_story"", ""prompt_directive"": ""Use a landscape panel-story canvas so the panels fit without side overflow or cropped action."", ""reason"": """", ""source"": ""rule"", ""width"": 1024}]",aas_safe | reference_style | fid_diverse,"A Gongbi album leaf with two square panels on aged paper, featuring delicate flowers, leafy branches, and butterflies in fine linework with muted earthy colors."
track1_0412,generic_artwork,caption_content | relation_logic,free_crop_allowed | aspect_variation_allowed | style_variation_allowed,caption-led subject | medium-appropriate composition | avoid batch template,generic_artwork_surface,"[{""confidence"": 1.0, ""guard_notes"": [], ""guard_status"": ""rule"", ""height"": 1024, ""label"": ""square_artwork"", ""prompt_directive"": ""Use a balanced square artwork canvas only when the caption does not imply a poster, scroll, spread, or panel format."", ""reason"": """", ""source"": ""rule"", ""width"": 1024}]",aas_safe | reference_style | fid_diverse,"A Baroque equestrian portrait of an armored rider in a broad hat and red sash on a rearing white horse beside a windswept coast, framed by dark trees, dramatic clouds, and rich chiaroscuro tones."
track1_0577,battle_tank_cavalry,caption_content | relation_logic,free_crop_allowed | aspect_variation_allowed | style_variation_allowed,battlefield depth | armored vehicle | mounted movement | infantry group,generic_artwork_surface,"[{""confidence"": 1.0, ""guard_notes"": [], ""guard_status"": ""rule"", ""height"": 1024, ""label"": ""square_artwork"", ""prompt_directive"": ""Use a balanced square artwork canvas only when the caption does not imply a poster, scroll, spread, or panel format."", ""reason"": """", ""source"": ""rule"", ""width"": 1024}]",aas_safe | reference_style | fid_diverse,"A dramatic Ukiyo-e battle scene with armored samurai on horseback charging through a river and rocky landscape, rendered with bold outlines, dense composition, and muted hand-colored tones."
track1_0991,generic_artwork,caption_content | relation_logic,free_crop_allowed | aspect_variation_allowed | style_variation_allowed,caption-led subject | medium-appropriate composition | avoid batch template,generic_artwork_surface,"[{""confidence"": 1.0, ""guard_notes"": [], ""guard_status"": ""rule"", ""height"": 1024, ""label"": ""square_artwork"", ""prompt_directive"": ""Use a balanced square artwork canvas only when the caption does not imply a poster, scroll, spread, or panel format."", ""reason"": """", ""source"": ""rule"", ""width"": 1024}]",aas_safe | reference_style | fid_diverse,"A Baroque engraved courtyard scene with grand arcaded architecture, a central tower, small figures gathered below, and winged mythological figures flying through a dramatic sky."
track1_0292,battle_tank_cavalry,caption_content,free_crop_allowed | aspect_variation_allowed | style_variation_allowed,battlefield depth | armored vehicle | mounted movement | infantry group,generic_artwork_surface,"[{""confidence"": 1.0, ""guard_notes"": [], ""guard_status"": ""rule"", ""height"": 1024, ""label"": ""square_artwork"", ""prompt_directive"": ""Use a balanced square artwork canvas only when the caption does not imply a poster, scroll, spread, or panel format."", ""reason"": """", ""source"": ""rule"", ""width"": 1024}]",aas_safe | reference_style | fid_diverse,"An Early Renaissance crucifixion scene with Christ on a wooden cross, grieving figures kneeling at the base, soldiers and onlookers in a detailed landscape before a fortified city, rendered with crisp linework, rich colors, and a solemn atmosphere under dark clouds."
track1_0704,generic_artwork,caption_content,free_crop_allowed | aspect_variation_allowed | style_variation_allowed,caption-led subject | medium-appropriate composition | avoid batch template,generic_artwork_surface,"[{""confidence"": 1.0, ""guard_notes"": [], ""guard_status"": ""rule"", ""height"": 1024, ""label"": ""square_artwork"", ""prompt_directive"": ""Use a balanced square artwork canvas only when the caption does not imply a poster, scroll, spread, or panel format."", ""reason"": """", ""source"": ""rule"", ""width"": 1024}]",aas_safe | reference_style | fid_diverse,"Ukiyo-e style vertical composition of two robed figures in the foreground beside an open book, with a tiered castle tower, stone walls, autumn trees, muted colors, and delicate linework in the background."
track1_0862,battle_tank_cavalry,caption_content,free_crop_allowed | aspect_variation_allowed | style_variation_allowed,battlefield depth | armored vehicle | mounted movement | infantry group,generic_artwork_surface,"[{""confidence"": 1.0, ""guard_notes"": [], ""guard_status"": ""rule"", ""height"": 1024, ""label"": ""square_artwork"", ""prompt_directive"": ""Use a balanced square artwork canvas only when the caption does not imply a poster, scroll, spread, or panel format."", ""reason"": """", ""source"": ""rule"", ""width"": 1024}]",aas_safe | reference_style | fid_diverse,"A Mannerism (Late Renaissance) courtly scene in an ornate architectural hall with elongated figures, soldiers and nobles gathered around a draped canopy, decorative columns, garlands, tiled floor, and dogs in the foreground, rendered in a muted fresco-like palette with intricate linear detail."
track1_0047,generic_artwork,caption_content | relation_logic,free_crop_allowed | aspect_variation_allowed | style_variation_allowed,caption-led subject | medium-appropriate composition | avoid batch template,generic_artwork_surface,"[{""confidence"": 1.0, ""guard_notes"": [], ""guard_status"": ""rule"", ""height"": 1024, ""label"": ""square_artwork"", ""prompt_directive"": ""Use a balanced square artwork canvas only when the caption does not imply a poster, scroll, spread, or panel format."", ""reason"": """", ""source"": ""rule"", ""width"": 1024}]",aas_safe | reference_style | fid_diverse,"An Early Renaissance painting of the Annunciation in a richly furnished chamber, with an angel raising one hand toward a seated woman in a blue robe beside an open book, a radiant dove between them, a canopy bed, tiled floor, window, chandelier, and ornate devotional furnishings."
track1_0191,generic_artwork,caption_content | relation_logic,free_crop_allowed | aspect_variation_allowed | style_variation_allowed,caption-led subject | medium-appropriate composition | avoid batch template,generic_artwork_surface,"[{""confidence"": 1.0, ""guard_notes"": [], ""guard_status"": ""rule"", ""height"": 1024, ""label"": ""square_artwork"", ""prompt_directive"": ""Use a balanced square artwork canvas only when the caption does not imply a poster, scroll, spread, or panel format."", ""reason"": """", ""source"": ""rule"", ""width"": 1024}]",aas_safe | reference_style | fid_diverse,"An Early Renaissance scene of elegantly dressed figures gathered in a columned interior around a patterned board game table, with golden halos, a small landscape view through a central window, muted colors, delicate linear detail, and a solemn courtly atmosphere."
track1_0203,generic_artwork,caption_content | relation_logic,free_crop_allowed | aspect_variation_allowed | style_variation_allowed,caption-led subject | medium-appropriate composition | avoid batch template,generic_artwork_surface,"[{""confidence"": 1.0, ""guard_notes"": [], ""guard_status"": ""rule"", ""height"": 1024, ""label"": ""square_artwork"", ""prompt_directive"": ""Use a balanced square artwork canvas only when the caption does not imply a poster, scroll, spread, or panel format."", ""reason"": """", ""source"": ""rule"", ""width"": 1024}]",aas_safe | reference_style | fid_diverse,"An Early Renaissance scene of richly dressed figures gathered in a narrow interior around a robed man, with a dark curtain, a small landscape window, vivid reds, greens, and yellows, and precise linear detail creating a solemn atmosphere."
track1_0099,generic_artwork,caption_content,free_crop_allowed | aspect_variation_allowed | style_variation_allowed,caption-led subject | medium-appropriate composition | avoid batch template,generic_artwork_surface,"[{""confidence"": 1.0, ""guard_notes"": [], ""guard_status"": ""rule"", ""height"": 1024, ""label"": ""square_artwork"", ""prompt_directive"": ""Use a balanced square artwork canvas only when the caption does not imply a poster, scroll, spread, or panel format."", ""reason"": """", ""source"": ""rule"", ""width"": 1024}]",aas_safe | reference_style | fid_diverse,"A Gongbi painting of robed figures gathered on an ornate palace balcony above misty clouds, with delicate linework, muted colors, a bird in flight, and a partial roof and trees in the surrounding landscape."
track1_0285,generic_artwork,caption_content,free_crop_allowed | aspect_variation_allowed | style_variation_allowed,caption-led subject | medium-appropriate composition | avoid batch template,generic_artwork_surface,"[{""confidence"": 1.0, ""guard_notes"": [], ""guard_status"": ""rule"", ""height"": 1024, ""label"": ""square_artwork"", ""prompt_directive"": ""Use a balanced square artwork canvas only when the caption does not imply a poster, scroll, spread, or panel format."", ""reason"": """", ""source"": ""rule"", ""width"": 1024}]",aas_safe | reference_style | fid_diverse,"A Gongbi-style scene of several riders on horseback gathered in a sparse muted landscape, rendered with delicate linework, soft earth tones, and a calm, restrained atmosphere."
track1_0479,generic_artwork,caption_content,free_crop_allowed | aspect_variation_allowed | style_variation_allowed,caption-led subject | medium-appropriate composition | avoid batch template,generic_artwork_surface,"[{""confidence"": 1.0, ""guard_notes"": [], ""guard_status"": ""rule"", ""height"": 1024, ""label"": ""square_artwork"", ""prompt_directive"": ""Use a balanced square artwork canvas only when the caption does not imply a poster, scroll, spread, or panel format."", ""reason"": """", ""source"": ""rule"", ""width"": 1024}]",aas_safe | reference_style | fid_diverse,"Ukiyo-e scene of two figures seated on a wooden bridge overlooking a calm river with small boats, fishing structures, distant trees, and a tower, rendered with delicate linework and a muted color palette."
track1_0631,generic_artwork,caption_content,free_crop_allowed | aspect_variation_allowed | style_variation_allowed,caption-led subject | medium-appropriate composition | avoid batch template,generic_artwork_surface,"[{""confidence"": 1.0, ""guard_notes"": [], ""guard_status"": ""rule"", ""height"": 1024, ""label"": ""square_artwork"", ""prompt_directive"": ""Use a balanced square artwork canvas only when the caption does not imply a poster, scroll, spread, or panel format."", ""reason"": """", ""source"": ""rule"", ""width"": 1024}]",aas_safe | reference_style | fid_diverse,"An Early Renaissance scene of a kneeling woman in a red gown before richly dressed men and an armored soldier, set on a rocky path beneath trees with a distant hilltop castle, rendered with crisp contours, deep colors, and a solemn dramatic mood."
track1_0060,scroll_album_paper_support,caption_content | support_surface_required,preserve_support_aspect | medium_texture_variation_allowed | viewpoint_variation_allowed,visible paper support | folds or ruled grid | album or scroll framing,scroll_or_album_paper_support | painting_or_brushwork_surface,"[{""confidence"": 1.0, ""guard_notes"": [], ""guard_status"": ""rule"", ""height"": 1024, ""label"": ""square_artwork"", ""prompt_directive"": ""Use a balanced square artwork canvas only when the caption does not imply a poster, scroll, spread, or panel format."", ""reason"": """", ""source"": ""rule"", ""width"": 1024}]",aas_safe | reference_style | fid_diverse,"Ink and wash painting of two small birds perched on a bare, twisting tree branch, with delicate brushwork, muted beige tones, and a serene hanging-scroll composition."
track1_0229,generic_artwork,caption_content | relation_logic,free_crop_allowed | aspect_variation_allowed | style_variation_allowed,caption-led subject | medium-appropriate composition | avoid batch template,generic_artwork_surface,"[{""confidence"": 1.0, ""guard_notes"": [], ""guard_status"": ""rule"", ""height"": 1024, ""label"": ""square_artwork"", ""prompt_directive"": ""Use a balanced square artwork canvas only when the caption does not imply a poster, scroll, spread, or panel format."", ""reason"": """", ""source"": ""rule"", ""width"": 1024}]",aas_safe | reference_style | fid_diverse,"Ukiyo-e scene of three women in patterned kimono beside a tree-lined riverside path, with flying birds, distant buildings, delicate linework, and a muted earthy color palette."
track1_0386,generic_artwork,caption_content,free_crop_allowed | aspect_variation_allowed | style_variation_allowed,caption-led subject | medium-appropriate composition | avoid batch template,generic_artwork_surface,"[{""confidence"": 1.0, ""guard_notes"": [], ""guard_status"": ""rule"", ""height"": 1024, ""label"": ""square_artwork"", ""prompt_directive"": ""Use a balanced square artwork canvas only when the caption does not imply a poster, scroll, spread, or panel format."", ""reason"": """", ""source"": ""rule"", ""width"": 1024}]",aas_safe | reference_style | fid_diverse,"A Baroque portrait of a richly dressed figure in dark armor and a plumed hat, adorned with a gold chain and medallion, set against a muted background with dramatic chiaroscuro lighting."
track1_0691,generic_artwork,caption_content | relation_logic,free_crop_allowed | aspect_variation_allowed | style_variation_allowed,caption-led subject | medium-appropriate composition | avoid batch template,generic_artwork_surface,"[{""confidence"": 1.0, ""guard_notes"": [], ""guard_status"": ""rule"", ""height"": 1024, ""label"": ""square_artwork"", ""prompt_directive"": ""Use a balanced square artwork canvas only when the caption does not imply a poster, scroll, spread, or panel format."", ""reason"": """", ""source"": ""rule"", ""width"": 1024}]",aas_safe | reference_style | fid_diverse,"A snowy urban street in impressionism style with a green horse-drawn omnibus, pedestrians, tall buildings, loose brushstrokes, and a muted winter palette."
track1_0714,generic_artwork,caption_content | relation_logic,free_crop_allowed | aspect_variation_allowed | style_variation_allowed,caption-led subject | medium-appropriate composition | avoid batch template,generic_artwork_surface,"[{""confidence"": 1.0, ""guard_notes"": [], ""guard_status"": ""rule"", ""height"": 1024, ""label"": ""square_artwork"", ""prompt_directive"": ""Use a balanced square artwork canvas only when the caption does not imply a poster, scroll, spread, or panel format."", ""reason"": """", ""source"": ""rule"", ""width"": 1024}]",aas_safe | reference_style | fid_diverse,"Ukiyo-e scene of a rainy riverside harbor with small boats, distant trees, a rooftop, a tall orange windsock, and a bird flying through the misty blue sky with fine diagonal rain lines."
track1_0724,generic_artwork,caption_content,free_crop_allowed | aspect_variation_allowed | style_variation_allowed,caption-led subject | medium-appropriate composition | avoid batch template,generic_artwork_surface,"[{""confidence"": 1.0, ""guard_notes"": [], ""guard_status"": ""rule"", ""height"": 1024, ""label"": ""square_artwork"", ""prompt_directive"": ""Use a balanced square artwork canvas only when the caption does not imply a poster, scroll, spread, or panel format."", ""reason"": """", ""source"": ""rule"", ""width"": 1024}]",aas_safe | reference_style | fid_diverse,"Abstract pencil sketch of a sparse architectural landscape with faint angular building outlines, a curving path, delicate linear marks, and a muted beige paper texture."
track1_0856,scroll_album_paper_support,caption_content | support_surface_required,preserve_support_aspect | medium_texture_variation_allowed | viewpoint_variation_allowed,caption-led subject | medium-appropriate composition | avoid batch template,generic_artwork_surface,"[{""confidence"": 1.0, ""guard_notes"": [], ""guard_status"": ""rule"", ""height"": 640, ""label"": ""horizontal_scroll"", ""prompt_directive"": ""Use a wide horizontal scroll canvas; keep the artwork support visible without external presentation space."", ""reason"": """", ""source"": ""rule"", ""width"": 1024}]",aas_safe | reference_style | fid_diverse,"A Gongbi style handscroll scene of robed figures gathered around a table in a garden beneath twisting trees, rendered with fine linework and a muted earthy color palette."
track1_0995,scroll_album_paper_support,caption_content | support_surface_required,preserve_support_aspect | medium_texture_variation_allowed | viewpoint_variation_allowed,battlefield depth | armored vehicle | mounted movement | infantry group,scroll_or_album_paper_support,"[{""confidence"": 1.0, ""guard_notes"": [], ""guard_status"": ""rule"", ""height"": 640, ""label"": ""horizontal_scroll"", ""prompt_directive"": ""Use a wide horizontal scroll canvas; keep the artwork support visible without external presentation space."", ""reason"": """", ""source"": ""rule"", ""width"": 1024}]",aas_safe | reference_style | fid_diverse,"A Gongbi-style horizontal scroll with a small mounted rider galloping across a dark brown silk panel beside a pale empty panel, rendered with fine linework and muted earthy tones."
track1_0301,scroll_album_paper_support,caption_content | support_surface_required,preserve_support_aspect | medium_texture_variation_allowed | viewpoint_variation_allowed,visible paper support | folds or ruled grid | album or scroll framing,scroll_or_album_paper_support,"[{""confidence"": 1.0, ""guard_notes"": [], ""guard_status"": ""rule"", ""height"": 1024, ""label"": ""square_artwork"", ""prompt_directive"": ""Use a balanced square artwork canvas only when the caption does not imply a poster, scroll, spread, or panel format."", ""reason"": """", ""source"": ""rule"", ""width"": 1024}]",aas_safe | reference_style | fid_diverse,"Abstract hand-drawn branching lines fill a rectangular frame on graph paper, forming a dense tree-like network with small heart and geometric marks in a simple monochrome pencil style."
track1_0303,agriculture_industry_worker,caption_content | relation_logic,free_crop_allowed | aspect_variation_allowed | style_variation_allowed,field or factory setting | working hands and tools | productive labor,generic_artwork_surface,"[{""confidence"": 1.0, ""guard_notes"": [], ""guard_status"": ""rule"", ""height"": 1024, ""label"": ""square_artwork"", ""prompt_directive"": ""Use a balanced square artwork canvas only when the caption does not imply a poster, scroll, spread, or panel format."", ""reason"": """", ""source"": ""rule"", ""width"": 1024}]",aas_safe | reference_style | fid_diverse,"An impressionism rural field scene with peasants tending rows of vegetables under a cloudy blue sky, rendered with soft pastel colors and loose, textured brushstrokes."
track1_0186,generic_artwork,caption_content,free_crop_allowed | aspect_variation_allowed | style_variation_allowed,caption-led subject | medium-appropriate composition | avoid batch template,painting_or_brushwork_surface,"[{""confidence"": 1.0, ""guard_notes"": [], ""guard_status"": ""rule"", ""height"": 1024, ""label"": ""square_artwork"", ""prompt_directive"": ""Use a balanced square artwork canvas only when the caption does not imply a poster, scroll, spread, or panel format."", ""reason"": """", ""source"": ""rule"", ""width"": 1024}]",aas_safe | reference_style | fid_diverse,"Ink and wash painting on a fan-shaped panel featuring a lone rider on horseback beside trees and rocks, with delicate brushwork, muted sepia tones, and a calm landscape atmosphere."
track1_0373,generic_artwork,caption_content,free_crop_allowed | aspect_variation_allowed | style_variation_allowed,caption-led subject | medium-appropriate composition | avoid batch template,generic_artwork_surface,"[{""confidence"": 1.0, ""guard_notes"": [], ""guard_status"": ""rule"", ""height"": 1024, ""label"": ""square_artwork"", ""prompt_directive"": ""Use a balanced square artwork canvas only when the caption does not imply a poster, scroll, spread, or panel format."", ""reason"": """", ""source"": ""rule"", ""width"": 1024}]",aas_safe | reference_style | fid_diverse,"A Gongbi-style scene of several riders on horseback moving through a quiet wooded landscape, with delicate linework, muted earthy tones, and a calm traditional atmosphere."
track1_0510,naval_aviation_vehicle,caption_content,free_crop_allowed | aspect_variation_allowed | style_variation_allowed,uniformed sailor or pilot | ship or vehicle silhouette | transport machinery,generic_artwork_surface,"[{""confidence"": 1.0, ""guard_notes"": [], ""guard_status"": ""rule"", ""height"": 1024, ""label"": ""square_artwork"", ""prompt_directive"": ""Use a balanced square artwork canvas only when the caption does not imply a poster, scroll, spread, or panel format."", ""reason"": """", ""source"": ""rule"", ""width"": 1024}]",aas_safe | reference_style | fid_diverse,"A misty harbor in impressionism style with a dark sailing ship, distant city skyline, tall tower, and soft reflections on calm water rendered in muted monochrome tones."
track1_0518,generic_artwork,caption_content,free_crop_allowed | aspect_variation_allowed | style_variation_allowed,caption-led subject | medium-appropriate composition | avoid batch template,generic_artwork_surface,"[{""confidence"": 1.0, ""guard_notes"": [], ""guard_status"": ""rule"", ""height"": 1024, ""label"": ""square_artwork"", ""prompt_directive"": ""Use a balanced square artwork canvas only when the caption does not imply a poster, scroll, spread, or panel format."", ""reason"": """", ""source"": ""rule"", ""width"": 1024}]",aas_safe | reference_style | fid_diverse,"Abstract vertical composition of stacked dark geometric rectangles with red accents, textured linework, and a muted halo against a black background, evoking a solemn urban tower."
track1_0590,generic_artwork,caption_content,free_crop_allowed | aspect_variation_allowed | style_variation_allowed,caption-led subject | medium-appropriate composition | avoid batch template,generic_artwork_surface,"[{""confidence"": 1.0, ""guard_notes"": [], ""guard_status"": ""rule"", ""height"": 1024, ""label"": ""square_artwork"", ""prompt_directive"": ""Use a balanced square artwork canvas only when the caption does not imply a poster, scroll, spread, or panel format."", ""reason"": """", ""source"": ""rule"", ""width"": 1024}]",aas_safe | reference_style | fid_diverse,"Ukiyo-e style scene of three figures in traditional Japanese robes walking past a wooden building and garden, rendered with delicate linework and a muted earthy color palette."
track1_0844,generic_artwork,caption_content,free_crop_allowed | aspect_variation_allowed | style_variation_allowed,caption-led subject | medium-appropriate composition | avoid batch template,generic_artwork_surface,"[{""confidence"": 1.0, ""guard_notes"": [], ""guard_status"": ""rule"", ""height"": 1024, ""label"": ""square_artwork"", ""prompt_directive"": ""Use a balanced square artwork canvas only when the caption does not imply a poster, scroll, spread, or panel format."", ""reason"": """", ""source"": ""rule"", ""width"": 1024}]",aas_safe | reference_style | fid_diverse,"A Ukiyo-e scene of travelers crossing a small arched bridge over a stream near a hillside building, framed by autumn trees, delicate linework, and muted earthy colors."
track1_0999,generic_artwork,caption_content,free_crop_allowed | aspect_variation_allowed | style_variation_allowed,caption-led subject | medium-appropriate composition | avoid batch template,generic_artwork_surface,"[{""confidence"": 1.0, ""guard_notes"": [], ""guard_status"": ""rule"", ""height"": 1024, ""label"": ""square_artwork"", ""prompt_directive"": ""Use a balanced square artwork canvas only when the caption does not imply a poster, scroll, spread, or panel format."", ""reason"": """", ""source"": ""rule"", ""width"": 1024}]",aas_safe | reference_style | fid_diverse,"A Baroque black-and-white engraved landscape with travelers on horseback and on foot moving along a rural path beside a large shadowed tree, distant fields, dense foliage, and fine etched linework."
track1_0005,generic_artwork,caption_content,free_crop_allowed | aspect_variation_allowed | style_variation_allowed,caption-led subject | medium-appropriate composition | avoid batch template,generic_artwork_surface,"[{""confidence"": 1.0, ""guard_notes"": [], ""guard_status"": ""rule"", ""height"": 1024, ""label"": ""square_artwork"", ""prompt_directive"": ""Use a balanced square artwork canvas only when the caption does not imply a poster, scroll, spread, or panel format."", ""reason"": """", ""source"": ""rule"", ""width"": 1024}]",aas_safe | reference_style | fid_diverse,"Abstract cubist portrait of a fragmented human face with angular geometric planes, mismatched colorful eyes, rough black outlines, and textured pastel brushstrokes in yellow, green, red, and muted gray tones."
track1_0014,scroll_album_paper_support,caption_content | support_surface_required,preserve_support_aspect | medium_texture_variation_allowed | viewpoint_variation_allowed,visible paper support | folds or ruled grid | album or scroll framing,scroll_or_album_paper_support | painting_or_brushwork_surface,"[{""confidence"": 1.0, ""guard_notes"": [], ""guard_status"": ""rule"", ""height"": 768, ""label"": ""album_spread"", ""prompt_directive"": ""Use a landscape album-spread canvas; keep the page structure visible and front-facing."", ""reason"": """", ""source"": ""rule"", ""width"": 1024}]",aas_safe | reference_style | fid_diverse,"Ink and wash painting of an open album page with two small monochrome landscape panels, featuring misty rivers, distant boats, trees, rocky shores, aged paper, and delicate brushwork."
track1_0828,generic_artwork,caption_content,free_crop_allowed | aspect_variation_allowed | style_variation_allowed,caption-led subject | medium-appropriate composition | avoid batch template,generic_artwork_surface,"[{""confidence"": 1.0, ""guard_notes"": [], ""guard_status"": ""rule"", ""height"": 1024, ""label"": ""square_artwork"", ""prompt_directive"": ""Use a balanced square artwork canvas only when the caption does not imply a poster, scroll, spread, or panel format."", ""reason"": """", ""source"": ""rule"", ""width"": 1024}]",aas_safe | reference_style | fid_diverse,"Abstract composition of overlapping angular geometric forms in deep browns, reds, black, and ochre, with textured pastel-like strokes, sharp diagonal lines, and a mysterious layered mood."
track1_0648,scroll_album_paper_support,caption_content | support_surface_required,preserve_support_aspect | medium_texture_variation_allowed | viewpoint_variation_allowed,visible paper support | folds or ruled grid | album or scroll framing,scroll_or_album_paper_support | painting_or_brushwork_surface,"[{""confidence"": 1.0, ""guard_notes"": [], ""guard_status"": ""rule"", ""height"": 1024, ""label"": ""square_artwork"", ""prompt_directive"": ""Use a balanced square artwork canvas only when the caption does not imply a poster, scroll, spread, or panel format."", ""reason"": """", ""source"": ""rule"", ""width"": 1024}]",aas_safe | reference_style | fid_diverse,"A Gongbi style landscape with finely outlined pine trees, green rolling hills, a small bridge and distant figures, rendered in delicate brushwork and muted earthy colors on a decorative scroll."
track1_0055,generic_artwork,caption_content | relation_logic,free_crop_allowed | aspect_variation_allowed | style_variation_allowed,caption-led subject | medium-appropriate composition | avoid batch template,generic_artwork_surface,"[{""confidence"": 1.0, ""guard_notes"": [], ""guard_status"": ""rule"", ""height"": 1024, ""label"": ""square_artwork"", ""prompt_directive"": ""Use a balanced square artwork canvas only when the caption does not imply a poster, scroll, spread, or panel format."", ""reason"": """", ""source"": ""rule"", ""width"": 1024}]",aas_safe | reference_style | fid_diverse,"A monochrome impressionism interior scene with a bent figure beside a bed, a pale draped form near a window, and soft grainy tonal contrasts creating a mysterious atmosphere."
track1_0111,generic_artwork,caption_content | relation_logic,free_crop_allowed | aspect_variation_allowed | style_variation_allowed,caption-led subject | medium-appropriate composition | avoid batch template,generic_artwork_surface,"[{""confidence"": 1.0, ""guard_notes"": [], ""guard_status"": ""rule"", ""height"": 1024, ""label"": ""square_artwork"", ""prompt_directive"": ""Use a balanced square artwork canvas only when the caption does not imply a poster, scroll, spread, or panel format."", ""reason"": """", ""source"": ""rule"", ""width"": 1024}]",aas_safe | reference_style | fid_diverse,"Ukiyo-e style vertical scene of two kimono-clad women seated by tall red wooden window frames overlooking a quiet riverside landscape, rendered with delicate linework and muted pastel colors."
track1_0131,generic_artwork,caption_content | relation_logic,free_crop_allowed | aspect_variation_allowed | style_variation_allowed,caption-led subject | medium-appropriate composition | avoid batch template,generic_artwork_surface,"[{""confidence"": 1.0, ""guard_notes"": [], ""guard_status"": ""rule"", ""height"": 1024, ""label"": ""square_artwork"", ""prompt_directive"": ""Use a balanced square artwork canvas only when the caption does not imply a poster, scroll, spread, or panel format."", ""reason"": """", ""source"": ""rule"", ""width"": 1024}]",aas_safe | reference_style | fid_diverse,"Ukiyo-e scene of three women in patterned robes seated indoors, one raising a small round fan with tassels, rendered with delicate linework and muted earthy colors."
track1_0169,generic_artwork,caption_content | relation_logic,free_crop_allowed | aspect_variation_allowed | style_variation_allowed,caption-led subject | medium-appropriate composition | avoid batch template,generic_artwork_surface,"[{""confidence"": 1.0, ""guard_notes"": [], ""guard_status"": ""rule"", ""height"": 1024, ""label"": ""square_artwork"", ""prompt_directive"": ""Use a balanced square artwork canvas only when the caption does not imply a poster, scroll, spread, or panel format."", ""reason"": """", ""source"": ""rule"", ""width"": 1024}]",aas_safe | reference_style | fid_diverse,"A laundress bends over a table ironing white cloth in a dim interior with hanging garments and soft window light, rendered in impressionism with loose brushstrokes and a muted, subdued palette."
track1_0242,generic_artwork,caption_content | relation_logic,free_crop_allowed | aspect_variation_allowed | style_variation_allowed,caption-led subject | medium-appropriate composition | avoid batch template,generic_artwork_surface,"[{""confidence"": 1.0, ""guard_notes"": [], ""guard_status"": ""rule"", ""height"": 1024, ""label"": ""square_artwork"", ""prompt_directive"": ""Use a balanced square artwork canvas only when the caption does not imply a poster, scroll, spread, or panel format."", ""reason"": """", ""source"": ""rule"", ""width"": 1024}]",aas_safe | reference_style | fid_diverse,"Ukiyo-e floral composition of blooming chrysanthemums with green leaves and a small flying insect, rendered in delicate linework and a muted natural color palette."
track1_0632,generic_artwork,caption_content | relation_logic,free_crop_allowed | aspect_variation_allowed | style_variation_allowed,caption-led subject | medium-appropriate composition | avoid batch template,generic_artwork_surface,"[{""confidence"": 1.0, ""guard_notes"": [], ""guard_status"": ""rule"", ""height"": 1024, ""label"": ""square_artwork"", ""prompt_directive"": ""Use a balanced square artwork canvas only when the caption does not imply a poster, scroll, spread, or panel format."", ""reason"": """", ""source"": ""rule"", ""width"": 1024}]",aas_safe | reference_style | fid_diverse,"Abstract monochrome composition of a solitary bowed figure with a hand on the head in a dim interior, shaped by grainy texture, stark light and shadow, and geometric window-like forms."
track1_0646,generic_artwork,caption_content | relation_logic,free_crop_allowed | aspect_variation_allowed | style_variation_allowed,caption-led subject | medium-appropriate composition | avoid batch template,generic_artwork_surface,"[{""confidence"": 1.0, ""guard_notes"": [], ""guard_status"": ""rule"", ""height"": 1024, ""label"": ""square_artwork"", ""prompt_directive"": ""Use a balanced square artwork canvas only when the caption does not imply a poster, scroll, spread, or panel format."", ""reason"": """", ""source"": ""rule"", ""width"": 1024}]",aas_safe | reference_style | fid_diverse,"Ukiyo-e woodblock print of an armored samurai warrior riding a dark horse through a sparse pine landscape, with bold black linework, muted ochre tones, and aged paper texture."
track1_0693,generic_artwork,caption_content | relation_logic,free_crop_allowed | aspect_variation_allowed | style_variation_allowed,caption-led subject | medium-appropriate composition | avoid batch template,generic_artwork_surface,"[{""confidence"": 1.0, ""guard_notes"": [], ""guard_status"": ""rule"", ""height"": 1024, ""label"": ""square_artwork"", ""prompt_directive"": ""Use a balanced square artwork canvas only when the caption does not imply a poster, scroll, spread, or panel format."", ""reason"": """", ""source"": ""rule"", ""width"": 1024}]",aas_safe | reference_style | fid_diverse,"A Baroque painting of a man in a white shirt examining a glass vessel of amber liquid through round lenses, set against a dark background with dramatic light and shadow."
track1_0760,generic_artwork,caption_content | relation_logic,free_crop_allowed | aspect_variation_allowed | style_variation_allowed,caption-led subject | medium-appropriate composition | avoid batch template,generic_artwork_surface,"[{""confidence"": 1.0, ""guard_notes"": [], ""guard_status"": ""rule"", ""height"": 1024, ""label"": ""square_artwork"", ""prompt_directive"": ""Use a balanced square artwork canvas only when the caption does not imply a poster, scroll, spread, or panel format."", ""reason"": """", ""source"": ""rule"", ""width"": 1024}]",aas_safe | reference_style | fid_diverse,"An Early Renaissance scene of elegantly dressed figures gathered beside a red architectural façade with an arched passage and a woman watching from a window, rendered with earthy colors, clear linear structure, and a solemn narrative mood."
track1_0786,generic_artwork,caption_content | relation_logic,free_crop_allowed | aspect_variation_allowed | style_variation_allowed,caption-led subject | medium-appropriate composition | avoid batch template,generic_artwork_surface,"[{""confidence"": 1.0, ""guard_notes"": [], ""guard_status"": ""rule"", ""height"": 1024, ""label"": ""square_artwork"", ""prompt_directive"": ""Use a balanced square artwork canvas only when the caption does not imply a poster, scroll, spread, or panel format."", ""reason"": """", ""source"": ""rule"", ""width"": 1024}]",aas_safe | reference_style | fid_diverse,"An Early Renaissance portrait of a richly robed pope or bishop wearing an ornate jeweled tiara, raising one hand in blessing before a distant landscape, with warm muted colors and delicate linear detail."
track1_0833,generic_artwork,caption_content | relation_logic,free_crop_allowed | aspect_variation_allowed | style_variation_allowed,caption-led subject | medium-appropriate composition | avoid batch template,generic_artwork_surface,"[{""confidence"": 1.0, ""guard_notes"": [], ""guard_status"": ""rule"", ""height"": 1024, ""label"": ""square_artwork"", ""prompt_directive"": ""Use a balanced square artwork canvas only when the caption does not imply a poster, scroll, spread, or panel format."", ""reason"": """", ""source"": ""rule"", ""width"": 1024}]",aas_safe | reference_style | fid_diverse,"Ukiyo-e style print of a seated woman in patterned kimono gently tending to a small child beside a low tray with a cup, rendered with delicate linework, muted colors, and a calm domestic atmosphere."
track1_0870,generic_artwork,caption_content | relation_logic,free_crop_allowed | aspect_variation_allowed | style_variation_allowed,caption-led subject | medium-appropriate composition | avoid batch template,generic_artwork_surface,"[{""confidence"": 1.0, ""guard_notes"": [], ""guard_status"": ""rule"", ""height"": 1024, ""label"": ""square_artwork"", ""prompt_directive"": ""Use a balanced square artwork canvas only when the caption does not imply a poster, scroll, spread, or panel format."", ""reason"": """", ""source"": ""rule"", ""width"": 1024}]",aas_safe | reference_style | fid_diverse,"A sunlit quiet city street with pale buildings, scattered pedestrians, and a horse-drawn cart under a wide blue sky, painted in impressionism with loose brushstrokes and soft warm light."
track1_0950,generic_artwork,caption_content | relation_logic,free_crop_allowed | aspect_variation_allowed | style_variation_allowed,caption-led subject | medium-appropriate composition | avoid batch template,generic_artwork_surface,"[{""confidence"": 1.0, ""guard_notes"": [], ""guard_status"": ""rule"", ""height"": 1024, ""label"": ""square_artwork"", ""prompt_directive"": ""Use a balanced square artwork canvas only when the caption does not imply a poster, scroll, spread, or panel format."", ""reason"": """", ""source"": ""rule"", ""width"": 1024}]",aas_safe | reference_style | fid_diverse,"Ukiyo-e style scene of a kneeling woman in patterned kimono tending a kettle over a round brazier beside a veranda, with a muted snowy landscape, delicate linework, and soft aged colors."
track1_0957,generic_artwork,caption_content | relation_logic,free_crop_allowed | aspect_variation_allowed | style_variation_allowed,caption-led subject | medium-appropriate composition | avoid batch template,generic_artwork_surface,"[{""confidence"": 1.0, ""guard_notes"": [], ""guard_status"": ""rule"", ""height"": 1024, ""label"": ""square_artwork"", ""prompt_directive"": ""Use a balanced square artwork canvas only when the caption does not imply a poster, scroll, spread, or panel format."", ""reason"": """", ""source"": ""rule"", ""width"": 1024}]",aas_safe | reference_style | fid_diverse,"Ukiyo-e style print of a dramatic red-skinned warrior in ornate robes raising a fist above a crouching green creature, with bold outlines, flat colors, and a tense theatrical composition."
track1_0978,generic_artwork,caption_content | relation_logic,free_crop_allowed | aspect_variation_allowed | style_variation_allowed,caption-led subject | medium-appropriate composition | avoid batch template,painting_or_brushwork_surface,"[{""confidence"": 1.0, ""guard_notes"": [], ""guard_status"": ""rule"", ""height"": 1024, ""label"": ""square_artwork"", ""prompt_directive"": ""Use a balanced square artwork canvas only when the caption does not imply a poster, scroll, spread, or panel format."", ""reason"": """", ""source"": ""rule"", ""width"": 1024}]",aas_safe | reference_style | fid_diverse,"Ink and wash painting of a lone horse beside a loosely sketched figure on aged paper, with sparse brushwork, muted tones, and a calm minimalist composition."
track1_0039,generic_artwork,caption_content,free_crop_allowed | aspect_variation_allowed | style_variation_allowed,caption-led subject | medium-appropriate composition | avoid batch template,painting_or_brushwork_surface,"[{""confidence"": 1.0, ""guard_notes"": [], ""guard_status"": ""rule"", ""height"": 1024, ""label"": ""square_artwork"", ""prompt_directive"": ""Use a balanced square artwork canvas only when the caption does not imply a poster, scroll, spread, or panel format."", ""reason"": """", ""source"": ""rule"", ""width"": 1024}]",aas_safe | reference_style | fid_diverse,"Abstract red monochrome print of geometric shapes arranged in a grid, with triangles, squares, circles, diamonds, and a semicircle defined by white negative space, rough brushy texture, and scattered ink splatters."
track1_0053,generic_artwork,caption_content,free_crop_allowed | aspect_variation_allowed | style_variation_allowed,caption-led subject | medium-appropriate composition | avoid batch template,painting_or_brushwork_surface,"[{""confidence"": 1.0, ""guard_notes"": [], ""guard_status"": ""rule"", ""height"": 1024, ""label"": ""square_artwork"", ""prompt_directive"": ""Use a balanced square artwork canvas only when the caption does not imply a poster, scroll, spread, or panel format."", ""reason"": """", ""source"": ""rule"", ""width"": 1024}]",aas_safe | reference_style | fid_diverse,"Abstract composition with layered geometric shapes, looping black lines, and translucent watercolor washes in muted purple, pink, gray, and blue tones within a rough brown border."
track1_0098,generic_artwork,caption_content,free_crop_allowed | aspect_variation_allowed | style_variation_allowed,caption-led subject | medium-appropriate composition | avoid batch template,painting_or_brushwork_surface,"[{""confidence"": 1.0, ""guard_notes"": [], ""guard_status"": ""rule"", ""height"": 1024, ""label"": ""square_artwork"", ""prompt_directive"": ""Use a balanced square artwork canvas only when the caption does not imply a poster, scroll, spread, or panel format."", ""reason"": """", ""source"": ""rule"", ""width"": 1024}]",aas_safe | reference_style | fid_diverse,"Ink and wash painting of a serene lotus pond with tall stems, broad leaves, seed pods, reeds, and a duck nestled below, rendered with delicate brushwork and muted earthy colors."
track1_0107,generic_artwork,caption_content,free_crop_allowed | aspect_variation_allowed | style_variation_allowed,caption-led subject | medium-appropriate composition | avoid batch template,painting_or_brushwork_surface,"[{""confidence"": 1.0, ""guard_notes"": [], ""guard_status"": ""rule"", ""height"": 1024, ""label"": ""square_artwork"", ""prompt_directive"": ""Use a balanced square artwork canvas only when the caption does not imply a poster, scroll, spread, or panel format."", ""reason"": """", ""source"": ""rule"", ""width"": 1024}]",aas_safe | reference_style | fid_diverse,"Ukiyo-e snowy mountain gorge with steep cliffs, sparse trees, a narrow bridge over a blue river, a distant peak, falling snow, fine ink linework, and a muted beige and blue palette."
track1_0114,generic_artwork,caption_content,free_crop_allowed | aspect_variation_allowed | style_variation_allowed,caption-led subject | medium-appropriate composition | avoid batch template,generic_artwork_surface,"[{""confidence"": 1.0, ""guard_notes"": [], ""guard_status"": ""rule"", ""height"": 1024, ""label"": ""square_artwork"", ""prompt_directive"": ""Use a balanced square artwork canvas only when the caption does not imply a poster, scroll, spread, or panel format."", ""reason"": """", ""source"": ""rule"", ""width"": 1024}]",aas_safe | reference_style | fid_diverse,"Abstract composition of biomorphic figures and vessel-like forms on a muted beige ground, with loose black contour lines, translucent washes, blue and orange accents, and a mysterious, dreamlike atmosphere."
track1_0133,generic_artwork,caption_content,free_crop_allowed | aspect_variation_allowed | style_variation_allowed,caption-led subject | medium-appropriate composition | avoid batch template,generic_artwork_surface,"[{""confidence"": 1.0, ""guard_notes"": [], ""guard_status"": ""rule"", ""height"": 1024, ""label"": ""square_artwork"", ""prompt_directive"": ""Use a balanced square artwork canvas only when the caption does not imply a poster, scroll, spread, or panel format."", ""reason"": """", ""source"": ""rule"", ""width"": 1024}]",aas_safe | reference_style | fid_diverse,"Ukiyo-e mountain landscape with steep cliffs, winding water, tall windswept trees, tiny travelers on a rocky path, muted colors, and delicate linework under a soft pink sky."
track1_0138,generic_artwork,caption_content,free_crop_allowed | aspect_variation_allowed | style_variation_allowed,caption-led subject | medium-appropriate composition | avoid batch template,generic_artwork_surface,"[{""confidence"": 1.0, ""guard_notes"": [], ""guard_status"": ""rule"", ""height"": 1024, ""label"": ""square_artwork"", ""prompt_directive"": ""Use a balanced square artwork canvas only when the caption does not imply a poster, scroll, spread, or panel format."", ""reason"": """", ""source"": ""rule"", ""width"": 1024}]",aas_safe | reference_style | fid_diverse,"Abstract composition of interlocking geometric forms, circular motifs, and plant-like lines in bold black brushstrokes with vivid red, yellow, blue, and white accents on a warm paper background."
track1_0157,generic_artwork,caption_content,free_crop_allowed | aspect_variation_allowed | style_variation_allowed,caption-led subject | medium-appropriate composition | avoid batch template,generic_artwork_surface,"[{""confidence"": 1.0, ""guard_notes"": [], ""guard_status"": ""rule"", ""height"": 1024, ""label"": ""square_artwork"", ""prompt_directive"": ""Use a balanced square artwork canvas only when the caption does not imply a poster, scroll, spread, or panel format."", ""reason"": """", ""source"": ""rule"", ""width"": 1024}]",aas_safe | reference_style | fid_diverse,"An Early Renaissance triptych of the Nativity with Mary and Joseph kneeling before the infant Christ in a rustic manger, angels hovering above, donors in the side panels, ruined stone architecture, distant landscape, clear linear detail, and a solemn devotional mood."
track1_0170,generic_artwork,caption_content,free_crop_allowed | aspect_variation_allowed | style_variation_allowed,caption-led subject | medium-appropriate composition | avoid batch template,generic_artwork_surface,"[{""confidence"": 1.0, ""guard_notes"": [], ""guard_status"": ""rule"", ""height"": 1024, ""label"": ""square_artwork"", ""prompt_directive"": ""Use a balanced square artwork canvas only when the caption does not imply a poster, scroll, spread, or panel format."", ""reason"": """", ""source"": ""rule"", ""width"": 1024}]",aas_safe | reference_style | fid_diverse,"Abstract geometric composition with overlapping angular and curved forms, bold black outlines, diagonal hatching, and a limited palette of blue, yellow, gray, and cream."
track1_0198,generic_artwork,caption_content,free_crop_allowed | aspect_variation_allowed | style_variation_allowed,caption-led subject | medium-appropriate composition | avoid batch template,generic_artwork_surface,"[{""confidence"": 1.0, ""guard_notes"": [], ""guard_status"": ""rule"", ""height"": 1024, ""label"": ""square_artwork"", ""prompt_directive"": ""Use a balanced square artwork canvas only when the caption does not imply a poster, scroll, spread, or panel format."", ""reason"": """", ""source"": ""rule"", ""width"": 1024}]",aas_safe | reference_style | fid_diverse,"Abstract composition with a stylized face, overlapping geometric forms, bold black lines, and muted teal, yellow, blue, and coral color blocks on a textured paper background."
track1_0202,generic_artwork,caption_content,free_crop_allowed | aspect_variation_allowed | style_variation_allowed,caption-led subject | medium-appropriate composition | avoid batch template,generic_artwork_surface,"[{""confidence"": 1.0, ""guard_notes"": [], ""guard_status"": ""rule"", ""height"": 1024, ""label"": ""square_artwork"", ""prompt_directive"": ""Use a balanced square artwork canvas only when the caption does not imply a poster, scroll, spread, or panel format."", ""reason"": """", ""source"": ""rule"", ""width"": 1024}]",aas_safe | reference_style | fid_diverse,"An Early Renaissance religious interior scene with a winged angel kneeling before a robed woman beside an open book, surrounded by attendants, a red curtained bed, tiled floor, lilies, and precise linear detail in a solemn atmosphere."
track1_0230,generic_artwork,caption_content,free_crop_allowed | aspect_variation_allowed | style_variation_allowed,caption-led subject | medium-appropriate composition | avoid batch template,painting_or_brushwork_surface,"[{""confidence"": 1.0, ""guard_notes"": [], ""guard_status"": ""rule"", ""height"": 1024, ""label"": ""square_artwork"", ""prompt_directive"": ""Use a balanced square artwork canvas only when the caption does not imply a poster, scroll, spread, or panel format."", ""reason"": """", ""source"": ""rule"", ""width"": 1024}]",aas_safe | reference_style | fid_diverse,"Ink and wash painting of a serene misty landscape with sparse trees, a small pavilion, winding water, distant hills, and a pagoda, rendered with delicate brushwork and a pale muted palette."
track1_0246,generic_artwork,caption_content,free_crop_allowed | aspect_variation_allowed | style_variation_allowed,caption-led subject | medium-appropriate composition | avoid batch template,generic_artwork_surface,"[{""confidence"": 1.0, ""guard_notes"": [], ""guard_status"": ""rule"", ""height"": 1024, ""label"": ""square_artwork"", ""prompt_directive"": ""Use a balanced square artwork canvas only when the caption does not imply a poster, scroll, spread, or panel format."", ""reason"": """", ""source"": ""rule"", ""width"": 1024}]",aas_safe | reference_style | fid_diverse,"An Early Renaissance courtly execution scene with a swordsman, a fallen beheaded figure, women presenting a severed head on a platter, richly dressed attendants, arched classical architecture, precise linear composition, and saturated jewel-toned garments."
track1_0253,generic_artwork,caption_content,free_crop_allowed | aspect_variation_allowed | style_variation_allowed,caption-led subject | medium-appropriate composition | avoid batch template,painting_or_brushwork_surface,"[{""confidence"": 1.0, ""guard_notes"": [], ""guard_status"": ""rule"", ""height"": 1024, ""label"": ""square_artwork"", ""prompt_directive"": ""Use a balanced square artwork canvas only when the caption does not imply a poster, scroll, spread, or panel format."", ""reason"": """", ""source"": ""rule"", ""width"": 1024}]",aas_safe | reference_style | fid_diverse,"A serene Gongbi landscape with fine brushwork, muted colors, tall trees, rocky streams, garden pavilions, and small figures walking and resting among the foliage."
track1_0273,commemorative_medal_institution,caption_content,free_crop_allowed | aspect_variation_allowed | style_variation_allowed,medal ribbon | institutional emblem | anniversary composition,painting_or_brushwork_surface,"[{""confidence"": 1.0, ""guard_notes"": [], ""guard_status"": ""rule"", ""height"": 1024, ""label"": ""square_artwork"", ""prompt_directive"": ""Use a balanced square artwork canvas only when the caption does not imply a poster, scroll, spread, or panel format."", ""reason"": """", ""source"": ""rule"", ""width"": 1024}]",aas_safe | reference_style | fid_diverse,"Abstract watercolor composition with loose black scribble lines, soft gray washes, pink ribbon-like forms, blue patches and dots, and a bright red circular shape in a delicate, airy arrangement."
track1_0288,generic_artwork,caption_content,free_crop_allowed | aspect_variation_allowed | style_variation_allowed,caption-led subject | medium-appropriate composition | avoid batch template,painting_or_brushwork_surface,"[{""confidence"": 1.0, ""guard_notes"": [], ""guard_status"": ""rule"", ""height"": 1024, ""label"": ""square_artwork"", ""prompt_directive"": ""Use a balanced square artwork canvas only when the caption does not imply a poster, scroll, spread, or panel format."", ""reason"": """", ""source"": ""rule"", ""width"": 1024}]",aas_safe | reference_style | fid_diverse,"Ink and wash painting of two fan-shaped landscape studies on a pale mounting sheet, with misty mountains, clustered trees, a small bridge, muted sepia and gray tones, and delicate textured brushstrokes."
track1_0304,generic_artwork,caption_content,free_crop_allowed | aspect_variation_allowed | style_variation_allowed,caption-led subject | medium-appropriate composition | avoid batch template,generic_artwork_surface,"[{""confidence"": 1.0, ""guard_notes"": [], ""guard_status"": ""rule"", ""height"": 1024, ""label"": ""square_artwork"", ""prompt_directive"": ""Use a balanced square artwork canvas only when the caption does not imply a poster, scroll, spread, or panel format."", ""reason"": """", ""source"": ""rule"", ""width"": 1024}]",aas_safe | reference_style | fid_diverse,"A Gongbi-style riverside scene with ferry boats, travelers, horses, carts, houses, and trees rendered in fine linework and a muted earthy color palette."
track1_0305,generic_artwork,caption_content,free_crop_allowed | aspect_variation_allowed | style_variation_allowed,caption-led subject | medium-appropriate composition | avoid batch template,painting_or_brushwork_surface,"[{""confidence"": 1.0, ""guard_notes"": [], ""guard_status"": ""rule"", ""height"": 1024, ""label"": ""square_artwork"", ""prompt_directive"": ""Use a balanced square artwork canvas only when the caption does not imply a poster, scroll, spread, or panel format."", ""reason"": """", ""source"": ""rule"", ""width"": 1024}]",aas_safe | reference_style | fid_diverse,"Ink and wash painting of two fan-shaped landscape compositions with rugged mountains, trees, a small pavilion, calligraphic marks, delicate brushwork, and a muted sepia ink palette on a pale background."
track1_0324,generic_artwork,caption_content,free_crop_allowed | aspect_variation_allowed | style_variation_allowed,caption-led subject | medium-appropriate composition | avoid batch template,generic_artwork_surface,"[{""confidence"": 1.0, ""guard_notes"": [], ""guard_status"": ""rule"", ""height"": 1024, ""label"": ""square_artwork"", ""prompt_directive"": ""Use a balanced square artwork canvas only when the caption does not imply a poster, scroll, spread, or panel format."", ""reason"": """", ""source"": ""rule"", ""width"": 1024}]",aas_safe | reference_style | fid_diverse,"A Baroque black-and-white engraving of a crowded mythological gathering in a wooded landscape with robed figures, animals, a cart, distant mountains, ornate banners, dense linework, and dramatic clouds."
track1_0348,generic_artwork,caption_content,free_crop_allowed | aspect_variation_allowed | style_variation_allowed,caption-led subject | medium-appropriate composition | avoid batch template,painting_or_brushwork_surface,"[{""confidence"": 1.0, ""guard_notes"": [], ""guard_status"": ""rule"", ""height"": 1024, ""label"": ""square_artwork"", ""prompt_directive"": ""Use a balanced square artwork canvas only when the caption does not imply a poster, scroll, spread, or panel format."", ""reason"": """", ""source"": ""rule"", ""width"": 1024}]",aas_safe | reference_style | fid_diverse,"Abstract watercolor composition with overlapping blue, green, pink, and yellow geometric shapes, a winding white line, and soft translucent washes on a muted gray background."
track1_0351,generic_artwork,caption_content,free_crop_allowed | aspect_variation_allowed | style_variation_allowed,caption-led subject | medium-appropriate composition | avoid batch template,generic_artwork_surface,"[{""confidence"": 1.0, ""guard_notes"": [], ""guard_status"": ""rule"", ""height"": 1024, ""label"": ""square_artwork"", ""prompt_directive"": ""Use a balanced square artwork canvas only when the caption does not imply a poster, scroll, spread, or panel format."", ""reason"": """", ""source"": ""rule"", ""width"": 1024}]",aas_safe | reference_style | fid_diverse,"Ukiyo-e coastal landscape with a quiet bay, pine-lined peninsulas, distant mountains, small boats, village fields, and a pale moon in a muted blue-green palette with delicate linework."
track1_0359,generic_artwork,caption_content,free_crop_allowed | aspect_variation_allowed | style_variation_allowed,caption-led subject | medium-appropriate composition | avoid batch template,painting_or_brushwork_surface,"[{""confidence"": 1.0, ""guard_notes"": [], ""guard_status"": ""rule"", ""height"": 1024, ""label"": ""square_artwork"", ""prompt_directive"": ""Use a balanced square artwork canvas only when the caption does not imply a poster, scroll, spread, or panel format."", ""reason"": """", ""source"": ""rule"", ""width"": 1024}]",aas_safe | reference_style | fid_diverse,"Abstract geometric study on a pale grid with sketched triangles, squares, cubes, circles, scribbled shading, fine etched lines, and sparse black ink marks."
track1_0371,generic_artwork,caption_content,free_crop_allowed | aspect_variation_allowed | style_variation_allowed,caption-led subject | medium-appropriate composition | avoid batch template,generic_artwork_surface,"[{""confidence"": 1.0, ""guard_notes"": [], ""guard_status"": ""rule"", ""height"": 1024, ""label"": ""square_artwork"", ""prompt_directive"": ""Use a balanced square artwork canvas only when the caption does not imply a poster, scroll, spread, or panel format."", ""reason"": """", ""source"": ""rule"", ""width"": 1024}]",aas_safe | reference_style | fid_diverse,"A Gongbi-style palace courtyard scene with finely outlined figures, attendants, horses, stone railings, trees, and a red arched bridge, rendered in delicate colors within an ornate golden border."
track1_0414,generic_artwork,caption_content,free_crop_allowed | aspect_variation_allowed | style_variation_allowed,caption-led subject | medium-appropriate composition | avoid batch template,generic_artwork_surface,"[{""confidence"": 1.0, ""guard_notes"": [], ""guard_status"": ""rule"", ""height"": 1024, ""label"": ""square_artwork"", ""prompt_directive"": ""Use a balanced square artwork canvas only when the caption does not imply a poster, scroll, spread, or panel format."", ""reason"": """", ""source"": ""rule"", ""width"": 1024}]",aas_safe | reference_style | fid_diverse,"An Early Renaissance monochrome illustration of robed and winged figures gathered around a seated elder, a horned creature, and a patterned tent, rendered with delicate linework, soft shading, and a solemn allegorical atmosphere."
track1_0431,generic_artwork,caption_content,free_crop_allowed | aspect_variation_allowed | style_variation_allowed,caption-led subject | medium-appropriate composition | avoid batch template,generic_artwork_surface,"[{""confidence"": 1.0, ""guard_notes"": [], ""guard_status"": ""rule"", ""height"": 1024, ""label"": ""square_artwork"", ""prompt_directive"": ""Use a balanced square artwork canvas only when the caption does not imply a poster, scroll, spread, or panel format."", ""reason"": """", ""source"": ""rule"", ""width"": 1024}]",aas_safe | reference_style | fid_diverse,"A Gongbi painting of elegant plants with long green leaves, red berries, pale blossoms, textured rocks, roots, and small insects, rendered with fine outlines and a muted natural color palette."
track1_0438,generic_artwork,caption_content,free_crop_allowed | aspect_variation_allowed | style_variation_allowed,caption-led subject | medium-appropriate composition | avoid batch template,generic_artwork_surface,"[{""confidence"": 1.0, ""guard_notes"": [], ""guard_status"": ""rule"", ""height"": 1024, ""label"": ""square_artwork"", ""prompt_directive"": ""Use a balanced square artwork canvas only when the caption does not imply a poster, scroll, spread, or panel format."", ""reason"": """", ""source"": ""rule"", ""width"": 1024}]",aas_safe | reference_style | fid_diverse,"An Early Renaissance panel portrait fragment with a visible ear, a hand touching the hair, a blue garment with gold trim, dark red and green background areas, muted colors, fine linear detailing, and aged cracked paint texture."
track1_0458,generic_artwork,caption_content,free_crop_allowed | aspect_variation_allowed | style_variation_allowed,caption-led subject | medium-appropriate composition | avoid batch template,generic_artwork_surface,"[{""confidence"": 1.0, ""guard_notes"": [], ""guard_status"": ""rule"", ""height"": 1024, ""label"": ""square_artwork"", ""prompt_directive"": ""Use a balanced square artwork canvas only when the caption does not imply a poster, scroll, spread, or panel format."", ""reason"": """", ""source"": ""rule"", ""width"": 1024}]",aas_safe | reference_style | fid_diverse,"A serene Gongbi landscape with fine linework and muted mineral colors, featuring turquoise cliffs, leafy trees, distant mountains, a calm river, and two small figures standing on a wooden bridge."
track1_0459,generic_artwork,caption_content,free_crop_allowed | aspect_variation_allowed | style_variation_allowed,caption-led subject | medium-appropriate composition | avoid batch template,generic_artwork_surface,"[{""confidence"": 1.0, ""guard_notes"": [], ""guard_status"": ""rule"", ""height"": 1024, ""label"": ""square_artwork"", ""prompt_directive"": ""Use a balanced square artwork canvas only when the caption does not imply a poster, scroll, spread, or panel format."", ""reason"": """", ""source"": ""rule"", ""width"": 1024}]",aas_safe | reference_style | fid_diverse,"Ukiyo-e scene of women and children in patterned kimonos gathered inside a Japanese room with shoji screens, toys, small furnishings, bonsai displays, delicate linework, and a muted aged color palette."
track1_0462,generic_artwork,caption_content,free_crop_allowed | aspect_variation_allowed | style_variation_allowed,caption-led subject | medium-appropriate composition | avoid batch template,generic_artwork_surface,"[{""confidence"": 1.0, ""guard_notes"": [], ""guard_status"": ""rule"", ""height"": 1024, ""label"": ""square_artwork"", ""prompt_directive"": ""Use a balanced square artwork canvas only when the caption does not imply a poster, scroll, spread, or panel format."", ""reason"": """", ""source"": ""rule"", ""width"": 1024}]",aas_safe | reference_style | fid_diverse,"Abstract composition with a warm orange circle, triangular forms, delicate scribbled linework, and layered blue, teal, yellow, and ochre brushstrokes creating a textured, mysterious atmosphere."
track1_0464,generic_artwork,caption_content,free_crop_allowed | aspect_variation_allowed | style_variation_allowed,caption-led subject | medium-appropriate composition | avoid batch template,generic_artwork_surface,"[{""confidence"": 1.0, ""guard_notes"": [], ""guard_status"": ""rule"", ""height"": 1024, ""label"": ""square_artwork"", ""prompt_directive"": ""Use a balanced square artwork canvas only when the caption does not imply a poster, scroll, spread, or panel format."", ""reason"": """", ""source"": ""rule"", ""width"": 1024}]",aas_safe | reference_style | fid_diverse,"A Baroque scene of a seated woman reading from an open book beside a pointing child, surrounded by animals, a fantastical creature, a skull, and a smoking brazier, with dramatic chiaroscuro and rich draped fabrics."
track1_0465,generic_artwork,caption_content,free_crop_allowed | aspect_variation_allowed | style_variation_allowed,caption-led subject | medium-appropriate composition | avoid batch template,generic_artwork_surface,"[{""confidence"": 1.0, ""guard_notes"": [], ""guard_status"": ""rule"", ""height"": 1024, ""label"": ""square_artwork"", ""prompt_directive"": ""Use a balanced square artwork canvas only when the caption does not imply a poster, scroll, spread, or panel format."", ""reason"": """", ""source"": ""rule"", ""width"": 1024}]",aas_safe | reference_style | fid_diverse,"A Gongbi-style traditional Chinese court scene with a seated nobleman on a raised platform, attendants and children gathered in a palace courtyard, framed by rocks, trees, fine linework, and delicate colors."
track1_0488,generic_artwork,caption_content,free_crop_allowed | aspect_variation_allowed | style_variation_allowed,caption-led subject | medium-appropriate composition | avoid batch template,generic_artwork_surface,"[{""confidence"": 1.0, ""guard_notes"": [], ""guard_status"": ""rule"", ""height"": 1024, ""label"": ""square_artwork"", ""prompt_directive"": ""Use a balanced square artwork canvas only when the caption does not imply a poster, scroll, spread, or panel format."", ""reason"": """", ""source"": ""rule"", ""width"": 1024}]",aas_safe | reference_style | fid_diverse,"A Ukiyo-e landscape with a winding blue river, small boats, a wooden bridge, riverside buildings, green trees, and distant mountains beneath a softly graded sky."
track1_0506,generic_artwork,caption_content,free_crop_allowed | aspect_variation_allowed | style_variation_allowed,caption-led subject | medium-appropriate composition | avoid batch template,generic_artwork_surface,"[{""confidence"": 1.0, ""guard_notes"": [], ""guard_status"": ""rule"", ""height"": 1024, ""label"": ""square_artwork"", ""prompt_directive"": ""Use a balanced square artwork canvas only when the caption does not imply a poster, scroll, spread, or panel format."", ""reason"": """", ""source"": ""rule"", ""width"": 1024}]",aas_safe | reference_style | fid_diverse,"Abstract composition with a large eye-like form, swirling blue ornamental shapes, sketchy linear marks, and muted beige, ochre, gray, and cobalt tones on a textured paper background."
track1_0507,generic_artwork,caption_content,free_crop_allowed | aspect_variation_allowed | style_variation_allowed,caption-led subject | medium-appropriate composition | avoid batch template,generic_artwork_surface,"[{""confidence"": 1.0, ""guard_notes"": [], ""guard_status"": ""rule"", ""height"": 1024, ""label"": ""square_artwork"", ""prompt_directive"": ""Use a balanced square artwork canvas only when the caption does not imply a poster, scroll, spread, or panel format."", ""reason"": """", ""source"": ""rule"", ""width"": 1024}]",aas_safe | reference_style | fid_diverse,"A Mannerism (Late Renaissance) fantastical landscape with a burning town under dark smoke, strange domed towers, tiny figures, birds, and grotesque monster-like architectural forms in a dramatic, eerie atmosphere."
track1_0511,generic_artwork,caption_content,free_crop_allowed | aspect_variation_allowed | style_variation_allowed,caption-led subject | medium-appropriate composition | avoid batch template,generic_artwork_surface,"[{""confidence"": 1.0, ""guard_notes"": [], ""guard_status"": ""rule"", ""height"": 1024, ""label"": ""square_artwork"", ""prompt_directive"": ""Use a balanced square artwork canvas only when the caption does not imply a poster, scroll, spread, or panel format."", ""reason"": """", ""source"": ""rule"", ""width"": 1024}]",aas_safe | reference_style | fid_diverse,"Ukiyo-e scene of figures in a quiet garden beside a tiled roof, with a seated woman under sparse trees, a child bending near the grass, muted colors, fine linework, and a calm atmosphere."
track1_0530,generic_artwork,caption_content,free_crop_allowed | aspect_variation_allowed | style_variation_allowed,caption-led subject | medium-appropriate composition | avoid batch template,generic_artwork_surface,"[{""confidence"": 1.0, ""guard_notes"": [], ""guard_status"": ""rule"", ""height"": 1024, ""label"": ""square_artwork"", ""prompt_directive"": ""Use a balanced square artwork canvas only when the caption does not imply a poster, scroll, spread, or panel format."", ""reason"": """", ""source"": ""rule"", ""width"": 1024}]",aas_safe | reference_style | fid_diverse,"Ukiyo-e style scene of three women in flowing patterned kimonos by a wooden waterside path, with delicate linework, muted colors, reeds, rippling water, and small butterflies creating a serene atmosphere."
track1_0598,generic_artwork,caption_content,free_crop_allowed | aspect_variation_allowed | style_variation_allowed,caption-led subject | medium-appropriate composition | avoid batch template,generic_artwork_surface,"[{""confidence"": 1.0, ""guard_notes"": [], ""guard_status"": ""rule"", ""height"": 1024, ""label"": ""square_artwork"", ""prompt_directive"": ""Use a balanced square artwork canvas only when the caption does not imply a poster, scroll, spread, or panel format."", ""reason"": """", ""source"": ""rule"", ""width"": 1024}]",aas_safe | reference_style | fid_diverse,"Abstract geometric composition with a large red circular target, checkerboard blocks, curved black and yellow bands, and bold textured brushstrokes in red, blue, white, green, and ochre."
track1_0607,generic_artwork,caption_content,free_crop_allowed | aspect_variation_allowed | style_variation_allowed,caption-led subject | medium-appropriate composition | avoid batch template,generic_artwork_surface,"[{""confidence"": 1.0, ""guard_notes"": [], ""guard_status"": ""rule"", ""height"": 1024, ""label"": ""square_artwork"", ""prompt_directive"": ""Use a balanced square artwork canvas only when the caption does not imply a poster, scroll, spread, or panel format."", ""reason"": """", ""source"": ""rule"", ""width"": 1024}]",aas_safe | reference_style | fid_diverse,"A Baroque scene of a muscular bound man being raised on a wooden cross by surrounding figures, rendered with dramatic chiaroscuro, deep shadows, warm earthy colors, and a tense, solemn composition."
track1_0620,generic_artwork,caption_content,free_crop_allowed | aspect_variation_allowed | style_variation_allowed,caption-led subject | medium-appropriate composition | avoid batch template,generic_artwork_surface,"[{""confidence"": 1.0, ""guard_notes"": [], ""guard_status"": ""rule"", ""height"": 1024, ""label"": ""square_artwork"", ""prompt_directive"": ""Use a balanced square artwork canvas only when the caption does not imply a poster, scroll, spread, or panel format."", ""reason"": """", ""source"": ""rule"", ""width"": 1024}]",aas_safe | reference_style | fid_diverse,"Abstract composition of overlapping organic shapes in muted red, blue, black, and olive tones, with translucent layers, soft edges, white curving negative space, and a textured paper surface."
track1_0639,generic_artwork,caption_content,free_crop_allowed | aspect_variation_allowed | style_variation_allowed,caption-led subject | medium-appropriate composition | avoid batch template,generic_artwork_surface,"[{""confidence"": 1.0, ""guard_notes"": [], ""guard_status"": ""rule"", ""height"": 1024, ""label"": ""square_artwork"", ""prompt_directive"": ""Use a balanced square artwork canvas only when the caption does not imply a poster, scroll, spread, or panel format."", ""reason"": """", ""source"": ""rule"", ""width"": 1024}]",aas_safe | reference_style | fid_diverse,"Ukiyo-e scene of a woman in a striped kimono guiding a small child near an open screen, with delicate linework, muted pink tones, hanging textiles, a basket, and a small bird on the floor."
track1_0654,generic_artwork,caption_content,free_crop_allowed | aspect_variation_allowed | style_variation_allowed,caption-led subject | medium-appropriate composition | avoid batch template,generic_artwork_surface,"[{""confidence"": 1.0, ""guard_notes"": [], ""guard_status"": ""rule"", ""height"": 1024, ""label"": ""square_artwork"", ""prompt_directive"": ""Use a balanced square artwork canvas only when the caption does not imply a poster, scroll, spread, or panel format."", ""reason"": """", ""source"": ""rule"", ""width"": 1024}]",aas_safe | reference_style | fid_diverse,"A Gongbi style Chinese court ceremony with robed officials gathered before a seated ruler on a palace terrace, featuring precise linework, delicate architectural details, and a muted red, blue, and gold palette."
track1_0658,generic_artwork,caption_content,free_crop_allowed | aspect_variation_allowed | style_variation_allowed,caption-led subject | medium-appropriate composition | avoid batch template,generic_artwork_surface,"[{""confidence"": 1.0, ""guard_notes"": [], ""guard_status"": ""rule"", ""height"": 1024, ""label"": ""square_artwork"", ""prompt_directive"": ""Use a balanced square artwork canvas only when the caption does not imply a poster, scroll, spread, or panel format."", ""reason"": """", ""source"": ""rule"", ""width"": 1024}]",aas_safe | reference_style | fid_diverse,"Abstract composition of overlapping translucent curved shapes in muted olive, blue-gray, ochre, rust, and white, with textured print-like marks and a balanced vertical arrangement."
track1_0673,generic_artwork,caption_content,free_crop_allowed | aspect_variation_allowed | style_variation_allowed,caption-led subject | medium-appropriate composition | avoid batch template,generic_artwork_surface,"[{""confidence"": 1.0, ""guard_notes"": [], ""guard_status"": ""rule"", ""height"": 1024, ""label"": ""square_artwork"", ""prompt_directive"": ""Use a balanced square artwork canvas only when the caption does not imply a poster, scroll, spread, or panel format."", ""reason"": """", ""source"": ""rule"", ""width"": 1024}]",aas_safe | reference_style | fid_diverse,"Abstract composition with layered geometric construction lines, rough multicolored scribbled textures, and shadowy human faces and figures emerging from a muted red, teal, ochre, and black palette."
track1_0697,generic_artwork,caption_content,free_crop_allowed | aspect_variation_allowed | style_variation_allowed,caption-led subject | medium-appropriate composition | avoid batch template,generic_artwork_surface,"[{""confidence"": 1.0, ""guard_notes"": [], ""guard_status"": ""rule"", ""height"": 1024, ""label"": ""square_artwork"", ""prompt_directive"": ""Use a balanced square artwork canvas only when the caption does not imply a poster, scroll, spread, or panel format."", ""reason"": """", ""source"": ""rule"", ""width"": 1024}]",aas_safe | reference_style | fid_diverse,"Abstract composition of geometric pyramids, spheres, and block-like forms on a faint grid, layered with energetic sketchy lines, splattered textures, and a vivid yellow, teal, orange, and red palette."
track1_0706,generic_artwork,caption_content,free_crop_allowed | aspect_variation_allowed | style_variation_allowed,caption-led subject | medium-appropriate composition | avoid batch template,generic_artwork_surface,"[{""confidence"": 1.0, ""guard_notes"": [], ""guard_status"": ""rule"", ""height"": 1024, ""label"": ""square_artwork"", ""prompt_directive"": ""Use a balanced square artwork canvas only when the caption does not imply a poster, scroll, spread, or panel format."", ""reason"": """", ""source"": ""rule"", ""width"": 1024}]",aas_safe | reference_style | fid_diverse,"An Early Renaissance nativity scene with Mary in a deep blue robe kneeling beside the infant Christ, Joseph in red, small angels, shepherds, an ox and donkey, and stone ruins opening onto a calm countryside landscape."
track1_0726,generic_artwork,caption_content,free_crop_allowed | aspect_variation_allowed | style_variation_allowed,caption-led subject | medium-appropriate composition | avoid batch template,generic_artwork_surface,"[{""confidence"": 1.0, ""guard_notes"": [], ""guard_status"": ""rule"", ""height"": 1024, ""label"": ""square_artwork"", ""prompt_directive"": ""Use a balanced square artwork canvas only when the caption does not imply a poster, scroll, spread, or panel format."", ""reason"": """", ""source"": ""rule"", ""width"": 1024}]",aas_safe | reference_style | fid_diverse,"Abstract mixed-media composition with a central smoky vertical form, horizontal bands, circular motifs, and gestural black, red, and blue marks on a muted gray-beige textured surface."
track1_0736,generic_artwork,caption_content,free_crop_allowed | aspect_variation_allowed | style_variation_allowed,caption-led subject | medium-appropriate composition | avoid batch template,generic_artwork_surface,"[{""confidence"": 1.0, ""guard_notes"": [], ""guard_status"": ""rule"", ""height"": 1024, ""label"": ""square_artwork"", ""prompt_directive"": ""Use a balanced square artwork canvas only when the caption does not imply a poster, scroll, spread, or panel format."", ""reason"": """", ""source"": ""rule"", ""width"": 1024}]",aas_safe | reference_style | fid_diverse,"Abstract composition of floating biomorphic forms, scribbled linework, and translucent washes in red, blue, green, and black on a pale beige paper background."
track1_0770,generic_artwork,caption_content,free_crop_allowed | aspect_variation_allowed | style_variation_allowed,caption-led subject | medium-appropriate composition | avoid batch template,painting_or_brushwork_surface,"[{""confidence"": 1.0, ""guard_notes"": [], ""guard_status"": ""rule"", ""height"": 1024, ""label"": ""square_artwork"", ""prompt_directive"": ""Use a balanced square artwork canvas only when the caption does not imply a poster, scroll, spread, or panel format."", ""reason"": """", ""source"": ""rule"", ""width"": 1024}]",aas_safe | reference_style | fid_diverse,"Abstract composition of layered geometric planes in red, blue, pink, ochre, and green, with shadowy organic silhouettes, textured brushwork, and a dynamic fragmented arrangement."
track1_0798,generic_artwork,caption_content,free_crop_allowed | aspect_variation_allowed | style_variation_allowed,caption-led subject | medium-appropriate composition | avoid batch template,generic_artwork_surface,"[{""confidence"": 1.0, ""guard_notes"": [], ""guard_status"": ""rule"", ""height"": 1024, ""label"": ""square_artwork"", ""prompt_directive"": ""Use a balanced square artwork canvas only when the caption does not imply a poster, scroll, spread, or panel format."", ""reason"": """", ""source"": ""rule"", ""width"": 1024}]",aas_safe | reference_style | fid_diverse,"An Early Renaissance crucifixion scene with Christ on the central cross, two thieves on either side, grieving saints and kneeling donors below, angels in the dark sky, rich drapery, clear contours, and a solemn devotional atmosphere."
track1_0809,generic_artwork,caption_content,free_crop_allowed | aspect_variation_allowed | style_variation_allowed,caption-led subject | medium-appropriate composition | avoid batch template,generic_artwork_surface,"[{""confidence"": 1.0, ""guard_notes"": [], ""guard_status"": ""rule"", ""height"": 1024, ""label"": ""square_artwork"", ""prompt_directive"": ""Use a balanced square artwork canvas only when the caption does not imply a poster, scroll, spread, or panel format."", ""reason"": """", ""source"": ""rule"", ""width"": 1024}]",aas_safe | reference_style | fid_diverse,"Ukiyo-e scene of a tranquil riverside landscape viewed through a large dark blue circular frame, with small boats, flowering branches, distant hills, pale sky, and red vertical architectural details."
track1_0826,generic_artwork,caption_content,free_crop_allowed | aspect_variation_allowed | style_variation_allowed,caption-led subject | medium-appropriate composition | avoid batch template,generic_artwork_surface,"[{""confidence"": 1.0, ""guard_notes"": [], ""guard_status"": ""rule"", ""height"": 1024, ""label"": ""square_artwork"", ""prompt_directive"": ""Use a balanced square artwork canvas only when the caption does not imply a poster, scroll, spread, or panel format."", ""reason"": """", ""source"": ""rule"", ""width"": 1024}]",aas_safe | reference_style | fid_diverse,"A High Renaissance half-length portrait of a richly dressed figure in a red and black cap, dark robe, pink sleeve, gold chain, and jeweled rings, posed before a carved classical frieze and muted architectural wall."
track1_0839,generic_artwork,caption_content,free_crop_allowed | aspect_variation_allowed | style_variation_allowed,caption-led subject | medium-appropriate composition | avoid batch template,generic_artwork_surface,"[{""confidence"": 1.0, ""guard_notes"": [], ""guard_status"": ""rule"", ""height"": 1024, ""label"": ""square_artwork"", ""prompt_directive"": ""Use a balanced square artwork canvas only when the caption does not imply a poster, scroll, spread, or panel format."", ""reason"": """", ""source"": ""rule"", ""width"": 1024}]",aas_safe | reference_style | fid_diverse,"Abstract geometric composition of intersecting black lines forming rectangles and triangles, with yellow blocks, blue diagonal hatching, gray striped areas, and visible colored-pencil texture on an off-white background."
track1_0876,generic_artwork,caption_content,free_crop_allowed | aspect_variation_allowed | style_variation_allowed,caption-led subject | medium-appropriate composition | avoid batch template,painting_or_brushwork_surface,"[{""confidence"": 1.0, ""guard_notes"": [], ""guard_status"": ""rule"", ""height"": 1024, ""label"": ""square_artwork"", ""prompt_directive"": ""Use a balanced square artwork canvas only when the caption does not imply a poster, scroll, spread, or panel format."", ""reason"": """", ""source"": ""rule"", ""width"": 1024}]",aas_safe | reference_style | fid_diverse,"Abstract composition of overlapping curved geometric forms in teal, yellow, blue, gray, and pink, with soft watercolor textures and a calm balanced arrangement."
track1_0883,generic_artwork,caption_content,free_crop_allowed | aspect_variation_allowed | style_variation_allowed,caption-led subject | medium-appropriate composition | avoid batch template,painting_or_brushwork_surface,"[{""confidence"": 1.0, ""guard_notes"": [], ""guard_status"": ""rule"", ""height"": 1024, ""label"": ""square_artwork"", ""prompt_directive"": ""Use a balanced square artwork canvas only when the caption does not imply a poster, scroll, spread, or panel format."", ""reason"": """", ""source"": ""rule"", ""width"": 1024}]",aas_safe | reference_style | fid_diverse,"Ink and wash painting of a tranquil Chinese mountain landscape with rocky cliffs, sparse trees, a winding riverbank, tiny walking figures, delicate brushwork, and a pale muted palette."
track1_0897,generic_artwork,caption_content,free_crop_allowed | aspect_variation_allowed | style_variation_allowed,caption-led subject | medium-appropriate composition | avoid batch template,painting_or_brushwork_surface,"[{""confidence"": 1.0, ""guard_notes"": [], ""guard_status"": ""rule"", ""height"": 1024, ""label"": ""square_artwork"", ""prompt_directive"": ""Use a balanced square artwork canvas only when the caption does not imply a poster, scroll, spread, or panel format."", ""reason"": """", ""source"": ""rule"", ""width"": 1024}]",aas_safe | reference_style | fid_diverse,"Ink and wash painting of a serene garden scene with a twisted pine tree, bamboo, rocks, a thatched pavilion where two scholars sit at a table, and a lone figure standing by a simple fence, rendered with delicate brushwork and soft muted washes."
track1_0902,generic_artwork,caption_content,free_crop_allowed | aspect_variation_allowed | style_variation_allowed,caption-led subject | medium-appropriate composition | avoid batch template,generic_artwork_surface,"[{""confidence"": 1.0, ""guard_notes"": [], ""guard_status"": ""rule"", ""height"": 1024, ""label"": ""square_artwork"", ""prompt_directive"": ""Use a balanced square artwork canvas only when the caption does not imply a poster, scroll, spread, or panel format."", ""reason"": """", ""source"": ""rule"", ""width"": 1024}]",aas_safe | reference_style | fid_diverse,"A Gongbi painting of a serene mountain village with tall leafless trees, small houses, scattered figures in a courtyard, distant misty peaks, fine controlled linework, and a muted earth-toned palette."
track1_0905,generic_artwork,caption_content,free_crop_allowed | aspect_variation_allowed | style_variation_allowed,caption-led subject | medium-appropriate composition | avoid batch template,generic_artwork_surface,"[{""confidence"": 1.0, ""guard_notes"": [], ""guard_status"": ""rule"", ""height"": 1024, ""label"": ""square_artwork"", ""prompt_directive"": ""Use a balanced square artwork canvas only when the caption does not imply a poster, scroll, spread, or panel format."", ""reason"": """", ""source"": ""rule"", ""width"": 1024}]",aas_safe | reference_style | fid_diverse,"An Early Renaissance devotional diptych with haloed saints standing beside kneeling worshippers in an arched church interior, patterned tiled floors, tall windows, rich drapery, and a solemn, reverent atmosphere."
track1_0914,generic_artwork,caption_content,free_crop_allowed | aspect_variation_allowed | style_variation_allowed,caption-led subject | medium-appropriate composition | avoid batch template,generic_artwork_surface,"[{""confidence"": 1.0, ""guard_notes"": [], ""guard_status"": ""rule"", ""height"": 1024, ""label"": ""square_artwork"", ""prompt_directive"": ""Use a balanced square artwork canvas only when the caption does not imply a poster, scroll, spread, or panel format."", ""reason"": """", ""source"": ""rule"", ""width"": 1024}]",aas_safe | reference_style | fid_diverse,"Ukiyo-e print of whimsical yokai-like figures and tiny travelers parading with umbrellas, instruments, and strange sea-creature forms, rendered with fine outlines, muted colors, and a playful fantastical mood."
track1_0919,scroll_album_paper_support,caption_content | support_surface_required,preserve_support_aspect | medium_texture_variation_allowed | viewpoint_variation_allowed,visible paper support | folds or ruled grid | album or scroll framing,scroll_or_album_paper_support | painting_or_brushwork_surface,"[{""confidence"": 1.0, ""guard_notes"": [], ""guard_status"": ""rule"", ""height"": 1024, ""label"": ""square_artwork"", ""prompt_directive"": ""Use a balanced square artwork canvas only when the caption does not imply a poster, scroll, spread, or panel format."", ""reason"": """", ""source"": ""rule"", ""width"": 1024}]",aas_safe | reference_style | fid_diverse,"A Gongbi circular landscape painting on a pale album page, featuring a small pavilion by water among blue-green rocks, trees, distant hills, tiny figures, and delicate fine-line brushwork in muted earthy tones."
track1_0922,generic_artwork,caption_content,free_crop_allowed | aspect_variation_allowed | style_variation_allowed,caption-led subject | medium-appropriate composition | avoid batch template,painting_or_brushwork_surface,"[{""confidence"": 1.0, ""guard_notes"": [], ""guard_status"": ""rule"", ""height"": 1024, ""label"": ""square_artwork"", ""prompt_directive"": ""Use a balanced square artwork canvas only when the caption does not imply a poster, scroll, spread, or panel format."", ""reason"": """", ""source"": ""rule"", ""width"": 1024}]",aas_safe | reference_style | fid_diverse,"Abstract watercolor composition with teal, pink, and yellow washes, delicate black scribble lines, layered geometric and organic shapes, and a loose face-like central form on textured paper."
track1_0924,generic_artwork,caption_content,free_crop_allowed | aspect_variation_allowed | style_variation_allowed,caption-led subject | medium-appropriate composition | avoid batch template,generic_artwork_surface,"[{""confidence"": 1.0, ""guard_notes"": [], ""guard_status"": ""rule"", ""height"": 1024, ""label"": ""square_artwork"", ""prompt_directive"": ""Use a balanced square artwork canvas only when the caption does not imply a poster, scroll, spread, or panel format."", ""reason"": """", ""source"": ""rule"", ""width"": 1024}]",aas_safe | reference_style | fid_diverse,"An Early Renaissance triptych altarpiece with religious figures in a vast green landscape of rivers, rocky cliffs, villages, distant sea, and arched wooden framing, rendered with clear lines and a serene atmosphere."
track1_0928,generic_artwork,caption_content,free_crop_allowed | aspect_variation_allowed | style_variation_allowed,caption-led subject | medium-appropriate composition | avoid batch template,generic_artwork_surface,"[{""confidence"": 1.0, ""guard_notes"": [], ""guard_status"": ""rule"", ""height"": 1024, ""label"": ""square_artwork"", ""prompt_directive"": ""Use a balanced square artwork canvas only when the caption does not imply a poster, scroll, spread, or panel format."", ""reason"": """", ""source"": ""rule"", ""width"": 1024}]",aas_safe | reference_style | fid_diverse,"Ukiyo-e scene of people riding boats along a busy canal with umbrellas, bundled goods, wooden railings, distant buildings, muted colors, and delicate linework."
track1_0956,scroll_album_paper_support,caption_content | support_surface_required,preserve_support_aspect | medium_texture_variation_allowed | viewpoint_variation_allowed,visible paper support | folds or ruled grid | album or scroll framing,scroll_or_album_paper_support | painting_or_brushwork_surface,"[{""confidence"": 1.0, ""guard_notes"": [], ""guard_status"": ""rule"", ""height"": 768, ""label"": ""album_spread"", ""prompt_directive"": ""Use a landscape album-spread canvas; keep the page structure visible and front-facing."", ""reason"": """", ""source"": ""rule"", ""width"": 1024}]",aas_safe | reference_style | fid_diverse,"A Gongbi-style album spread with delicate ink linework on aged paper, portraying solitary robed figures beside rocky landscapes, small dwellings, and a tree in a calm, sparse composition."
track1_0962,generic_artwork,caption_content,free_crop_allowed | aspect_variation_allowed | style_variation_allowed,caption-led subject | medium-appropriate composition | avoid batch template,painting_or_brushwork_surface,"[{""confidence"": 1.0, ""guard_notes"": [], ""guard_status"": ""rule"", ""height"": 1024, ""label"": ""square_artwork"", ""prompt_directive"": ""Use a balanced square artwork canvas only when the caption does not imply a poster, scroll, spread, or panel format."", ""reason"": """", ""source"": ""rule"", ""width"": 1024}]",aas_safe | reference_style | fid_diverse,"Abstract watercolor study of a reclining skeletal animal-like form on aged paper, with loose pink, purple, and black brushstrokes and faint pencil lines creating a somber, unfinished composition."
track1_0001,generic_artwork,caption_content,free_crop_allowed | aspect_variation_allowed | style_variation_allowed,caption-led subject | medium-appropriate composition | avoid batch template,generic_artwork_surface,"[{""confidence"": 1.0, ""guard_notes"": [], ""guard_status"": ""rule"", ""height"": 1024, ""label"": ""square_artwork"", ""prompt_directive"": ""Use a balanced square artwork canvas only when the caption does not imply a poster, scroll, spread, or panel format."", ""reason"": """", ""source"": ""rule"", ""width"": 1024}]",aas_safe | reference_style | fid_diverse,"Ukiyo-e scene of a sailboat and small rowboat on rippling water before Mount Fuji, with travelers near a stone embankment in the foreground, delicate linework, muted colors, and a calm atmosphere."
track1_0008,generic_artwork,caption_content,free_crop_allowed | aspect_variation_allowed | style_variation_allowed,caption-led subject | medium-appropriate composition | avoid batch template,generic_artwork_surface,"[{""confidence"": 1.0, ""guard_notes"": [], ""guard_status"": ""rule"", ""height"": 1024, ""label"": ""square_artwork"", ""prompt_directive"": ""Use a balanced square artwork canvas only when the caption does not imply a poster, scroll, spread, or panel format."", ""reason"": """", ""source"": ""rule"", ""width"": 1024}]",aas_safe | reference_style | fid_diverse,"Ukiyo-e rural landscape with travelers walking along a winding path beside fields and a narrow stream, tall trees rising in the foreground, muted colors, fine linework, and vertical composition."
track1_0011,generic_artwork,caption_content,free_crop_allowed | aspect_variation_allowed | style_variation_allowed,caption-led subject | medium-appropriate composition | avoid batch template,generic_artwork_surface,"[{""confidence"": 1.0, ""guard_notes"": [], ""guard_status"": ""rule"", ""height"": 1024, ""label"": ""square_artwork"", ""prompt_directive"": ""Use a balanced square artwork canvas only when the caption does not imply a poster, scroll, spread, or panel format."", ""reason"": """", ""source"": ""rule"", ""width"": 1024}]",aas_safe | reference_style | fid_diverse,"An Early Renaissance gilded altarpiece with multiple small religious narrative panels above a larger scene of the Virgin and Child enthroned under a floral arch, flanked by kneeling donors, clergy, armored figures, and a serene landscape in rich jewel-toned colors."
track1_0050,agriculture_industry_worker,caption_content,free_crop_allowed | aspect_variation_allowed | style_variation_allowed,field or factory setting | working hands and tools | productive labor,generic_artwork_surface,"[{""confidence"": 1.0, ""guard_notes"": [], ""guard_status"": ""rule"", ""height"": 1024, ""label"": ""square_artwork"", ""prompt_directive"": ""Use a balanced square artwork canvas only when the caption does not imply a poster, scroll, spread, or panel format."", ""reason"": """", ""source"": ""rule"", ""width"": 1024}]",aas_safe | reference_style | fid_diverse,"A Baroque monochrome engraving of a rustic Flemish cottage with peasants gathered around a table, a small dog nearby, and a winding road leading through trees toward a river, hills, and a dramatic cloudy sky."
track1_0054,generic_artwork,caption_content,free_crop_allowed | aspect_variation_allowed | style_variation_allowed,caption-led subject | medium-appropriate composition | avoid batch template,generic_artwork_surface,"[{""confidence"": 1.0, ""guard_notes"": [], ""guard_status"": ""rule"", ""height"": 1024, ""label"": ""square_artwork"", ""prompt_directive"": ""Use a balanced square artwork canvas only when the caption does not imply a poster, scroll, spread, or panel format."", ""reason"": """", ""source"": ""rule"", ""width"": 1024}]",aas_safe | reference_style | fid_diverse,"An Early Renaissance scene of robed figures gathered around a table in a classical columned interior, with a servant pouring water into large jars, warm golden tones, careful linear perspective, and a solemn narrative atmosphere."
track1_0086,generic_artwork,caption_content,free_crop_allowed | aspect_variation_allowed | style_variation_allowed,caption-led subject | medium-appropriate composition | avoid batch template,generic_artwork_surface,"[{""confidence"": 1.0, ""guard_notes"": [], ""guard_status"": ""rule"", ""height"": 1024, ""label"": ""square_artwork"", ""prompt_directive"": ""Use a balanced square artwork canvas only when the caption does not imply a poster, scroll, spread, or panel format."", ""reason"": """", ""source"": ""rule"", ""width"": 1024}]",aas_safe | reference_style | fid_diverse,"Ukiyo-e scene of anthropomorphic cats in patterned robes, one stepping from a wooden boat toward another on a pier, with flat colors, crisp outlines, and a calm riverside setting."
track1_0087,generic_artwork,caption_content,free_crop_allowed | aspect_variation_allowed | style_variation_allowed,caption-led subject | medium-appropriate composition | avoid batch template,generic_artwork_surface,"[{""confidence"": 1.0, ""guard_notes"": [], ""guard_status"": ""rule"", ""height"": 1024, ""label"": ""square_artwork"", ""prompt_directive"": ""Use a balanced square artwork canvas only when the caption does not imply a poster, scroll, spread, or panel format."", ""reason"": """", ""source"": ""rule"", ""width"": 1024}]",aas_safe | reference_style | fid_diverse,"Ukiyo-e style scene of elegantly dressed Japanese women in patterned kimonos inside a traditional room, with one kneeling beside a flower vase, delicate linework, muted colors, and a calm refined atmosphere."
track1_0095,generic_artwork,caption_content,free_crop_allowed | aspect_variation_allowed | style_variation_allowed,caption-led subject | medium-appropriate composition | avoid batch template,painting_or_brushwork_surface,"[{""confidence"": 1.0, ""guard_notes"": [], ""guard_status"": ""rule"", ""height"": 1024, ""label"": ""square_artwork"", ""prompt_directive"": ""Use a balanced square artwork canvas only when the caption does not imply a poster, scroll, spread, or panel format."", ""reason"": """", ""source"": ""rule"", ""width"": 1024}]",aas_safe | reference_style | fid_diverse,"Abstract horizontal bands of muted charcoal, gray, green, lavender, and a thin rust-red stripe create a somber layered composition with soft textured brushwork."
track1_0104,generic_artwork,caption_content,free_crop_allowed | aspect_variation_allowed | style_variation_allowed,caption-led subject | medium-appropriate composition | avoid batch template,generic_artwork_surface,"[{""confidence"": 1.0, ""guard_notes"": [], ""guard_status"": ""rule"", ""height"": 1024, ""label"": ""square_artwork"", ""prompt_directive"": ""Use a balanced square artwork canvas only when the caption does not imply a poster, scroll, spread, or panel format."", ""reason"": """", ""source"": ""rule"", ""width"": 1024}]",aas_safe | reference_style | fid_diverse,"Ukiyo-e scene of a lively nighttime festival street crowded with figures in traditional robes, lanterns, temple architecture, distant rooftops, and a patterned dark sky rendered with fine linework and muted colors."
track1_0122,generic_artwork,caption_content,free_crop_allowed | aspect_variation_allowed | style_variation_allowed,caption-led subject | medium-appropriate composition | avoid batch template,painting_or_brushwork_surface,"[{""confidence"": 1.0, ""guard_notes"": [], ""guard_status"": ""rule"", ""height"": 1024, ""label"": ""square_artwork"", ""prompt_directive"": ""Use a balanced square artwork canvas only when the caption does not imply a poster, scroll, spread, or panel format."", ""reason"": """", ""source"": ""rule"", ""width"": 1024}]",aas_safe | reference_style | fid_diverse,"Ink and wash painting of a serene mountain landscape with tall cliffs, pine trees, a riverside pavilion, distant peaks, and delicate linework in a muted monochrome palette."
track1_0124,generic_artwork,caption_content,free_crop_allowed | aspect_variation_allowed | style_variation_allowed,caption-led subject | medium-appropriate composition | avoid batch template,generic_artwork_surface,"[{""confidence"": 1.0, ""guard_notes"": [], ""guard_status"": ""rule"", ""height"": 1024, ""label"": ""square_artwork"", ""prompt_directive"": ""Use a balanced square artwork canvas only when the caption does not imply a poster, scroll, spread, or panel format."", ""reason"": """", ""source"": ""rule"", ""width"": 1024}]",aas_safe | reference_style | fid_diverse,"An Early Renaissance diptych portrait of a solemn man and woman in prayer, separated by wooden frames against a dark background, with delicate linework, smooth modeling, and a subdued color palette."
track1_0141,generic_artwork,caption_content,free_crop_allowed | aspect_variation_allowed | style_variation_allowed,caption-led subject | medium-appropriate composition | avoid batch template,generic_artwork_surface,"[{""confidence"": 1.0, ""guard_notes"": [], ""guard_status"": ""rule"", ""height"": 1024, ""label"": ""square_artwork"", ""prompt_directive"": ""Use a balanced square artwork canvas only when the caption does not imply a poster, scroll, spread, or panel format."", ""reason"": """", ""source"": ""rule"", ""width"": 1024}]",aas_safe | reference_style | fid_diverse,"A Ukiyo-e snowy coastal landscape with a lone figure in a red cloak beneath a bending tree, small snow-covered houses by the blue sea, falling snow, delicate linework, and a quiet melancholic atmosphere."
track1_0143,battle_tank_cavalry,caption_content,free_crop_allowed | aspect_variation_allowed | style_variation_allowed,battlefield depth | armored vehicle | mounted movement | infantry group,generic_artwork_surface,"[{""confidence"": 1.0, ""guard_notes"": [], ""guard_status"": ""rule"", ""height"": 1024, ""label"": ""square_artwork"", ""prompt_directive"": ""Use a balanced square artwork canvas only when the caption does not imply a poster, scroll, spread, or panel format."", ""reason"": """", ""source"": ""rule"", ""width"": 1024}]",aas_safe | reference_style | fid_diverse,"A dramatic Ukiyo-e battle scene with armored warriors clashing across a riverbank, dense figures, bold contour lines, patterned textures, and a muted earthy color palette."
track1_0149,generic_artwork,caption_content,free_crop_allowed | aspect_variation_allowed | style_variation_allowed,caption-led subject | medium-appropriate composition | avoid batch template,generic_artwork_surface,"[{""confidence"": 1.0, ""guard_notes"": [], ""guard_status"": ""rule"", ""height"": 1024, ""label"": ""square_artwork"", ""prompt_directive"": ""Use a balanced square artwork canvas only when the caption does not imply a poster, scroll, spread, or panel format."", ""reason"": """", ""source"": ""rule"", ""width"": 1024}]",aas_safe | reference_style | fid_diverse,"A Gongbi painting of several robed figures moving through a quiet grove of slender trees, rendered with fine linework, muted brown tones, and a calm, antique atmosphere."
track1_0162,generic_artwork,caption_content,free_crop_allowed | aspect_variation_allowed | style_variation_allowed,caption-led subject | medium-appropriate composition | avoid batch template,generic_artwork_surface,"[{""confidence"": 1.0, ""guard_notes"": [], ""guard_status"": ""rule"", ""height"": 1024, ""label"": ""square_artwork"", ""prompt_directive"": ""Use a balanced square artwork canvas only when the caption does not imply a poster, scroll, spread, or panel format."", ""reason"": """", ""source"": ""rule"", ""width"": 1024}]",aas_safe | reference_style | fid_diverse,"An Early Renaissance gilded triptych altarpiece with the Madonna and Child enthroned at the center, surrounded by saints and kneeling angels beneath pointed arches, using delicate linework, soft colors, and a solemn devotional atmosphere."
track1_0163,generic_artwork,caption_content,free_crop_allowed | aspect_variation_allowed | style_variation_allowed,caption-led subject | medium-appropriate composition | avoid batch template,painting_or_brushwork_surface,"[{""confidence"": 1.0, ""guard_notes"": [], ""guard_status"": ""rule"", ""height"": 1024, ""label"": ""square_artwork"", ""prompt_directive"": ""Use a balanced square artwork canvas only when the caption does not imply a poster, scroll, spread, or panel format."", ""reason"": """", ""source"": ""rule"", ""width"": 1024}]",aas_safe | reference_style | fid_diverse,"Ink and wash painting of a tranquil garden landscape with slender trees, bamboo, rocks, and a small pavilion, rendered in delicate brushwork and a muted earthy palette."
track1_0168,generic_artwork,caption_content,free_crop_allowed | aspect_variation_allowed | style_variation_allowed,caption-led subject | medium-appropriate composition | avoid batch template,generic_artwork_surface,"[{""confidence"": 1.0, ""guard_notes"": [], ""guard_status"": ""rule"", ""height"": 1024, ""label"": ""square_artwork"", ""prompt_directive"": ""Use a balanced square artwork canvas only when the caption does not imply a poster, scroll, spread, or panel format."", ""reason"": """", ""source"": ""rule"", ""width"": 1024}]",aas_safe | reference_style | fid_diverse,"Ukiyo-e scene of elegant women in traditional robes gathered on a wooden veranda, with fine linework, muted colors, patterned textiles, and a calm domestic atmosphere."
track1_0174,generic_artwork,caption_content,free_crop_allowed | aspect_variation_allowed | style_variation_allowed,caption-led subject | medium-appropriate composition | avoid batch template,generic_artwork_surface,"[{""confidence"": 1.0, ""guard_notes"": [], ""guard_status"": ""rule"", ""height"": 1024, ""label"": ""square_artwork"", ""prompt_directive"": ""Use a balanced square artwork canvas only when the caption does not imply a poster, scroll, spread, or panel format."", ""reason"": """", ""source"": ""rule"", ""width"": 1024}]",aas_safe | reference_style | fid_diverse,"A Gongbi painting of a quiet waterside pavilion with small figures, willow trees, railings, and a muted brown palette, framed in a circular composition on pale silk."
track1_0178,generic_artwork,caption_content,free_crop_allowed | aspect_variation_allowed | style_variation_allowed,caption-led subject | medium-appropriate composition | avoid batch template,generic_artwork_surface,"[{""confidence"": 1.0, ""guard_notes"": [], ""guard_status"": ""rule"", ""height"": 1024, ""label"": ""square_artwork"", ""prompt_directive"": ""Use a balanced square artwork canvas only when the caption does not imply a poster, scroll, spread, or panel format."", ""reason"": """", ""source"": ""rule"", ""width"": 1024}]",aas_safe | reference_style | fid_diverse,"A Baroque nocturnal forest scene with travelers, kneeling figures, a small fire, and a shadowy statue beside ruins, rendered with dramatic chiaroscuro and a solemn atmosphere."
track1_0192,generic_artwork,caption_content,free_crop_allowed | aspect_variation_allowed | style_variation_allowed,caption-led subject | medium-appropriate composition | avoid batch template,generic_artwork_surface,"[{""confidence"": 1.0, ""guard_notes"": [], ""guard_status"": ""rule"", ""height"": 1024, ""label"": ""square_artwork"", ""prompt_directive"": ""Use a balanced square artwork canvas only when the caption does not imply a poster, scroll, spread, or panel format."", ""reason"": """", ""source"": ""rule"", ""width"": 1024}]",aas_safe | reference_style | fid_diverse,"Abstract composition with a dark smoky palette, a gray serpentine fish-like form, green organic shapes, eye-like circular motifs, and scattered black cross marks creating a mysterious atmosphere."
track1_0213,generic_artwork,caption_content,free_crop_allowed | aspect_variation_allowed | style_variation_allowed,caption-led subject | medium-appropriate composition | avoid batch template,generic_artwork_surface,"[{""confidence"": 1.0, ""guard_notes"": [], ""guard_status"": ""rule"", ""height"": 1024, ""label"": ""square_artwork"", ""prompt_directive"": ""Use a balanced square artwork canvas only when the caption does not imply a poster, scroll, spread, or panel format."", ""reason"": """", ""source"": ""rule"", ""width"": 1024}]",aas_safe | reference_style | fid_diverse,"A Ukiyo-e print of a fierce, muscular warrior with wild hair and green robes gripping a large red branch while standing over a giant catfish-like creature, rendered with bold outlines, muted colors, and dynamic diagonal composition."
track1_0223,generic_artwork,caption_content,free_crop_allowed | aspect_variation_allowed | style_variation_allowed,caption-led subject | medium-appropriate composition | avoid batch template,generic_artwork_surface,"[{""confidence"": 1.0, ""guard_notes"": [], ""guard_status"": ""rule"", ""height"": 1024, ""label"": ""square_artwork"", ""prompt_directive"": ""Use a balanced square artwork canvas only when the caption does not imply a poster, scroll, spread, or panel format."", ""reason"": """", ""source"": ""rule"", ""width"": 1024}]",aas_safe | reference_style | fid_diverse,"An Early Renaissance monochrome illustration of a robed seated figure beside a walled garden and gate, with a small church, trees, hills, and delicate hatched linework in a muted sepia palette."
track1_0231,generic_artwork,caption_content,free_crop_allowed | aspect_variation_allowed | style_variation_allowed,caption-led subject | medium-appropriate composition | avoid batch template,generic_artwork_surface,"[{""confidence"": 1.0, ""guard_notes"": [], ""guard_status"": ""rule"", ""height"": 1024, ""label"": ""square_artwork"", ""prompt_directive"": ""Use a balanced square artwork canvas only when the caption does not imply a poster, scroll, spread, or panel format."", ""reason"": """", ""source"": ""rule"", ""width"": 1024}]",aas_safe | reference_style | fid_diverse,"Abstract composition with teal washes, red linear accents, cloudy white forms, dark circular marks, and layered geometric shapes rendered in loose expressive brushstrokes."
track1_0240,generic_artwork,caption_content,free_crop_allowed | aspect_variation_allowed | style_variation_allowed,caption-led subject | medium-appropriate composition | avoid batch template,painting_or_brushwork_surface,"[{""confidence"": 1.0, ""guard_notes"": [], ""guard_status"": ""rule"", ""height"": 1024, ""label"": ""square_artwork"", ""prompt_directive"": ""Use a balanced square artwork canvas only when the caption does not imply a poster, scroll, spread, or panel format."", ""reason"": """", ""source"": ""rule"", ""width"": 1024}]",aas_safe | reference_style | fid_diverse,"Abstract watercolor composition with muted gray-brown washes, loose black ink lines, fragmented biomorphic forms, and small accents of blue and orange creating a mysterious, layered atmosphere."
track1_0245,generic_artwork,caption_content,free_crop_allowed | aspect_variation_allowed | style_variation_allowed,caption-led subject | medium-appropriate composition | avoid batch template,generic_artwork_surface,"[{""confidence"": 1.0, ""guard_notes"": [], ""guard_status"": ""rule"", ""height"": 1024, ""label"": ""square_artwork"", ""prompt_directive"": ""Use a balanced square artwork canvas only when the caption does not imply a poster, scroll, spread, or panel format."", ""reason"": """", ""source"": ""rule"", ""width"": 1024}]",aas_safe | reference_style | fid_diverse,"A dramatic Baroque scene of an elderly bearded man in red drapery kneeling in a dark wilderness as a winged angel blows a trumpet above him, with a cherub, a lion, skulls, and intense chiaroscuro lighting."
track1_0286,generic_artwork,caption_content,free_crop_allowed | aspect_variation_allowed | style_variation_allowed,caption-led subject | medium-appropriate composition | avoid batch template,generic_artwork_surface,"[{""confidence"": 1.0, ""guard_notes"": [], ""guard_status"": ""rule"", ""height"": 1024, ""label"": ""square_artwork"", ""prompt_directive"": ""Use a balanced square artwork canvas only when the caption does not imply a poster, scroll, spread, or panel format."", ""reason"": """", ""source"": ""rule"", ""width"": 1024}]",aas_safe | reference_style | fid_diverse,"Ukiyo-e scene of two kimono-clad women in a quiet interior beside an open sliding screen, with a shamisen resting nearby, a small garden view, delicate linework, and muted earthy colors."
track1_0296,generic_artwork,caption_content,free_crop_allowed | aspect_variation_allowed | style_variation_allowed,caption-led subject | medium-appropriate composition | avoid batch template,painting_or_brushwork_surface,"[{""confidence"": 1.0, ""guard_notes"": [], ""guard_status"": ""rule"", ""height"": 1024, ""label"": ""square_artwork"", ""prompt_directive"": ""Use a balanced square artwork canvas only when the caption does not imply a poster, scroll, spread, or panel format."", ""reason"": """", ""source"": ""rule"", ""width"": 1024}]",aas_safe | reference_style | fid_diverse,"A Ukiyo-e scene of three women in flowing kimonos gathered on a veranda beside a garden, with a broom in the foreground, delicate ink linework, muted colors, and a calm atmosphere."
track1_0309,generic_artwork,caption_content,free_crop_allowed | aspect_variation_allowed | style_variation_allowed,caption-led subject | medium-appropriate composition | avoid batch template,generic_artwork_surface,"[{""confidence"": 1.0, ""guard_notes"": [], ""guard_status"": ""rule"", ""height"": 1024, ""label"": ""square_artwork"", ""prompt_directive"": ""Use a balanced square artwork canvas only when the caption does not imply a poster, scroll, spread, or panel format."", ""reason"": """", ""source"": ""rule"", ""width"": 1024}]",aas_safe | reference_style | fid_diverse,"A High Renaissance devotional scene of the Virgin and Child seated on a garden terrace beside two angels with an open book, an ornate fountain, peacocks, a church façade, and a lush distant landscape under soft atmospheric light."
track1_0321,generic_artwork,caption_content,free_crop_allowed | aspect_variation_allowed | style_variation_allowed,caption-led subject | medium-appropriate composition | avoid batch template,painting_or_brushwork_surface,"[{""confidence"": 1.0, ""guard_notes"": [], ""guard_status"": ""rule"", ""height"": 1024, ""label"": ""square_artwork"", ""prompt_directive"": ""Use a balanced square artwork canvas only when the caption does not imply a poster, scroll, spread, or panel format."", ""reason"": """", ""source"": ""rule"", ""width"": 1024}]",aas_safe | reference_style | fid_diverse,"Ink and wash painting of a serene mountain landscape with a gnarled tree on rocky ground, a small pavilion, a tiny figure, distant hills, and muted sepia brushwork."
track1_0322,generic_artwork,caption_content,free_crop_allowed | aspect_variation_allowed | style_variation_allowed,caption-led subject | medium-appropriate composition | avoid batch template,generic_artwork_surface,"[{""confidence"": 1.0, ""guard_notes"": [], ""guard_status"": ""rule"", ""height"": 1024, ""label"": ""square_artwork"", ""prompt_directive"": ""Use a balanced square artwork canvas only when the caption does not imply a poster, scroll, spread, or panel format."", ""reason"": """", ""source"": ""rule"", ""width"": 1024}]",aas_safe | reference_style | fid_diverse,"Ukiyo-e scene of women in patterned kimono on a wooden veranda beside shoji screens, overlooking a serene garden with water, rocks, and pine trees, rendered with crisp outlines and muted colors."
track1_0334,generic_artwork,caption_content,free_crop_allowed | aspect_variation_allowed | style_variation_allowed,caption-led subject | medium-appropriate composition | avoid batch template,generic_artwork_surface,"[{""confidence"": 1.0, ""guard_notes"": [], ""guard_status"": ""rule"", ""height"": 1024, ""label"": ""square_artwork"", ""prompt_directive"": ""Use a balanced square artwork canvas only when the caption does not imply a poster, scroll, spread, or panel format."", ""reason"": """", ""source"": ""rule"", ""width"": 1024}]",aas_safe | reference_style | fid_diverse,"A High Renaissance full-length portrait of a standing armored knight with an obscured face, ornate polished plate armor, a red feathered hat, a sword, and a vertical banner against a detailed landscape with rich colors and crisp linework."
track1_0347,generic_artwork,caption_content,free_crop_allowed | aspect_variation_allowed | style_variation_allowed,caption-led subject | medium-appropriate composition | avoid batch template,generic_artwork_surface,"[{""confidence"": 1.0, ""guard_notes"": [], ""guard_status"": ""rule"", ""height"": 1024, ""label"": ""square_artwork"", ""prompt_directive"": ""Use a balanced square artwork canvas only when the caption does not imply a poster, scroll, spread, or panel format."", ""reason"": """", ""source"": ""rule"", ""width"": 1024}]",aas_safe | reference_style | fid_diverse,"A Gongbi painting of children playing in a tranquil garden with scholar rocks, leafy trees, fine outlines, delicate colors, and a calm classical composition."
track1_0350,generic_artwork,caption_content,free_crop_allowed | aspect_variation_allowed | style_variation_allowed,caption-led subject | medium-appropriate composition | avoid batch template,generic_artwork_surface,"[{""confidence"": 1.0, ""guard_notes"": [], ""guard_status"": ""rule"", ""height"": 1024, ""label"": ""square_artwork"", ""prompt_directive"": ""Use a balanced square artwork canvas only when the caption does not imply a poster, scroll, spread, or panel format."", ""reason"": """", ""source"": ""rule"", ""width"": 1024}]",aas_safe | reference_style | fid_diverse,"Ukiyo-e scene of an elegant woman seated on a red-railed veranda beside a low table, overlooking a calm lakeside landscape with distant hills, trees, fine linework, and a muted color palette."
track1_0356,generic_artwork,caption_content,free_crop_allowed | aspect_variation_allowed | style_variation_allowed,caption-led subject | medium-appropriate composition | avoid batch template,generic_artwork_surface,"[{""confidence"": 1.0, ""guard_notes"": [], ""guard_status"": ""rule"", ""height"": 1024, ""label"": ""square_artwork"", ""prompt_directive"": ""Use a balanced square artwork canvas only when the caption does not imply a poster, scroll, spread, or panel format."", ""reason"": """", ""source"": ""rule"", ""width"": 1024}]",aas_safe | reference_style | fid_diverse,"Abstract black-and-cream composition of fragmented geometric shapes, sharp angular lines, stars, arcs, and dense high-contrast forms arranged in a dynamic vertical layout."
track1_0357,generic_artwork,caption_content,free_crop_allowed | aspect_variation_allowed | style_variation_allowed,caption-led subject | medium-appropriate composition | avoid batch template,generic_artwork_surface,"[{""confidence"": 1.0, ""guard_notes"": [], ""guard_status"": ""rule"", ""height"": 1024, ""label"": ""square_artwork"", ""prompt_directive"": ""Use a balanced square artwork canvas only when the caption does not imply a poster, scroll, spread, or panel format."", ""reason"": """", ""source"": ""rule"", ""width"": 1024}]",aas_safe | reference_style | fid_diverse,"Ukiyo-e style scene of two figures in a small wooden boat gliding through calm blue water between tall reeds, with distant boats, soft clouds, delicate linework, and a serene atmosphere."
track1_0358,generic_artwork,caption_content,free_crop_allowed | aspect_variation_allowed | style_variation_allowed,caption-led subject | medium-appropriate composition | avoid batch template,painting_or_brushwork_surface,"[{""confidence"": 1.0, ""guard_notes"": [], ""guard_status"": ""rule"", ""height"": 1024, ""label"": ""square_artwork"", ""prompt_directive"": ""Use a balanced square artwork canvas only when the caption does not imply a poster, scroll, spread, or panel format."", ""reason"": """", ""source"": ""rule"", ""width"": 1024}]",aas_safe | reference_style | fid_diverse,"Ukiyo-e style coastal scene with rippling water, a small boat, a wooden pier leading to a tree-lined shore with simple houses, muted colors, and delicate linear brushwork under layered clouds."
track1_0362,generic_artwork,caption_content,free_crop_allowed | aspect_variation_allowed | style_variation_allowed,caption-led subject | medium-appropriate composition | avoid batch template,generic_artwork_surface,"[{""confidence"": 1.0, ""guard_notes"": [], ""guard_status"": ""rule"", ""height"": 1024, ""label"": ""square_artwork"", ""prompt_directive"": ""Use a balanced square artwork canvas only when the caption does not imply a poster, scroll, spread, or panel format."", ""reason"": """", ""source"": ""rule"", ""width"": 1024}]",aas_safe | reference_style | fid_diverse,"A monochrome garden scene in impressionism with dense flowering plants in the foreground, bare trees, a low wall, and a small house beyond, rendered with loose scratchy linework and textured shadows."
track1_0367,generic_artwork,caption_content,free_crop_allowed | aspect_variation_allowed | style_variation_allowed,caption-led subject | medium-appropriate composition | avoid batch template,generic_artwork_surface,"[{""confidence"": 1.0, ""guard_notes"": [], ""guard_status"": ""rule"", ""height"": 1024, ""label"": ""square_artwork"", ""prompt_directive"": ""Use a balanced square artwork canvas only when the caption does not imply a poster, scroll, spread, or panel format."", ""reason"": """", ""source"": ""rule"", ""width"": 1024}]",aas_safe | reference_style | fid_diverse,"Ukiyo-e landscape with two figures wading through shallow water beside tall reeds, a calm lake, distant trees, and a blue mountain under layered gray clouds, rendered with delicate linework and muted colors."
track1_0372,generic_artwork,caption_content,free_crop_allowed | aspect_variation_allowed | style_variation_allowed,caption-led subject | medium-appropriate composition | avoid batch template,generic_artwork_surface,"[{""confidence"": 1.0, ""guard_notes"": [], ""guard_status"": ""rule"", ""height"": 1024, ""label"": ""square_artwork"", ""prompt_directive"": ""Use a balanced square artwork canvas only when the caption does not imply a poster, scroll, spread, or panel format."", ""reason"": """", ""source"": ""rule"", ""width"": 1024}]",aas_safe | reference_style | fid_diverse,"Ukiyo-e style scene of two traditionally dressed Japanese figures at a garden veranda, one bowing politely with a sheathed sword, rendered with delicate linework, muted colors, and flat patterned textures."
track1_0376,generic_artwork,caption_content,free_crop_allowed | aspect_variation_allowed | style_variation_allowed,caption-led subject | medium-appropriate composition | avoid batch template,painting_or_brushwork_surface,"[{""confidence"": 1.0, ""guard_notes"": [], ""guard_status"": ""rule"", ""height"": 1024, ""label"": ""square_artwork"", ""prompt_directive"": ""Use a balanced square artwork canvas only when the caption does not imply a poster, scroll, spread, or panel format."", ""reason"": """", ""source"": ""rule"", ""width"": 1024}]",aas_safe | reference_style | fid_diverse,"A dynamic Ukiyo-e scene of armed samurai clashing in a crowded courtyard, with bold patterned garments, fine ink outlines, muted colors, and dramatic diagonal movement."
track1_0379,generic_artwork,caption_content,free_crop_allowed | aspect_variation_allowed | style_variation_allowed,caption-led subject | medium-appropriate composition | avoid batch template,generic_artwork_surface,"[{""confidence"": 1.0, ""guard_notes"": [], ""guard_status"": ""rule"", ""height"": 1024, ""label"": ""square_artwork"", ""prompt_directive"": ""Use a balanced square artwork canvas only when the caption does not imply a poster, scroll, spread, or panel format."", ""reason"": """", ""source"": ""rule"", ""width"": 1024}]",aas_safe | reference_style | fid_diverse,"Abstract black-and-cream geometric composition with fragmented rectangles, circles, arcs, jagged brushlike edges, and rough print texture in a stark high-contrast arrangement."
track1_0380,generic_artwork,caption_content,free_crop_allowed | aspect_variation_allowed | style_variation_allowed,caption-led subject | medium-appropriate composition | avoid batch template,generic_artwork_surface,"[{""confidence"": 1.0, ""guard_notes"": [], ""guard_status"": ""rule"", ""height"": 1024, ""label"": ""square_artwork"", ""prompt_directive"": ""Use a balanced square artwork canvas only when the caption does not imply a poster, scroll, spread, or panel format."", ""reason"": """", ""source"": ""rule"", ""width"": 1024}]",aas_safe | reference_style | fid_diverse,"A Ukiyo-e street scene with a crowded marketplace framed by a red gate, wooden shopfronts lining the road, muted earthy colors, fine linework, and an aged paper texture."
track1_0383,generic_artwork,caption_content,free_crop_allowed | aspect_variation_allowed | style_variation_allowed,caption-led subject | medium-appropriate composition | avoid batch template,generic_artwork_surface,"[{""confidence"": 1.0, ""guard_notes"": [], ""guard_status"": ""rule"", ""height"": 1024, ""label"": ""square_artwork"", ""prompt_directive"": ""Use a balanced square artwork canvas only when the caption does not imply a poster, scroll, spread, or panel format."", ""reason"": """", ""source"": ""rule"", ""width"": 1024}]",aas_safe | reference_style | fid_diverse,"A Baroque scene of several figures gathered around a draped table beneath classical columns, with a reclining man in the foreground, a dog sniffing near gourds, muted earthy colors, and dramatic light and shadow."
track1_0384,generic_artwork,caption_content,free_crop_allowed | aspect_variation_allowed | style_variation_allowed,caption-led subject | medium-appropriate composition | avoid batch template,painting_or_brushwork_surface,"[{""confidence"": 1.0, ""guard_notes"": [], ""guard_status"": ""rule"", ""height"": 1024, ""label"": ""square_artwork"", ""prompt_directive"": ""Use a balanced square artwork canvas only when the caption does not imply a poster, scroll, spread, or panel format."", ""reason"": """", ""source"": ""rule"", ""width"": 1024}]",aas_safe | reference_style | fid_diverse,"Ink and wash painting of a serene mountainous riverscape with steep rocky cliffs, clustered trees, misty water, distant hills, and small riverside structures in delicate sepia brushwork."
track1_0393,generic_artwork,caption_content,free_crop_allowed | aspect_variation_allowed | style_variation_allowed,caption-led subject | medium-appropriate composition | avoid batch template,generic_artwork_surface,"[{""confidence"": 1.0, ""guard_notes"": [], ""guard_status"": ""rule"", ""height"": 1024, ""label"": ""square_artwork"", ""prompt_directive"": ""Use a balanced square artwork canvas only when the caption does not imply a poster, scroll, spread, or panel format."", ""reason"": """", ""source"": ""rule"", ""width"": 1024}]",aas_safe | reference_style | fid_diverse,"A Gongbi landscape with delicate linework portrays green mountains, pine trees, a winding stream, and distant buildings in a muted earthy palette with a calm, serene atmosphere."
track1_0399,generic_artwork,caption_content,free_crop_allowed | aspect_variation_allowed | style_variation_allowed,caption-led subject | medium-appropriate composition | avoid batch template,painting_or_brushwork_surface,"[{""confidence"": 1.0, ""guard_notes"": [], ""guard_status"": ""rule"", ""height"": 1024, ""label"": ""square_artwork"", ""prompt_directive"": ""Use a balanced square artwork canvas only when the caption does not imply a poster, scroll, spread, or panel format."", ""reason"": """", ""source"": ""rule"", ""width"": 1024}]",aas_safe | reference_style | fid_diverse,"Ink and wash painting of a serene misty riverside landscape with a gnarled pine on rocky cliffs, tiny figures near the shore, distant hills, soft washes, and delicate monochrome brushwork."
track1_0413,generic_artwork,caption_content,free_crop_allowed | aspect_variation_allowed | style_variation_allowed,caption-led subject | medium-appropriate composition | avoid batch template,generic_artwork_surface,"[{""confidence"": 1.0, ""guard_notes"": [], ""guard_status"": ""rule"", ""height"": 1024, ""label"": ""square_artwork"", ""prompt_directive"": ""Use a balanced square artwork canvas only when the caption does not imply a poster, scroll, spread, or panel format."", ""reason"": """", ""source"": ""rule"", ""width"": 1024}]",aas_safe | reference_style | fid_diverse,"Ukiyo-e style scene of elegantly dressed figures in patterned kimonos gathered in a traditional room beside an open garden view, with a hanging lantern, tea utensils, delicate linework, and muted earthy colors."
track1_0425,generic_artwork,caption_content,free_crop_allowed | aspect_variation_allowed | style_variation_allowed,caption-led subject | medium-appropriate composition | avoid batch template,generic_artwork_surface,"[{""confidence"": 1.0, ""guard_notes"": [], ""guard_status"": ""rule"", ""height"": 1024, ""label"": ""square_artwork"", ""prompt_directive"": ""Use a balanced square artwork canvas only when the caption does not imply a poster, scroll, spread, or panel format."", ""reason"": """", ""source"": ""rule"", ""width"": 1024}]",aas_safe | reference_style | fid_diverse,"A Ukiyo-e portrait of an elegant woman in an ornate patterned kimono with floral hair ornaments and sheathed swords, rendered with delicate linework and a muted beige, red, black, and ochre palette."
track1_0440,generic_artwork,caption_content,free_crop_allowed | aspect_variation_allowed | style_variation_allowed,caption-led subject | medium-appropriate composition | avoid batch template,generic_artwork_surface,"[{""confidence"": 1.0, ""guard_notes"": [], ""guard_status"": ""rule"", ""height"": 1024, ""label"": ""square_artwork"", ""prompt_directive"": ""Use a balanced square artwork canvas only when the caption does not imply a poster, scroll, spread, or panel format."", ""reason"": """", ""source"": ""rule"", ""width"": 1024}]",aas_safe | reference_style | fid_diverse,"Abstract composition of energetic red, gray, yellow, and pink brushstrokes with thin black gestural lines on a warm beige background, creating a lively textured arrangement."
track1_0466,generic_artwork,caption_content,free_crop_allowed | aspect_variation_allowed | style_variation_allowed,caption-led subject | medium-appropriate composition | avoid batch template,painting_or_brushwork_surface,"[{""confidence"": 1.0, ""guard_notes"": [], ""guard_status"": ""rule"", ""height"": 1024, ""label"": ""square_artwork"", ""prompt_directive"": ""Use a balanced square artwork canvas only when the caption does not imply a poster, scroll, spread, or panel format."", ""reason"": """", ""source"": ""rule"", ""width"": 1024}]",aas_safe | reference_style | fid_diverse,"Ink and wash painting of a serene misty mountain landscape with rolling hills, pine trees, a riverside cottage, and a small boat on calm water, rendered in soft monochrome washes and delicate brushwork."
track1_0478,generic_artwork,caption_content,free_crop_allowed | aspect_variation_allowed | style_variation_allowed,caption-led subject | medium-appropriate composition | avoid batch template,generic_artwork_surface,"[{""confidence"": 1.0, ""guard_notes"": [], ""guard_status"": ""rule"", ""height"": 1024, ""label"": ""square_artwork"", ""prompt_directive"": ""Use a balanced square artwork canvas only when the caption does not imply a poster, scroll, spread, or panel format."", ""reason"": """", ""source"": ""rule"", ""width"": 1024}]",aas_safe | reference_style | fid_diverse,"Ukiyo-e style scene of three elegant women in flowing kimonos standing by a riverside landscape, rendered with delicate linework, muted earthy colors, and a calm, graceful atmosphere."
track1_0480,generic_artwork,caption_content,free_crop_allowed | aspect_variation_allowed | style_variation_allowed,caption-led subject | medium-appropriate composition | avoid batch template,generic_artwork_surface,"[{""confidence"": 1.0, ""guard_notes"": [], ""guard_status"": ""rule"", ""height"": 1024, ""label"": ""square_artwork"", ""prompt_directive"": ""Use a balanced square artwork canvas only when the caption does not imply a poster, scroll, spread, or panel format."", ""reason"": """", ""source"": ""rule"", ""width"": 1024}]",aas_safe | reference_style | fid_diverse,"Ukiyo-e style woodblock print of elaborately dressed Japanese figures gathered beneath a large parasol and leafy trees, with fine linework, patterned robes, muted earth tones, and a lively theatrical composition."
track1_0482,generic_artwork,caption_content,free_crop_allowed | aspect_variation_allowed | style_variation_allowed,caption-led subject | medium-appropriate composition | avoid batch template,generic_artwork_surface,"[{""confidence"": 1.0, ""guard_notes"": [], ""guard_status"": ""rule"", ""height"": 1024, ""label"": ""square_artwork"", ""prompt_directive"": ""Use a balanced square artwork canvas only when the caption does not imply a poster, scroll, spread, or panel format."", ""reason"": """", ""source"": ""rule"", ""width"": 1024}]",aas_safe | reference_style | fid_diverse,"Abstract composition of concentric blue, green, and yellow circles surrounding a vertical blue oval with a white sketched human figure, handwritten notes, and a soft beige paper background."
track1_0522,generic_artwork,caption_content,free_crop_allowed | aspect_variation_allowed | style_variation_allowed,caption-led subject | medium-appropriate composition | avoid batch template,generic_artwork_surface,"[{""confidence"": 1.0, ""guard_notes"": [], ""guard_status"": ""rule"", ""height"": 1024, ""label"": ""square_artwork"", ""prompt_directive"": ""Use a balanced square artwork canvas only when the caption does not imply a poster, scroll, spread, or panel format."", ""reason"": """", ""source"": ""rule"", ""width"": 1024}]",aas_safe | reference_style | fid_diverse,"Ukiyo-e scene of two kimono-clad women in an interior, one kneeling beside a red tray while another stands near a patterned wash basin, rendered with delicate lines, muted colors, and a calm composition."
track1_0527,generic_artwork,caption_content,free_crop_allowed | aspect_variation_allowed | style_variation_allowed,caption-led subject | medium-appropriate composition | avoid batch template,generic_artwork_surface,"[{""confidence"": 1.0, ""guard_notes"": [], ""guard_status"": ""rule"", ""height"": 1024, ""label"": ""square_artwork"", ""prompt_directive"": ""Use a balanced square artwork canvas only when the caption does not imply a poster, scroll, spread, or panel format."", ""reason"": """", ""source"": ""rule"", ""width"": 1024}]",aas_safe | reference_style | fid_diverse,"Ukiyo-e landscape of a deep blue river with white herons among reeds, small boats, pine groves, distant huts, and a soft gradient sky in delicate linework and calm colors."
track1_0529,generic_artwork,caption_content,free_crop_allowed | aspect_variation_allowed | style_variation_allowed,caption-led subject | medium-appropriate composition | avoid batch template,generic_artwork_surface,"[{""confidence"": 1.0, ""guard_notes"": [], ""guard_status"": ""rule"", ""height"": 1024, ""label"": ""square_artwork"", ""prompt_directive"": ""Use a balanced square artwork canvas only when the caption does not imply a poster, scroll, spread, or panel format."", ""reason"": """", ""source"": ""rule"", ""width"": 1024}]",aas_safe | reference_style | fid_diverse,"An Early Renaissance crucifixion scene with Christ on the cross flanked by solemn robed mourners against a gilded background, delicate linear drapery, muted greens and reds, and a sacred, melancholic atmosphere."
track1_0536,generic_artwork,caption_content,free_crop_allowed | aspect_variation_allowed | style_variation_allowed,caption-led subject | medium-appropriate composition | avoid batch template,generic_artwork_surface,"[{""confidence"": 1.0, ""guard_notes"": [], ""guard_status"": ""rule"", ""height"": 1024, ""label"": ""square_artwork"", ""prompt_directive"": ""Use a balanced square artwork canvas only when the caption does not imply a poster, scroll, spread, or panel format."", ""reason"": """", ""source"": ""rule"", ""width"": 1024}]",aas_safe | reference_style | fid_diverse,"Ukiyo-e scene of warriors and robed figures on an arched bridge beneath swirling dark clouds, with a floating supernatural figure above, bold outlines, muted colors, and a dramatic atmosphere."
track1_0545,generic_artwork,caption_content,free_crop_allowed | aspect_variation_allowed | style_variation_allowed,caption-led subject | medium-appropriate composition | avoid batch template,generic_artwork_surface,"[{""confidence"": 1.0, ""guard_notes"": [], ""guard_status"": ""rule"", ""height"": 1024, ""label"": ""square_artwork"", ""prompt_directive"": ""Use a balanced square artwork canvas only when the caption does not imply a poster, scroll, spread, or panel format."", ""reason"": """", ""source"": ""rule"", ""width"": 1024}]",aas_safe | reference_style | fid_diverse,"An Early Renaissance hellscape with burning ruins, rocky cliffs, strange monstrous creatures, tiny tormented figures, and a dark smoky palette creating a mysterious and dramatic atmosphere."
track1_0551,generic_artwork,caption_content,free_crop_allowed | aspect_variation_allowed | style_variation_allowed,caption-led subject | medium-appropriate composition | avoid batch template,painting_or_brushwork_surface,"[{""confidence"": 1.0, ""guard_notes"": [], ""guard_status"": ""rule"", ""height"": 1024, ""label"": ""square_artwork"", ""prompt_directive"": ""Use a balanced square artwork canvas only when the caption does not imply a poster, scroll, spread, or panel format."", ""reason"": """", ""source"": ""rule"", ""width"": 1024}]",aas_safe | reference_style | fid_diverse,"Ink and wash painting of a serene misty mountain landscape with clustered trees, small rural rooftops, soft sepia washes, delicate brushwork, and an aged paper texture."
track1_0552,generic_artwork,caption_content,free_crop_allowed | aspect_variation_allowed | style_variation_allowed,caption-led subject | medium-appropriate composition | avoid batch template,painting_or_brushwork_surface,"[{""confidence"": 1.0, ""guard_notes"": [], ""guard_status"": ""rule"", ""height"": 1024, ""label"": ""square_artwork"", ""prompt_directive"": ""Use a balanced square artwork canvas only when the caption does not imply a poster, scroll, spread, or panel format."", ""reason"": """", ""source"": ""rule"", ""width"": 1024}]",aas_safe | reference_style | fid_diverse,"Ink and wash painting of a serene riverside village with boats, trees, distant mountains, and small figures, rendered in muted sepia tones with delicate brushwork."
track1_0555,generic_artwork,caption_content,free_crop_allowed | aspect_variation_allowed | style_variation_allowed,caption-led subject | medium-appropriate composition | avoid batch template,generic_artwork_surface,"[{""confidence"": 1.0, ""guard_notes"": [], ""guard_status"": ""rule"", ""height"": 1024, ""label"": ""square_artwork"", ""prompt_directive"": ""Use a balanced square artwork canvas only when the caption does not imply a poster, scroll, spread, or panel format."", ""reason"": """", ""source"": ""rule"", ""width"": 1024}]",aas_safe | reference_style | fid_diverse,"A serene Gongbi landscape with towering blue-green mountains, winding paths, pine trees, small figures, and temple-like buildings rendered with fine linework and a muted earthy palette."
track1_0567,generic_artwork,caption_content,free_crop_allowed | aspect_variation_allowed | style_variation_allowed,caption-led subject | medium-appropriate composition | avoid batch template,painting_or_brushwork_surface,"[{""confidence"": 1.0, ""guard_notes"": [], ""guard_status"": ""rule"", ""height"": 1024, ""label"": ""square_artwork"", ""prompt_directive"": ""Use a balanced square artwork canvas only when the caption does not imply a poster, scroll, spread, or panel format."", ""reason"": """", ""source"": ""rule"", ""width"": 1024}]",aas_safe | reference_style | fid_diverse,"Ink and wash painting of a serene mountain landscape with misty hills, sparse pine trees, rocky cliffs, and a small pavilion, rendered with delicate brushwork and a muted monochrome palette."
track1_0571,generic_artwork,caption_content,free_crop_allowed | aspect_variation_allowed | style_variation_allowed,caption-led subject | medium-appropriate composition | avoid batch template,generic_artwork_surface,"[{""confidence"": 1.0, ""guard_notes"": [], ""guard_status"": ""rule"", ""height"": 1024, ""label"": ""square_artwork"", ""prompt_directive"": ""Use a balanced square artwork canvas only when the caption does not imply a poster, scroll, spread, or panel format."", ""reason"": """", ""source"": ""rule"", ""width"": 1024}]",aas_safe | reference_style | fid_diverse,"A Gongbi-style court ceremony with a robed dignitary seated on palace steps, attendants kneeling and bowing below, rendered with precise linework, delicate architectural details, and muted traditional colors."
track1_0573,generic_artwork,caption_content,free_crop_allowed | aspect_variation_allowed | style_variation_allowed,caption-led subject | medium-appropriate composition | avoid batch template,generic_artwork_surface,"[{""confidence"": 1.0, ""guard_notes"": [], ""guard_status"": ""rule"", ""height"": 1024, ""label"": ""square_artwork"", ""prompt_directive"": ""Use a balanced square artwork canvas only when the caption does not imply a poster, scroll, spread, or panel format."", ""reason"": """", ""source"": ""rule"", ""width"": 1024}]",aas_safe | reference_style | fid_diverse,"Ukiyo-e woodblock print of a muscular sumo wrestler standing before spectators with a robed attendant, bamboo and trees at the side, distant hills, and flowing banners above, rendered with fine outlines and a muted pastel palette."
track1_0634,generic_artwork,caption_content,free_crop_allowed | aspect_variation_allowed | style_variation_allowed,caption-led subject | medium-appropriate composition | avoid batch template,generic_artwork_surface,"[{""confidence"": 1.0, ""guard_notes"": [], ""guard_status"": ""rule"", ""height"": 1024, ""label"": ""square_artwork"", ""prompt_directive"": ""Use a balanced square artwork canvas only when the caption does not imply a poster, scroll, spread, or panel format."", ""reason"": """", ""source"": ""rule"", ""width"": 1024}]",aas_safe | reference_style | fid_diverse,"Ukiyo-e scene of two kimono-clad women around a wooden balcony and garden, with delicate linework, muted colors, pine branches, and a hanging lantern creating a serene domestic atmosphere."
track1_0659,generic_artwork,caption_content,free_crop_allowed | aspect_variation_allowed | style_variation_allowed,caption-led subject | medium-appropriate composition | avoid batch template,generic_artwork_surface,"[{""confidence"": 1.0, ""guard_notes"": [], ""guard_status"": ""rule"", ""height"": 1024, ""label"": ""square_artwork"", ""prompt_directive"": ""Use a balanced square artwork canvas only when the caption does not imply a poster, scroll, spread, or panel format."", ""reason"": """", ""source"": ""rule"", ""width"": 1024}]",aas_safe | reference_style | fid_diverse,"Ukiyo-e woodblock print of three elegantly dressed figures walking in diagonal rain, with a large patterned parasol, delicate linework, muted colors, and a calm street scene atmosphere."
track1_0663,commemorative_medal_institution,caption_content,free_crop_allowed | aspect_variation_allowed | style_variation_allowed,medal ribbon | institutional emblem | anniversary composition,generic_artwork_surface,"[{""confidence"": 1.0, ""guard_notes"": [], ""guard_status"": ""rule"", ""height"": 1024, ""label"": ""square_artwork"", ""prompt_directive"": ""Use a balanced square artwork canvas only when the caption does not imply a poster, scroll, spread, or panel format."", ""reason"": """", ""source"": ""rule"", ""width"": 1024}]",aas_safe | reference_style | fid_diverse,"Two elaborately dressed foreign figures stand on a warm silk-toned background in a Gongbi style, with fine linework, muted mineral colors, flowing ribbons, and a calm ceremonial atmosphere."
track1_0666,generic_artwork,caption_content,free_crop_allowed | aspect_variation_allowed | style_variation_allowed,caption-led subject | medium-appropriate composition | avoid batch template,generic_artwork_surface,"[{""confidence"": 1.0, ""guard_notes"": [], ""guard_status"": ""rule"", ""height"": 1024, ""label"": ""square_artwork"", ""prompt_directive"": ""Use a balanced square artwork canvas only when the caption does not imply a poster, scroll, spread, or panel format."", ""reason"": """", ""source"": ""rule"", ""width"": 1024}]",aas_safe | reference_style | fid_diverse,"Ukiyo-e style night harbor scene with turquoise water, many small boats, a long bridge or pier, waterfront buildings, and a large pink firework glowing against the dark sky."
track1_0677,generic_artwork,caption_content,free_crop_allowed | aspect_variation_allowed | style_variation_allowed,caption-led subject | medium-appropriate composition | avoid batch template,generic_artwork_surface,"[{""confidence"": 1.0, ""guard_notes"": [], ""guard_status"": ""rule"", ""height"": 1024, ""label"": ""square_artwork"", ""prompt_directive"": ""Use a balanced square artwork canvas only when the caption does not imply a poster, scroll, spread, or panel format."", ""reason"": """", ""source"": ""rule"", ""width"": 1024}]",aas_safe | reference_style | fid_diverse,"Abstract monochrome composition of layered organic forms and vertical marks with rough brushstrokes, grainy texture, and a muted black, gray, and white palette."
track1_0689,generic_artwork,caption_content,free_crop_allowed | aspect_variation_allowed | style_variation_allowed,caption-led subject | medium-appropriate composition | avoid batch template,generic_artwork_surface,"[{""confidence"": 1.0, ""guard_notes"": [], ""guard_status"": ""rule"", ""height"": 1024, ""label"": ""square_artwork"", ""prompt_directive"": ""Use a balanced square artwork canvas only when the caption does not imply a poster, scroll, spread, or panel format."", ""reason"": """", ""source"": ""rule"", ""width"": 1024}]",aas_safe | reference_style | fid_diverse,"A Baroque interior view of a vast domed rotunda with a coffered ceiling, open oculus, grand columns, patterned floor, and small groups of elegantly dressed figures under dramatic light and shadow."
track1_0700,generic_artwork,caption_content,free_crop_allowed | aspect_variation_allowed | style_variation_allowed,caption-led subject | medium-appropriate composition | avoid batch template,generic_artwork_surface,"[{""confidence"": 1.0, ""guard_notes"": [], ""guard_status"": ""rule"", ""height"": 1024, ""label"": ""square_artwork"", ""prompt_directive"": ""Use a balanced square artwork canvas only when the caption does not imply a poster, scroll, spread, or panel format."", ""reason"": """", ""source"": ""rule"", ""width"": 1024}]",aas_safe | reference_style | fid_diverse,"Ukiyo-e style scene of elegantly dressed women standing by a riverside harbor with boats, distant houses, soft muted colors, fine linework, and a calm atmosphere."
track1_0701,generic_artwork,caption_content,free_crop_allowed | aspect_variation_allowed | style_variation_allowed,caption-led subject | medium-appropriate composition | avoid batch template,generic_artwork_surface,"[{""confidence"": 1.0, ""guard_notes"": [], ""guard_status"": ""rule"", ""height"": 1024, ""label"": ""square_artwork"", ""prompt_directive"": ""Use a balanced square artwork canvas only when the caption does not imply a poster, scroll, spread, or panel format."", ""reason"": """", ""source"": ""rule"", ""width"": 1024}]",aas_safe | reference_style | fid_diverse,"A Gongbi botanical composition of two pale peaches, green leaves, white daisies, and an orange lily-like flower on aged paper, rendered with fine linework and soft muted colors."
track1_0738,generic_artwork,caption_content,free_crop_allowed | aspect_variation_allowed | style_variation_allowed,caption-led subject | medium-appropriate composition | avoid batch template,generic_artwork_surface,"[{""confidence"": 1.0, ""guard_notes"": [], ""guard_status"": ""rule"", ""height"": 1024, ""label"": ""square_artwork"", ""prompt_directive"": ""Use a balanced square artwork canvas only when the caption does not imply a poster, scroll, spread, or panel format."", ""reason"": """", ""source"": ""rule"", ""width"": 1024}]",aas_safe | reference_style | fid_diverse,"Ukiyo-e style scene of elegantly dressed women in patterned kimonos gathered on a balcony by calm water, with a pink railing, muted colors, fine linework, and a pine branch in the background."
track1_0740,generic_artwork,caption_content,free_crop_allowed | aspect_variation_allowed | style_variation_allowed,caption-led subject | medium-appropriate composition | avoid batch template,generic_artwork_surface,"[{""confidence"": 1.0, ""guard_notes"": [], ""guard_status"": ""rule"", ""height"": 1024, ""label"": ""square_artwork"", ""prompt_directive"": ""Use a balanced square artwork canvas only when the caption does not imply a poster, scroll, spread, or panel format."", ""reason"": """", ""source"": ""rule"", ""width"": 1024}]",aas_safe | reference_style | fid_diverse,"A Gongbi painting of robed figures gathered in a dim interior, rendered with fine controlled linework, muted earth tones, and a solemn, aged atmosphere."
track1_0741,generic_artwork,caption_content,free_crop_allowed | aspect_variation_allowed | style_variation_allowed,caption-led subject | medium-appropriate composition | avoid batch template,generic_artwork_surface,"[{""confidence"": 1.0, ""guard_notes"": [], ""guard_status"": ""rule"", ""height"": 1024, ""label"": ""square_artwork"", ""prompt_directive"": ""Use a balanced square artwork canvas only when the caption does not imply a poster, scroll, spread, or panel format."", ""reason"": """", ""source"": ""rule"", ""width"": 1024}]",aas_safe | reference_style | fid_diverse,"A Baroque portrait of a nobleman in polished black armor with a lace collar, golden sash, patterned cloak, and one hand resting on a cane against a cloudy background, rendered with dramatic light and shadow and a rich dark palette."
track1_0767,generic_artwork,caption_content,free_crop_allowed | aspect_variation_allowed | style_variation_allowed,caption-led subject | medium-appropriate composition | avoid batch template,generic_artwork_surface,"[{""confidence"": 1.0, ""guard_notes"": [], ""guard_status"": ""rule"", ""height"": 1024, ""label"": ""square_artwork"", ""prompt_directive"": ""Use a balanced square artwork canvas only when the caption does not imply a poster, scroll, spread, or panel format."", ""reason"": """", ""source"": ""rule"", ""width"": 1024}]",aas_safe | reference_style | fid_diverse,"Abstract charcoal composition of geometric architectural forms, arches, and box-like shapes rendered with dense hatching, dark tonal contrasts, and a muted beige paper background."
track1_0774,generic_artwork,caption_content,free_crop_allowed | aspect_variation_allowed | style_variation_allowed,caption-led subject | medium-appropriate composition | avoid batch template,generic_artwork_surface,"[{""confidence"": 1.0, ""guard_notes"": [], ""guard_status"": ""rule"", ""height"": 1024, ""label"": ""square_artwork"", ""prompt_directive"": ""Use a balanced square artwork canvas only when the caption does not imply a poster, scroll, spread, or panel format."", ""reason"": """", ""source"": ""rule"", ""width"": 1024}]",aas_safe | reference_style | fid_diverse,"Abstract composition on aged beige paper with delicate black contour lines, floating white and yellow curved forms, dark triangular shapes, red linear accents, and a sparse mysterious atmosphere."
track1_0783,generic_artwork,caption_content,free_crop_allowed | aspect_variation_allowed | style_variation_allowed,caption-led subject | medium-appropriate composition | avoid batch template,generic_artwork_surface,"[{""confidence"": 1.0, ""guard_notes"": [], ""guard_status"": ""rule"", ""height"": 1024, ""label"": ""square_artwork"", ""prompt_directive"": ""Use a balanced square artwork canvas only when the caption does not imply a poster, scroll, spread, or panel format."", ""reason"": """", ""source"": ""rule"", ""width"": 1024}]",aas_safe | reference_style | fid_diverse,"Abstract composition of sweeping colored arcs and bold black calligraphic brushstrokes on a pale background, with red, blue, green, and black forms creating a dynamic graphic balance."
track1_0789,generic_artwork,caption_content,free_crop_allowed | aspect_variation_allowed | style_variation_allowed,caption-led subject | medium-appropriate composition | avoid batch template,generic_artwork_surface,"[{""confidence"": 1.0, ""guard_notes"": [], ""guard_status"": ""rule"", ""height"": 1024, ""label"": ""square_artwork"", ""prompt_directive"": ""Use a balanced square artwork canvas only when the caption does not imply a poster, scroll, spread, or panel format."", ""reason"": """", ""source"": ""rule"", ""width"": 1024}]",aas_safe | reference_style | fid_diverse,"Ukiyo-e scene of elegantly dressed Japanese figures in patterned kimonos, including a tall woman with flowing black hair and a crouching attendant, rendered with delicate linework, muted pink and black tones, and an aged paper texture."
track1_0791,generic_artwork,caption_content,free_crop_allowed | aspect_variation_allowed | style_variation_allowed,caption-led subject | medium-appropriate composition | avoid batch template,generic_artwork_surface,"[{""confidence"": 1.0, ""guard_notes"": [], ""guard_status"": ""rule"", ""height"": 1024, ""label"": ""square_artwork"", ""prompt_directive"": ""Use a balanced square artwork canvas only when the caption does not imply a poster, scroll, spread, or panel format."", ""reason"": """", ""source"": ""rule"", ""width"": 1024}]",aas_safe | reference_style | fid_diverse,"Ukiyo-e style scene of three women in ornate patterned kimonos gathered around a large white draped form, with delicate linework, muted colors, and a calm, elegant composition."
track1_0793,generic_artwork,caption_content,free_crop_allowed | aspect_variation_allowed | style_variation_allowed,caption-led subject | medium-appropriate composition | avoid batch template,generic_artwork_surface,"[{""confidence"": 1.0, ""guard_notes"": [], ""guard_status"": ""rule"", ""height"": 1024, ""label"": ""square_artwork"", ""prompt_directive"": ""Use a balanced square artwork canvas only when the caption does not imply a poster, scroll, spread, or panel format."", ""reason"": """", ""source"": ""rule"", ""width"": 1024}]",aas_safe | reference_style | fid_diverse,"Ukiyo-e landscape of a calm blue river with small boats, birds on the water, distant hills and village rooftops, and a tall pale plume rising from the foreground, rendered with flat color blocks and delicate linework."
track1_0796,generic_artwork,caption_content,free_crop_allowed | aspect_variation_allowed | style_variation_allowed,caption-led subject | medium-appropriate composition | avoid batch template,generic_artwork_surface,"[{""confidence"": 1.0, ""guard_notes"": [], ""guard_status"": ""rule"", ""height"": 1024, ""label"": ""square_artwork"", ""prompt_directive"": ""Use a balanced square artwork canvas only when the caption does not imply a poster, scroll, spread, or panel format."", ""reason"": """", ""source"": ""rule"", ""width"": 1024}]",aas_safe | reference_style | fid_diverse,"A Baroque still life of hunted game with a hanging white swan, hare, fish, and birds against a dark background, rendered with dramatic chiaroscuro and rich earthy tones."
track1_0813,generic_artwork,caption_content,free_crop_allowed | aspect_variation_allowed | style_variation_allowed,caption-led subject | medium-appropriate composition | avoid batch template,generic_artwork_surface,"[{""confidence"": 1.0, ""guard_notes"": [], ""guard_status"": ""rule"", ""height"": 1024, ""label"": ""square_artwork"", ""prompt_directive"": ""Use a balanced square artwork canvas only when the caption does not imply a poster, scroll, spread, or panel format."", ""reason"": """", ""source"": ""rule"", ""width"": 1024}]",aas_safe | reference_style | fid_diverse,"Ukiyo-e scene of fishermen on rocky shore pulling lines beside a calm blue sea, with a curved boat, distant sailboats, delicate linework, and a serene coastal atmosphere."
track1_0830,generic_artwork,caption_content,free_crop_allowed | aspect_variation_allowed | style_variation_allowed,caption-led subject | medium-appropriate composition | avoid batch template,generic_artwork_surface,"[{""confidence"": 1.0, ""guard_notes"": [], ""guard_status"": ""rule"", ""height"": 1024, ""label"": ""square_artwork"", ""prompt_directive"": ""Use a balanced square artwork canvas only when the caption does not imply a poster, scroll, spread, or panel format."", ""reason"": """", ""source"": ""rule"", ""width"": 1024}]",aas_safe | reference_style | fid_diverse,"Ukiyo-e landscape of a serene spring countryside with blooming cherry trees, layered fields, village rooftops, distant water, and delicate linework in a muted pastel color palette."
track1_0835,generic_artwork,caption_content,free_crop_allowed | aspect_variation_allowed | style_variation_allowed,caption-led subject | medium-appropriate composition | avoid batch template,generic_artwork_surface,"[{""confidence"": 1.0, ""guard_notes"": [], ""guard_status"": ""rule"", ""height"": 1024, ""label"": ""square_artwork"", ""prompt_directive"": ""Use a balanced square artwork canvas only when the caption does not imply a poster, scroll, spread, or panel format."", ""reason"": """", ""source"": ""rule"", ""width"": 1024}]",aas_safe | reference_style | fid_diverse,"Early Renaissance painting of a kneeling Madonna in a deep blue-green cloak praying over an infant lying on cloth, set before ruined stone architecture with a distant walled town and river, using precise linework, muted colors, and a serene devotional mood."
track1_0847,generic_artwork,caption_content,free_crop_allowed | aspect_variation_allowed | style_variation_allowed,caption-led subject | medium-appropriate composition | avoid batch template,painting_or_brushwork_surface,"[{""confidence"": 1.0, ""guard_notes"": [], ""guard_status"": ""rule"", ""height"": 1024, ""label"": ""square_artwork"", ""prompt_directive"": ""Use a balanced square artwork canvas only when the caption does not imply a poster, scroll, spread, or panel format."", ""reason"": """", ""source"": ""rule"", ""width"": 1024}]",aas_safe | reference_style | fid_diverse,"Ink and wash painting of a misty mountainous landscape with dense trees, layered cliffs, soft monochrome brushwork, and an aged, subdued texture."
track1_0850,generic_artwork,caption_content,free_crop_allowed | aspect_variation_allowed | style_variation_allowed,caption-led subject | medium-appropriate composition | avoid batch template,generic_artwork_surface,"[{""confidence"": 1.0, ""guard_notes"": [], ""guard_status"": ""rule"", ""height"": 1024, ""label"": ""square_artwork"", ""prompt_directive"": ""Use a balanced square artwork canvas only when the caption does not imply a poster, scroll, spread, or panel format."", ""reason"": """", ""source"": ""rule"", ""width"": 1024}]",aas_safe | reference_style | fid_diverse,"A serene Gongbi landscape with distant green mountains, riverside villages, boats, clustered trees, and blue-green scholar rocks rendered in fine linework and muted colors on silk."
track1_0851,generic_artwork,caption_content,free_crop_allowed | aspect_variation_allowed | style_variation_allowed,caption-led subject | medium-appropriate composition | avoid batch template,painting_or_brushwork_surface,"[{""confidence"": 1.0, ""guard_notes"": [], ""guard_status"": ""rule"", ""height"": 1024, ""label"": ""square_artwork"", ""prompt_directive"": ""Use a balanced square artwork canvas only when the caption does not imply a poster, scroll, spread, or panel format."", ""reason"": """", ""source"": ""rule"", ""width"": 1024}]",aas_safe | reference_style | fid_diverse,"Ink and wash painting of a serene mountainous landscape with misty peaks, clustered trees, small houses, winding paths, and delicate brushwork in a muted monochrome palette with subtle warm accents."
track1_0855,generic_artwork,caption_content,free_crop_allowed | aspect_variation_allowed | style_variation_allowed,caption-led subject | medium-appropriate composition | avoid batch template,painting_or_brushwork_surface,"[{""confidence"": 1.0, ""guard_notes"": [], ""guard_status"": ""rule"", ""height"": 1024, ""label"": ""square_artwork"", ""prompt_directive"": ""Use a balanced square artwork canvas only when the caption does not imply a poster, scroll, spread, or panel format."", ""reason"": """", ""source"": ""rule"", ""width"": 1024}]",aas_safe | reference_style | fid_diverse,"Ukiyo-e woodblock landscape of a snow-covered mountain pass with small travelers on a steep winding path, pine trees, a cliffside hut, muted ink lines, and a soft red horizon glow."
track1_0860,generic_artwork,caption_content,free_crop_allowed | aspect_variation_allowed | style_variation_allowed,caption-led subject | medium-appropriate composition | avoid batch template,generic_artwork_surface,"[{""confidence"": 1.0, ""guard_notes"": [], ""guard_status"": ""rule"", ""height"": 1024, ""label"": ""square_artwork"", ""prompt_directive"": ""Use a balanced square artwork canvas only when the caption does not imply a poster, scroll, spread, or panel format."", ""reason"": """", ""source"": ""rule"", ""width"": 1024}]",aas_safe | reference_style | fid_diverse,"An impressionism painting of a quiet canal beside tall brick waterfront buildings, with a small bridge, moored boat, soft hazy light, and shimmering reflections on the water."
track1_0890,generic_artwork,caption_content,free_crop_allowed | aspect_variation_allowed | style_variation_allowed,caption-led subject | medium-appropriate composition | avoid batch template,generic_artwork_surface,"[{""confidence"": 1.0, ""guard_notes"": [], ""guard_status"": ""rule"", ""height"": 1024, ""label"": ""square_artwork"", ""prompt_directive"": ""Use a balanced square artwork canvas only when the caption does not imply a poster, scroll, spread, or panel format."", ""reason"": """", ""source"": ""rule"", ""width"": 1024}]",aas_safe | reference_style | fid_diverse,"A Ukiyo-e landscape of a winding blue river with small boats, grassy banks, pine and willow trees, and distant huts, rendered with bold outlines and a muted green and blue palette."
track1_0911,generic_artwork,caption_content,free_crop_allowed | aspect_variation_allowed | style_variation_allowed,caption-led subject | medium-appropriate composition | avoid batch template,painting_or_brushwork_surface,"[{""confidence"": 1.0, ""guard_notes"": [], ""guard_status"": ""rule"", ""height"": 1024, ""label"": ""square_artwork"", ""prompt_directive"": ""Use a balanced square artwork canvas only when the caption does not imply a poster, scroll, spread, or panel format."", ""reason"": """", ""source"": ""rule"", ""width"": 1024}]",aas_safe | reference_style | fid_diverse,"Ukiyo-e print of fierce warriors in flowing robes, one gripping a sword beneath curling flames, rendered in a vertical composition with fine ink lines and muted tan, orange, and black tones."
track1_0912,generic_artwork,caption_content,free_crop_allowed | aspect_variation_allowed | style_variation_allowed,caption-led subject | medium-appropriate composition | avoid batch template,generic_artwork_surface,"[{""confidence"": 1.0, ""guard_notes"": [], ""guard_status"": ""rule"", ""height"": 1024, ""label"": ""square_artwork"", ""prompt_directive"": ""Use a balanced square artwork canvas only when the caption does not imply a poster, scroll, spread, or panel format."", ""reason"": """", ""source"": ""rule"", ""width"": 1024}]",aas_safe | reference_style | fid_diverse,"A dramatic Baroque scene of robed figures restraining a blindfolded winged youth on the ground, with scattered arrows, a dark helmet, a dove, and a chariot wheel under strong chiaroscuro lighting."
track1_0943,scroll_album_paper_support,caption_content | support_surface_required,preserve_support_aspect | medium_texture_variation_allowed | viewpoint_variation_allowed,visible paper support | folds or ruled grid | album or scroll framing,scroll_or_album_paper_support | painting_or_brushwork_surface,"[{""confidence"": 1.0, ""guard_notes"": [], ""guard_status"": ""rule"", ""height"": 1024, ""label"": ""square_artwork"", ""prompt_directive"": ""Use a balanced square artwork canvas only when the caption does not imply a poster, scroll, spread, or panel format."", ""reason"": """", ""source"": ""rule"", ""width"": 1024}]",aas_safe | reference_style | fid_diverse,"Ink and wash painting on an open antique album page, featuring two sepia-toned panels with a misty mountain landscape and wind-bent trees on the left, and a quiet scene with a grazing animal, small figure, and bare branches on the right."
track1_0967,generic_artwork,caption_content,free_crop_allowed | aspect_variation_allowed | style_variation_allowed,caption-led subject | medium-appropriate composition | avoid batch template,painting_or_brushwork_surface,"[{""confidence"": 1.0, ""guard_notes"": [], ""guard_status"": ""rule"", ""height"": 1024, ""label"": ""square_artwork"", ""prompt_directive"": ""Use a balanced square artwork canvas only when the caption does not imply a poster, scroll, spread, or panel format."", ""reason"": """", ""source"": ""rule"", ""width"": 1024}]",aas_safe | reference_style | fid_diverse,"Ink and wash painting of a tranquil bamboo grove with a winding stream, small rocks, and a lone seated figure, rendered in delicate brushwork on a warm brown ground with a calm, sparse composition."
track1_0976,generic_artwork,caption_content,free_crop_allowed | aspect_variation_allowed | style_variation_allowed,caption-led subject | medium-appropriate composition | avoid batch template,painting_or_brushwork_surface,"[{""confidence"": 1.0, ""guard_notes"": [], ""guard_status"": ""rule"", ""height"": 1024, ""label"": ""square_artwork"", ""prompt_directive"": ""Use a balanced square artwork canvas only when the caption does not imply a poster, scroll, spread, or panel format."", ""reason"": """", ""source"": ""rule"", ""width"": 1024}]",aas_safe | reference_style | fid_diverse,"Abstract watercolor and ink composition with layered brown mask-like forms, a red and blue zigzag band, green washes, and bold black organic shapes in a loose, textured arrangement."
track1_0977,scroll_album_paper_support,caption_content | support_surface_required,preserve_support_aspect | medium_texture_variation_allowed | viewpoint_variation_allowed,battlefield depth | armored vehicle | mounted movement | infantry group,scroll_or_album_paper_support | painting_or_brushwork_surface,"[{""confidence"": 1.0, ""guard_notes"": [], ""guard_status"": ""rule"", ""height"": 1024, ""label"": ""square_artwork"", ""prompt_directive"": ""Use a balanced square artwork canvas only when the caption does not imply a poster, scroll, spread, or panel format."", ""reason"": """", ""source"": ""rule"", ""width"": 1024}]",aas_safe | reference_style | fid_diverse,"Ink and wash painting of two small mounted landscape scenes on a pale album page, featuring misty hills, trees, riverbanks, and subdued earthy tones with delicate brushwork."
track1_0184,generic_artwork,caption_content,free_crop_allowed | aspect_variation_allowed | style_variation_allowed,caption-led subject | medium-appropriate composition | avoid batch template,generic_artwork_surface,"[{""confidence"": 1.0, ""guard_notes"": [], ""guard_status"": ""rule"", ""height"": 1024, ""label"": ""square_artwork"", ""prompt_directive"": ""Use a balanced square artwork canvas only when the caption does not imply a poster, scroll, spread, or panel format."", ""reason"": """", ""source"": ""rule"", ""width"": 1024}]",aas_safe | reference_style | fid_diverse,"Abstract pencil sketch on beige paper with sparse vertical lines, angular geometric forms, and soft graphite texture suggesting a fragmented architectural composition."
track1_0208,generic_artwork,caption_content,free_crop_allowed | aspect_variation_allowed | style_variation_allowed,caption-led subject | medium-appropriate composition | avoid batch template,generic_artwork_surface,"[{""confidence"": 1.0, ""guard_notes"": [], ""guard_status"": ""rule"", ""height"": 1024, ""label"": ""square_artwork"", ""prompt_directive"": ""Use a balanced square artwork canvas only when the caption does not imply a poster, scroll, spread, or panel format."", ""reason"": """", ""source"": ""rule"", ""width"": 1024}]",aas_safe | reference_style | fid_diverse,"Abstract pencil sketch on a cream sketchbook page with scattered geometric lines, gestural marks, faint symbols, and a loose asymmetrical composition."
track1_0375,generic_artwork,caption_content,free_crop_allowed | aspect_variation_allowed | style_variation_allowed,caption-led subject | medium-appropriate composition | avoid batch template,generic_artwork_surface,"[{""confidence"": 1.0, ""guard_notes"": [], ""guard_status"": ""rule"", ""height"": 1024, ""label"": ""square_artwork"", ""prompt_directive"": ""Use a balanced square artwork canvas only when the caption does not imply a poster, scroll, spread, or panel format."", ""reason"": """", ""source"": ""rule"", ""width"": 1024}]",aas_safe | reference_style | fid_diverse,"Abstract pencil sketch on beige paper with sparse angular lines, faint arcs, and delicate graphite textures forming a minimalist geometric composition."
track1_0539,scroll_album_paper_support,caption_content | support_surface_required,preserve_support_aspect | medium_texture_variation_allowed | viewpoint_variation_allowed,visible paper support | folds or ruled grid | album or scroll framing,scroll_or_album_paper_support | painting_or_brushwork_surface,"[{""confidence"": 1.0, ""guard_notes"": [], ""guard_status"": ""rule"", ""height"": 768, ""label"": ""album_spread"", ""prompt_directive"": ""Use a landscape album-spread canvas; keep the page structure visible and front-facing."", ""reason"": """", ""source"": ""rule"", ""width"": 1024}]",aas_safe | reference_style | fid_diverse,"Ink and wash painting of a beige album spread with two dark landscape panels, featuring a small pavilion among trees and distant mountains with subdued tones and delicate brushwork."
track1_0730,generic_artwork,caption_content,free_crop_allowed | aspect_variation_allowed | style_variation_allowed,caption-led subject | medium-appropriate composition | avoid batch template,painting_or_brushwork_surface,"[{""confidence"": 1.0, ""guard_notes"": [], ""guard_status"": ""rule"", ""height"": 1024, ""label"": ""square_artwork"", ""prompt_directive"": ""Use a balanced square artwork canvas only when the caption does not imply a poster, scroll, spread, or panel format."", ""reason"": """", ""source"": ""rule"", ""width"": 1024}]",aas_safe | reference_style | fid_diverse,"Abstract watercolor composition with flowing pastel washes, looping charcoal and red lines, a small flower-like form, and soft blue-green textures suggesting a dreamlike landscape."
track1_0906,scroll_album_paper_support,caption_content | support_surface_required,preserve_support_aspect | medium_texture_variation_allowed | viewpoint_variation_allowed,visible paper support | folds or ruled grid | album or scroll framing,scroll_or_album_paper_support,"[{""confidence"": 1.0, ""guard_notes"": [], ""guard_status"": ""rule"", ""height"": 768, ""label"": ""album_spread"", ""prompt_directive"": ""Use a landscape album-spread canvas; keep the page structure visible and front-facing."", ""reason"": """", ""source"": ""rule"", ""width"": 1024}]",aas_safe | reference_style | fid_diverse,"A Gongbi style album spread with two delicate paintings, one of a rocky landscape with a bare twisting tree and the other of a quiet interior scene with a seated figure, rendered in fine lines and muted earthy colors."
track1_0986,generic_artwork,caption_content,free_crop_allowed | aspect_variation_allowed | style_variation_allowed,caption-led subject | medium-appropriate composition | avoid batch template,generic_artwork_surface,"[{""confidence"": 1.0, ""guard_notes"": [], ""guard_status"": ""rule"", ""height"": 1024, ""label"": ""square_artwork"", ""prompt_directive"": ""Use a balanced square artwork canvas only when the caption does not imply a poster, scroll, spread, or panel format."", ""reason"": """", ""source"": ""rule"", ""width"": 1024}]",aas_safe | reference_style | fid_diverse,"Abstract pencil drawing of a stylized face with a single eye, angular mask-like forms, looping elliptical lines, and soft gray shading on warm beige paper."
track1_0998,generic_artwork,caption_content,free_crop_allowed | aspect_variation_allowed | style_variation_allowed,caption-led subject | medium-appropriate composition | avoid batch template,generic_artwork_surface,"[{""confidence"": 1.0, ""guard_notes"": [], ""guard_status"": ""rule"", ""height"": 1024, ""label"": ""square_artwork"", ""prompt_directive"": ""Use a balanced square artwork canvas only when the caption does not imply a poster, scroll, spread, or panel format."", ""reason"": """", ""source"": ""rule"", ""width"": 1024}]",aas_safe | reference_style | fid_diverse,"Abstract pencil sketch of a fragmented interior scene with angular geometric forms, overlapping objects, loose graphite lines, and a muted beige paper texture."
track1_0006,generic_artwork,caption_content,free_crop_allowed | aspect_variation_allowed | style_variation_allowed,caption-led subject | medium-appropriate composition | avoid batch template,painting_or_brushwork_surface,"[{""confidence"": 1.0, ""guard_notes"": [], ""guard_status"": ""rule"", ""height"": 1024, ""label"": ""square_artwork"", ""prompt_directive"": ""Use a balanced square artwork canvas only when the caption does not imply a poster, scroll, spread, or panel format."", ""reason"": """", ""source"": ""rule"", ""width"": 1024}]",aas_safe | reference_style | fid_diverse,"Ink and wash painting of a fan-shaped composition with delicate wildflowers, grasses, and soft brushwork on warm beige paper, creating a calm and refined atmosphere."
track1_0007,generic_artwork,caption_content,free_crop_allowed | aspect_variation_allowed | style_variation_allowed,caption-led subject | medium-appropriate composition | avoid batch template,generic_artwork_surface,"[{""confidence"": 1.0, ""guard_notes"": [], ""guard_status"": ""rule"", ""height"": 1024, ""label"": ""square_artwork"", ""prompt_directive"": ""Use a balanced square artwork canvas only when the caption does not imply a poster, scroll, spread, or panel format."", ""reason"": """", ""source"": ""rule"", ""width"": 1024}]",aas_safe | reference_style | fid_diverse,"Abstract flowing organic forms resembling dark red and green leaves or petals curve through a vertical composition with smooth gradients, deep shadows, and a mysterious mood."
track1_0009,generic_artwork,caption_content,free_crop_allowed | aspect_variation_allowed | style_variation_allowed,caption-led subject | medium-appropriate composition | avoid batch template,generic_artwork_surface,"[{""confidence"": 1.0, ""guard_notes"": [], ""guard_status"": ""rule"", ""height"": 1024, ""label"": ""square_artwork"", ""prompt_directive"": ""Use a balanced square artwork canvas only when the caption does not imply a poster, scroll, spread, or panel format."", ""reason"": """", ""source"": ""rule"", ""width"": 1024}]",aas_safe | reference_style | fid_diverse,"A Gongbi painting of small figures gathered beneath leafy trees near rocks and a riverside fence, rendered with delicate linework, muted colors, and a calm pastoral atmosphere."
track1_0012,generic_artwork,caption_content,free_crop_allowed | aspect_variation_allowed | style_variation_allowed,caption-led subject | medium-appropriate composition | avoid batch template,generic_artwork_surface,"[{""confidence"": 1.0, ""guard_notes"": [], ""guard_status"": ""rule"", ""height"": 1024, ""label"": ""square_artwork"", ""prompt_directive"": ""Use a balanced square artwork canvas only when the caption does not imply a poster, scroll, spread, or panel format."", ""reason"": """", ""source"": ""rule"", ""width"": 1024}]",aas_safe | reference_style | fid_diverse,"Ukiyo-e style scene of a seated woman in an ornate floral kimono reading a book inside a sparse room, with delicate black linework, muted tan paper texture, and accents of red and dark blue."
track1_0013,generic_artwork,caption_content,free_crop_allowed | aspect_variation_allowed | style_variation_allowed,caption-led subject | medium-appropriate composition | avoid batch template,painting_or_brushwork_surface,"[{""confidence"": 1.0, ""guard_notes"": [], ""guard_status"": ""rule"", ""height"": 1024, ""label"": ""square_artwork"", ""prompt_directive"": ""Use a balanced square artwork canvas only when the caption does not imply a poster, scroll, spread, or panel format."", ""reason"": """", ""source"": ""rule"", ""width"": 1024}]",aas_safe | reference_style | fid_diverse,"Ink and wash painting of a serene mountainous landscape with layered cliffs, clustered trees, distant hills, and delicate monochrome brushwork on aged paper."
track1_0015,generic_artwork,caption_content,free_crop_allowed | aspect_variation_allowed | style_variation_allowed,caption-led subject | medium-appropriate composition | avoid batch template,generic_artwork_surface,"[{""confidence"": 1.0, ""guard_notes"": [], ""guard_status"": ""rule"", ""height"": 1024, ""label"": ""square_artwork"", ""prompt_directive"": ""Use a balanced square artwork canvas only when the caption does not imply a poster, scroll, spread, or panel format."", ""reason"": """", ""source"": ""rule"", ""width"": 1024}]",aas_safe | reference_style | fid_diverse,"An ornate gilded triptych in Mannerism (Late Renaissance) style featuring a crowded sacred banquet in an arched interior, flanked by detailed side panels of processions and outdoor encampments with vivid colors, elaborate drapery, and dramatic architectural framing."
track1_0017,generic_artwork,caption_content,free_crop_allowed | aspect_variation_allowed | style_variation_allowed,caption-led subject | medium-appropriate composition | avoid batch template,generic_artwork_surface,"[{""confidence"": 1.0, ""guard_notes"": [], ""guard_status"": ""rule"", ""height"": 1024, ""label"": ""square_artwork"", ""prompt_directive"": ""Use a balanced square artwork canvas only when the caption does not imply a poster, scroll, spread, or panel format."", ""reason"": """", ""source"": ""rule"", ""width"": 1024}]",aas_safe | reference_style | fid_diverse,"Ukiyo-e scene of elegantly dressed Japanese figures in patterned kimono gathered in an interior beside a decorated screen, rendered with fine linework, muted colors, and a balanced vertical composition."
track1_0018,generic_artwork,caption_content,free_crop_allowed | aspect_variation_allowed | style_variation_allowed,caption-led subject | medium-appropriate composition | avoid batch template,generic_artwork_surface,"[{""confidence"": 1.0, ""guard_notes"": [], ""guard_status"": ""rule"", ""height"": 1024, ""label"": ""square_artwork"", ""prompt_directive"": ""Use a balanced square artwork canvas only when the caption does not imply a poster, scroll, spread, or panel format."", ""reason"": """", ""source"": ""rule"", ""width"": 1024}]",aas_safe | reference_style | fid_diverse,"Abstract monochrome print with layered geometric rectangles, bold black outlines, textured speckled side panels, and a central fragmented still-life-like form in a muted gray palette."
track1_0020,generic_artwork,caption_content,free_crop_allowed | aspect_variation_allowed | style_variation_allowed,caption-led subject | medium-appropriate composition | avoid batch template,generic_artwork_surface,"[{""confidence"": 1.0, ""guard_notes"": [], ""guard_status"": ""rule"", ""height"": 1024, ""label"": ""square_artwork"", ""prompt_directive"": ""Use a balanced square artwork canvas only when the caption does not imply a poster, scroll, spread, or panel format."", ""reason"": """", ""source"": ""rule"", ""width"": 1024}]",aas_safe | reference_style | fid_diverse,"A Gongbi painting of delicate white and pink blossoms with green leaves growing from a weathered tree stump, rendered with fine outlines, muted colors, and a calm beige background."
track1_0022,generic_artwork,caption_content,free_crop_allowed | aspect_variation_allowed | style_variation_allowed,caption-led subject | medium-appropriate composition | avoid batch template,generic_artwork_surface,"[{""confidence"": 1.0, ""guard_notes"": [], ""guard_status"": ""rule"", ""height"": 1024, ""label"": ""square_artwork"", ""prompt_directive"": ""Use a balanced square artwork canvas only when the caption does not imply a poster, scroll, spread, or panel format."", ""reason"": """", ""source"": ""rule"", ""width"": 1024}]",aas_safe | reference_style | fid_diverse,"Ukiyo-e woodblock print of a long wooden bridge stretching across blue water with small boats below, distant shoreline, muted colors, and delicate linework."
track1_0024,generic_artwork,caption_content,free_crop_allowed | aspect_variation_allowed | style_variation_allowed,caption-led subject | medium-appropriate composition | avoid batch template,painting_or_brushwork_surface,"[{""confidence"": 1.0, ""guard_notes"": [], ""guard_status"": ""rule"", ""height"": 1024, ""label"": ""square_artwork"", ""prompt_directive"": ""Use a balanced square artwork canvas only when the caption does not imply a poster, scroll, spread, or panel format."", ""reason"": """", ""source"": ""rule"", ""width"": 1024}]",aas_safe | reference_style | fid_diverse,"Ink and wash painting of a serene riverside landscape with sparse winter trees, distant banks, small bridges, and a lone figure in the foreground rendered with delicate brushwork and muted tones."
track1_0027,generic_artwork,caption_content,free_crop_allowed | aspect_variation_allowed | style_variation_allowed,caption-led subject | medium-appropriate composition | avoid batch template,painting_or_brushwork_surface,"[{""confidence"": 1.0, ""guard_notes"": [], ""guard_status"": ""rule"", ""height"": 1024, ""label"": ""square_artwork"", ""prompt_directive"": ""Use a balanced square artwork canvas only when the caption does not imply a poster, scroll, spread, or panel format."", ""reason"": """", ""source"": ""rule"", ""width"": 1024}]",aas_safe | reference_style | fid_diverse,"Ink and wash painting of a dim, atmospheric landscape with dark trees and a faint distant pavilion, rendered in muted brown tones on aged paper with soft, sparse brushwork."
track1_0030,generic_artwork,caption_content,free_crop_allowed | aspect_variation_allowed | style_variation_allowed,caption-led subject | medium-appropriate composition | avoid batch template,generic_artwork_surface,"[{""confidence"": 1.0, ""guard_notes"": [], ""guard_status"": ""rule"", ""height"": 1024, ""label"": ""square_artwork"", ""prompt_directive"": ""Use a balanced square artwork canvas only when the caption does not imply a poster, scroll, spread, or panel format."", ""reason"": """", ""source"": ""rule"", ""width"": 1024}]",aas_safe | reference_style | fid_diverse,"Ukiyo-e scene of travelers in traditional robes walking through a hilly landscape with trees, distant figures on a path, and Mount Fuji in the background, rendered with delicate linework and muted earthy colors."
track1_0032,generic_artwork,caption_content,free_crop_allowed | aspect_variation_allowed | style_variation_allowed,caption-led subject | medium-appropriate composition | avoid batch template,generic_artwork_surface,"[{""confidence"": 1.0, ""guard_notes"": [], ""guard_status"": ""rule"", ""height"": 1024, ""label"": ""square_artwork"", ""prompt_directive"": ""Use a balanced square artwork canvas only when the caption does not imply a poster, scroll, spread, or panel format."", ""reason"": """", ""source"": ""rule"", ""width"": 1024}]",aas_safe | reference_style | fid_diverse,"Ukiyo-e style scene of several figures seated in a small boat near a sparse riverbank with bare trees, rendered in delicate linework and muted earthy colors with a calm atmosphere."
track1_0034,generic_artwork,caption_content,free_crop_allowed | aspect_variation_allowed | style_variation_allowed,caption-led subject | medium-appropriate composition | avoid batch template,painting_or_brushwork_surface,"[{""confidence"": 1.0, ""guard_notes"": [], ""guard_status"": ""rule"", ""height"": 1024, ""label"": ""square_artwork"", ""prompt_directive"": ""Use a balanced square artwork canvas only when the caption does not imply a poster, scroll, spread, or panel format."", ""reason"": """", ""source"": ""rule"", ""width"": 1024}]",aas_safe | reference_style | fid_diverse,"Ink and wash painting of a fan-shaped landscape with misty mountains, clustered trees, and delicate monochrome brushwork on aged paper."
track1_0035,generic_artwork,caption_content,free_crop_allowed | aspect_variation_allowed | style_variation_allowed,caption-led subject | medium-appropriate composition | avoid batch template,generic_artwork_surface,"[{""confidence"": 1.0, ""guard_notes"": [], ""guard_status"": ""rule"", ""height"": 1024, ""label"": ""square_artwork"", ""prompt_directive"": ""Use a balanced square artwork canvas only when the caption does not imply a poster, scroll, spread, or panel format."", ""reason"": """", ""source"": ""rule"", ""width"": 1024}]",aas_safe | reference_style | fid_diverse,"A Ukiyo-e winter landscape with snow-covered riverside houses, dark pine trees, small boats on calm water, and a muted blue palette with delicate linework."
track1_0037,generic_artwork,caption_content,free_crop_allowed | aspect_variation_allowed | style_variation_allowed,caption-led subject | medium-appropriate composition | avoid batch template,painting_or_brushwork_surface,"[{""confidence"": 1.0, ""guard_notes"": [], ""guard_status"": ""rule"", ""height"": 1024, ""label"": ""square_artwork"", ""prompt_directive"": ""Use a balanced square artwork canvas only when the caption does not imply a poster, scroll, spread, or panel format."", ""reason"": """", ""source"": ""rule"", ""width"": 1024}]",aas_safe | reference_style | fid_diverse,"Ink and wash painting of a serene mountain landscape with a rocky cliff, sparse trees, a small pavilion, and faint distant hills rendered in delicate monochrome brushwork on aged paper."
track1_0040,generic_artwork,caption_content,free_crop_allowed | aspect_variation_allowed | style_variation_allowed,caption-led subject | medium-appropriate composition | avoid batch template,painting_or_brushwork_surface,"[{""confidence"": 1.0, ""guard_notes"": [], ""guard_status"": ""rule"", ""height"": 1024, ""label"": ""square_artwork"", ""prompt_directive"": ""Use a balanced square artwork canvas only when the caption does not imply a poster, scroll, spread, or panel format."", ""reason"": """", ""source"": ""rule"", ""width"": 1024}]",aas_safe | reference_style | fid_diverse,"Ink and wash painting of a misty riverside landscape with distant mountains, bare trees, and a small boat, rendered in soft muted tones and delicate brushwork."
track1_0041,generic_artwork,caption_content,free_crop_allowed | aspect_variation_allowed | style_variation_allowed,caption-led subject | medium-appropriate composition | avoid batch template,generic_artwork_surface,"[{""confidence"": 1.0, ""guard_notes"": [], ""guard_status"": ""rule"", ""height"": 1024, ""label"": ""square_artwork"", ""prompt_directive"": ""Use a balanced square artwork canvas only when the caption does not imply a poster, scroll, spread, or panel format."", ""reason"": """", ""source"": ""rule"", ""width"": 1024}]",aas_safe | reference_style | fid_diverse,"Abstract monochrome close-up of overlapping ceramic bowls with soft shadows, curved rims, grainy texture, and a calm geometric composition."
track1_0043,generic_artwork,caption_content,free_crop_allowed | aspect_variation_allowed | style_variation_allowed,caption-led subject | medium-appropriate composition | avoid batch template,painting_or_brushwork_surface,"[{""confidence"": 1.0, ""guard_notes"": [], ""guard_status"": ""rule"", ""height"": 1024, ""label"": ""square_artwork"", ""prompt_directive"": ""Use a balanced square artwork canvas only when the caption does not imply a poster, scroll, spread, or panel format."", ""reason"": """", ""source"": ""rule"", ""width"": 1024}]",aas_safe | reference_style | fid_diverse,"Ukiyo-e style ink drawing of a seated robed figure surrounded by playful children and small ritual objects, rendered with delicate linework on aged sepia paper."
track1_0045,generic_artwork,caption_content,free_crop_allowed | aspect_variation_allowed | style_variation_allowed,caption-led subject | medium-appropriate composition | avoid batch template,painting_or_brushwork_surface,"[{""confidence"": 1.0, ""guard_notes"": [], ""guard_status"": ""rule"", ""height"": 1024, ""label"": ""square_artwork"", ""prompt_directive"": ""Use a balanced square artwork canvas only when the caption does not imply a poster, scroll, spread, or panel format."", ""reason"": """", ""source"": ""rule"", ""width"": 1024}]",aas_safe | reference_style | fid_diverse,"Ink and wash painting of a serene misty mountain landscape with layered hills, riverside trees, small huts, and a lone boat rendered in delicate brushwork and muted monochrome tones."
track1_0052,generic_artwork,caption_content,free_crop_allowed | aspect_variation_allowed | style_variation_allowed,caption-led subject | medium-appropriate composition | avoid batch template,generic_artwork_surface,"[{""confidence"": 1.0, ""guard_notes"": [], ""guard_status"": ""rule"", ""height"": 1024, ""label"": ""square_artwork"", ""prompt_directive"": ""Use a balanced square artwork canvas only when the caption does not imply a poster, scroll, spread, or panel format."", ""reason"": """", ""source"": ""rule"", ""width"": 1024}]",aas_safe | reference_style | fid_diverse,"Ukiyo-e print of a kimono-clad woman bending toward a small child in traditional clothing, with delicate linework, muted colors, and a pale ghostly face emerging in the background."
track1_0058,generic_artwork,caption_content,free_crop_allowed | aspect_variation_allowed | style_variation_allowed,caption-led subject | medium-appropriate composition | avoid batch template,generic_artwork_surface,"[{""confidence"": 1.0, ""guard_notes"": [], ""guard_status"": ""rule"", ""height"": 1024, ""label"": ""square_artwork"", ""prompt_directive"": ""Use a balanced square artwork canvas only when the caption does not imply a poster, scroll, spread, or panel format."", ""reason"": """", ""source"": ""rule"", ""width"": 1024}]",aas_safe | reference_style | fid_diverse,"A Ukiyo-e scene of a crowded Edo street at night, with many small figures moving between rows of traditional wooden buildings under a dark sky and muted warm colors."
track1_0059,battle_tank_cavalry,caption_content,free_crop_allowed | aspect_variation_allowed | style_variation_allowed,battlefield depth | armored vehicle | mounted movement | infantry group,generic_artwork_surface,"[{""confidence"": 1.0, ""guard_notes"": [], ""guard_status"": ""rule"", ""height"": 1024, ""label"": ""square_artwork"", ""prompt_directive"": ""Use a balanced square artwork canvas only when the caption does not imply a poster, scroll, spread, or panel format."", ""reason"": """", ""source"": ""rule"", ""width"": 1024}]",aas_safe | reference_style | fid_diverse,"A Gongbi painting of a mounted herdsman guiding a black-and-white ox beside a quiet riverbank with trees, rendered in fine linework and muted earthy tones."
track1_0066,generic_artwork,caption_content,free_crop_allowed | aspect_variation_allowed | style_variation_allowed,caption-led subject | medium-appropriate composition | avoid batch template,generic_artwork_surface,"[{""confidence"": 1.0, ""guard_notes"": [], ""guard_status"": ""rule"", ""height"": 1024, ""label"": ""square_artwork"", ""prompt_directive"": ""Use a balanced square artwork canvas only when the caption does not imply a poster, scroll, spread, or panel format."", ""reason"": """", ""source"": ""rule"", ""width"": 1024}]",aas_safe | reference_style | fid_diverse,"Ukiyo-e style scene of two elegantly dressed women in patterned kimono, one standing and one seated beside a low wooden dressing table with small cosmetic objects, rendered with fine linework and muted earthy colors."
track1_0067,generic_artwork,caption_content,free_crop_allowed | aspect_variation_allowed | style_variation_allowed,caption-led subject | medium-appropriate composition | avoid batch template,generic_artwork_surface,"[{""confidence"": 1.0, ""guard_notes"": [], ""guard_status"": ""rule"", ""height"": 1024, ""label"": ""square_artwork"", ""prompt_directive"": ""Use a balanced square artwork canvas only when the caption does not imply a poster, scroll, spread, or panel format."", ""reason"": """", ""source"": ""rule"", ""width"": 1024}]",aas_safe | reference_style | fid_diverse,"A Gongbi painting of a delicate flowering branch with small pale blossoms and red berries extending from a dark porous rock, rendered with fine lines, muted colors, and a serene traditional composition."
track1_0068,generic_artwork,caption_content,free_crop_allowed | aspect_variation_allowed | style_variation_allowed,caption-led subject | medium-appropriate composition | avoid batch template,generic_artwork_surface,"[{""confidence"": 1.0, ""guard_notes"": [], ""guard_status"": ""rule"", ""height"": 1024, ""label"": ""square_artwork"", ""prompt_directive"": ""Use a balanced square artwork canvas only when the caption does not imply a poster, scroll, spread, or panel format."", ""reason"": """", ""source"": ""rule"", ""width"": 1024}]",aas_safe | reference_style | fid_diverse,"Abstract composition of loose black calligraphic lines and biomorphic white forms over muted beige and gray washes, with subtle yellow and blue accents and a calm, airy texture."
track1_0070,generic_artwork,caption_content,free_crop_allowed | aspect_variation_allowed | style_variation_allowed,caption-led subject | medium-appropriate composition | avoid batch template,generic_artwork_surface,"[{""confidence"": 1.0, ""guard_notes"": [], ""guard_status"": ""rule"", ""height"": 1024, ""label"": ""square_artwork"", ""prompt_directive"": ""Use a balanced square artwork canvas only when the caption does not imply a poster, scroll, spread, or panel format."", ""reason"": """", ""source"": ""rule"", ""width"": 1024}]",aas_safe | reference_style | fid_diverse,"Abstract composition of looping white linear forms framing layered geometric blocks of blue, green, brown, and orange on a muted gray textured background with small calligraphic marks."
track1_0071,generic_artwork,caption_content,free_crop_allowed | aspect_variation_allowed | style_variation_allowed,caption-led subject | medium-appropriate composition | avoid batch template,generic_artwork_surface,"[{""confidence"": 1.0, ""guard_notes"": [], ""guard_status"": ""rule"", ""height"": 1024, ""label"": ""square_artwork"", ""prompt_directive"": ""Use a balanced square artwork canvas only when the caption does not imply a poster, scroll, spread, or panel format."", ""reason"": """", ""source"": ""rule"", ""width"": 1024}]",aas_safe | reference_style | fid_diverse,"Abstract black-and-white geometric composition with birdlike forms, sharp angular shapes, crosshatched textures, and bold high-contrast printmaking lines."
track1_0072,generic_artwork,caption_content,free_crop_allowed | aspect_variation_allowed | style_variation_allowed,caption-led subject | medium-appropriate composition | avoid batch template,generic_artwork_surface,"[{""confidence"": 1.0, ""guard_notes"": [], ""guard_status"": ""rule"", ""height"": 1024, ""label"": ""square_artwork"", ""prompt_directive"": ""Use a balanced square artwork canvas only when the caption does not imply a poster, scroll, spread, or panel format."", ""reason"": """", ""source"": ""rule"", ""width"": 1024}]",aas_safe | reference_style | fid_diverse,"A Gongbi-style Chinese palace court scene with robed officials on ornate terraces, tiled roofs, and precise fine-line architectural details in a calm, muted color palette."
track1_0076,generic_artwork,caption_content,free_crop_allowed | aspect_variation_allowed | style_variation_allowed,caption-led subject | medium-appropriate composition | avoid batch template,generic_artwork_surface,"[{""confidence"": 1.0, ""guard_notes"": [], ""guard_status"": ""rule"", ""height"": 1024, ""label"": ""square_artwork"", ""prompt_directive"": ""Use a balanced square artwork canvas only when the caption does not imply a poster, scroll, spread, or panel format."", ""reason"": """", ""source"": ""rule"", ""width"": 1024}]",aas_safe | reference_style | fid_diverse,"Ukiyo-e style scene of elegantly dressed figures in patterned kimono gathered on a raised platform around dishes and trays, with flowing linear water patterns and a muted pastel palette creating a calm atmosphere."
track1_0078,generic_artwork,caption_content,free_crop_allowed | aspect_variation_allowed | style_variation_allowed,caption-led subject | medium-appropriate composition | avoid batch template,generic_artwork_surface,"[{""confidence"": 1.0, ""guard_notes"": [], ""guard_status"": ""rule"", ""height"": 1024, ""label"": ""square_artwork"", ""prompt_directive"": ""Use a balanced square artwork canvas only when the caption does not imply a poster, scroll, spread, or panel format."", ""reason"": """", ""source"": ""rule"", ""width"": 1024}]",aas_safe | reference_style | fid_diverse,"Ukiyo-e style scene of three elegantly dressed figures in patterned robes standing in a garden with flowering trees, delicate linework, muted earthy colors, and a calm vertical composition."
track1_0079,generic_artwork,caption_content,free_crop_allowed | aspect_variation_allowed | style_variation_allowed,caption-led subject | medium-appropriate composition | avoid batch template,painting_or_brushwork_surface,"[{""confidence"": 1.0, ""guard_notes"": [], ""guard_status"": ""rule"", ""height"": 1024, ""label"": ""square_artwork"", ""prompt_directive"": ""Use a balanced square artwork canvas only when the caption does not imply a poster, scroll, spread, or panel format."", ""reason"": """", ""source"": ""rule"", ""width"": 1024}]",aas_safe | reference_style | fid_diverse,"Abstract composition of sparse gray and black ink-like marks, gestural strokes, small geometric fragments, and delicate lines scattered across a warm beige background with a quiet minimalist mood."
track1_0080,generic_artwork,caption_content,free_crop_allowed | aspect_variation_allowed | style_variation_allowed,caption-led subject | medium-appropriate composition | avoid batch template,generic_artwork_surface,"[{""confidence"": 1.0, ""guard_notes"": [], ""guard_status"": ""rule"", ""height"": 1024, ""label"": ""square_artwork"", ""prompt_directive"": ""Use a balanced square artwork canvas only when the caption does not imply a poster, scroll, spread, or panel format."", ""reason"": """", ""source"": ""rule"", ""width"": 1024}]",aas_safe | reference_style | fid_diverse,"Ukiyo-e style scene of two dramatic warriors grappling in richly patterned robes, with bold outlines, flat colors, and a vertical woodblock print composition."
track1_0081,generic_artwork,caption_content,free_crop_allowed | aspect_variation_allowed | style_variation_allowed,caption-led subject | medium-appropriate composition | avoid batch template,generic_artwork_surface,"[{""confidence"": 1.0, ""guard_notes"": [], ""guard_status"": ""rule"", ""height"": 1024, ""label"": ""square_artwork"", ""prompt_directive"": ""Use a balanced square artwork canvas only when the caption does not imply a poster, scroll, spread, or panel format."", ""reason"": """", ""source"": ""rule"", ""width"": 1024}]",aas_safe | reference_style | fid_diverse,"Two elegantly dressed figures in patterned kimonos sit together beside a decorated drum in an interior, rendered in Ukiyo-e style with bold black outlines, muted red and cream tones, and flat woodblock textures."
track1_0083,generic_artwork,caption_content,free_crop_allowed | aspect_variation_allowed | style_variation_allowed,caption-led subject | medium-appropriate composition | avoid batch template,generic_artwork_surface,"[{""confidence"": 1.0, ""guard_notes"": [], ""guard_status"": ""rule"", ""height"": 1024, ""label"": ""square_artwork"", ""prompt_directive"": ""Use a balanced square artwork canvas only when the caption does not imply a poster, scroll, spread, or panel format."", ""reason"": """", ""source"": ""rule"", ""width"": 1024}]",aas_safe | reference_style | fid_diverse,"An Early Renaissance architectural scene with grand marble arches, columns, sculpted reliefs, and elegantly dressed figures gathered in a solemn ceremonial setting under clear blue light."
track1_0084,generic_artwork,caption_content,free_crop_allowed | aspect_variation_allowed | style_variation_allowed,caption-led subject | medium-appropriate composition | avoid batch template,generic_artwork_surface,"[{""confidence"": 1.0, ""guard_notes"": [], ""guard_status"": ""rule"", ""height"": 1024, ""label"": ""square_artwork"", ""prompt_directive"": ""Use a balanced square artwork canvas only when the caption does not imply a poster, scroll, spread, or panel format."", ""reason"": """", ""source"": ""rule"", ""width"": 1024}]",aas_safe | reference_style | fid_diverse,"Ukiyo-e scene of numerous kimono-clad figures gathered in a traditional interior with tatami mats, screens, and wooden railings, rendered with delicate linework and a muted earthy palette."
track1_0090,generic_artwork,caption_content,free_crop_allowed | aspect_variation_allowed | style_variation_allowed,caption-led subject | medium-appropriate composition | avoid batch template,painting_or_brushwork_surface,"[{""confidence"": 1.0, ""guard_notes"": [], ""guard_status"": ""rule"", ""height"": 1024, ""label"": ""square_artwork"", ""prompt_directive"": ""Use a balanced square artwork canvas only when the caption does not imply a poster, scroll, spread, or panel format."", ""reason"": """", ""source"": ""rule"", ""width"": 1024}]",aas_safe | reference_style | fid_diverse,"Abstract watercolor composition of whimsical biomorphic forms, curling red tendrils, pale green shapes, and delicate textured brushstrokes against a soft beige and blue background."
track1_0093,generic_artwork,caption_content,free_crop_allowed | aspect_variation_allowed | style_variation_allowed,caption-led subject | medium-appropriate composition | avoid batch template,painting_or_brushwork_surface,"[{""confidence"": 1.0, ""guard_notes"": [], ""guard_status"": ""rule"", ""height"": 1024, ""label"": ""square_artwork"", ""prompt_directive"": ""Use a balanced square artwork canvas only when the caption does not imply a poster, scroll, spread, or panel format."", ""reason"": """", ""source"": ""rule"", ""width"": 1024}]",aas_safe | reference_style | fid_diverse,"Ink and wash painting of a quiet riverside landscape with small huts, bare trees, a boat on calm water, and distant hills rendered in soft sepia brushwork."
track1_0106,generic_artwork,caption_content,free_crop_allowed | aspect_variation_allowed | style_variation_allowed,caption-led subject | medium-appropriate composition | avoid batch template,generic_artwork_surface,"[{""confidence"": 1.0, ""guard_notes"": [], ""guard_status"": ""rule"", ""height"": 1024, ""label"": ""square_artwork"", ""prompt_directive"": ""Use a balanced square artwork canvas only when the caption does not imply a poster, scroll, spread, or panel format."", ""reason"": """", ""source"": ""rule"", ""width"": 1024}]",aas_safe | reference_style | fid_diverse,"Ukiyo-e scene of elegantly dressed figures in flowing kimonos gathered around theatrical props and small objects, with fine linework, muted warm colors, and a layered indoor composition."
track1_0110,generic_artwork,caption_content,free_crop_allowed | aspect_variation_allowed | style_variation_allowed,caption-led subject | medium-appropriate composition | avoid batch template,painting_or_brushwork_surface,"[{""confidence"": 1.0, ""guard_notes"": [], ""guard_status"": ""rule"", ""height"": 1024, ""label"": ""square_artwork"", ""prompt_directive"": ""Use a balanced square artwork canvas only when the caption does not imply a poster, scroll, spread, or panel format."", ""reason"": """", ""source"": ""rule"", ""width"": 1024}]",aas_safe | reference_style | fid_diverse,"Ink and wash painting of a quiet misty riverside landscape with distant hills, a leafless tree on a rocky bank, and a tiny solitary figure, rendered in subdued monochrome washes and delicate brushwork."
track1_0113,generic_artwork,caption_content,free_crop_allowed | aspect_variation_allowed | style_variation_allowed,caption-led subject | medium-appropriate composition | avoid batch template,painting_or_brushwork_surface,"[{""confidence"": 1.0, ""guard_notes"": [], ""guard_status"": ""rule"", ""height"": 1024, ""label"": ""square_artwork"", ""prompt_directive"": ""Use a balanced square artwork canvas only when the caption does not imply a poster, scroll, spread, or panel format."", ""reason"": """", ""source"": ""rule"", ""width"": 1024}]",aas_safe | reference_style | fid_diverse,"Ink and wash painting of a small riverside scene with a moored boat, a lone figure on a rocky bank, a bird nearby, and dark expressive brushstrokes forming foliage and a cliff against a muted tan background."
track1_0116,generic_artwork,caption_content,free_crop_allowed | aspect_variation_allowed | style_variation_allowed,caption-led subject | medium-appropriate composition | avoid batch template,generic_artwork_surface,"[{""confidence"": 1.0, ""guard_notes"": [], ""guard_status"": ""rule"", ""height"": 1024, ""label"": ""square_artwork"", ""prompt_directive"": ""Use a balanced square artwork canvas only when the caption does not imply a poster, scroll, spread, or panel format."", ""reason"": """", ""source"": ""rule"", ""width"": 1024}]",aas_safe | reference_style | fid_diverse,"A Ukiyo-e landscape with travelers crossing a small bridge beneath blossoming trees, distant Mount Fuji and layered blue hills rendered in delicate linework and a muted blue-green palette."
track1_0119,generic_artwork,caption_content,free_crop_allowed | aspect_variation_allowed | style_variation_allowed,caption-led subject | medium-appropriate composition | avoid batch template,generic_artwork_surface,"[{""confidence"": 1.0, ""guard_notes"": [], ""guard_status"": ""rule"", ""height"": 1024, ""label"": ""square_artwork"", ""prompt_directive"": ""Use a balanced square artwork canvas only when the caption does not imply a poster, scroll, spread, or panel format."", ""reason"": """", ""source"": ""rule"", ""width"": 1024}]",aas_safe | reference_style | fid_diverse,"A Gongbi-style dragon coils among stylized clouds on a muted golden background, rendered with delicate fine linework and intricate scale details."
track1_0120,generic_artwork,caption_content,free_crop_allowed | aspect_variation_allowed | style_variation_allowed,caption-led subject | medium-appropriate composition | avoid batch template,generic_artwork_surface,"[{""confidence"": 1.0, ""guard_notes"": [], ""guard_status"": ""rule"", ""height"": 1024, ""label"": ""square_artwork"", ""prompt_directive"": ""Use a balanced square artwork canvas only when the caption does not imply a poster, scroll, spread, or panel format."", ""reason"": """", ""source"": ""rule"", ""width"": 1024}]",aas_safe | reference_style | fid_diverse,"An Early Renaissance triptych with a central blessing Christ surrounded by solemn donor figures and family members, flanked by individual portraits in ornate painted frames with precise linework and a muted, richly detailed palette."
track1_0121,generic_artwork,caption_content,free_crop_allowed | aspect_variation_allowed | style_variation_allowed,caption-led subject | medium-appropriate composition | avoid batch template,painting_or_brushwork_surface,"[{""confidence"": 1.0, ""guard_notes"": [], ""guard_status"": ""rule"", ""height"": 1024, ""label"": ""square_artwork"", ""prompt_directive"": ""Use a balanced square artwork canvas only when the caption does not imply a poster, scroll, spread, or panel format."", ""reason"": """", ""source"": ""rule"", ""width"": 1024}]",aas_safe | reference_style | fid_diverse,"Ink and wash painting of three robed figures standing beneath a large tree in a muted, aged composition with delicate linework and a calm historical atmosphere."
track1_0123,generic_artwork,caption_content,free_crop_allowed | aspect_variation_allowed | style_variation_allowed,caption-led subject | medium-appropriate composition | avoid batch template,painting_or_brushwork_surface,"[{""confidence"": 1.0, ""guard_notes"": [], ""guard_status"": ""rule"", ""height"": 1024, ""label"": ""square_artwork"", ""prompt_directive"": ""Use a balanced square artwork canvas only when the caption does not imply a poster, scroll, spread, or panel format."", ""reason"": """", ""source"": ""rule"", ""width"": 1024}]",aas_safe | reference_style | fid_diverse,"Ink and wash painting of dark birds perched on a twisting tree branch beneath delicate hanging foliage, with expressive brushwork, sparse composition, and a calm monochrome palette."
track1_0126,generic_artwork,caption_content,free_crop_allowed | aspect_variation_allowed | style_variation_allowed,caption-led subject | medium-appropriate composition | avoid batch template,generic_artwork_surface,"[{""confidence"": 1.0, ""guard_notes"": [], ""guard_status"": ""rule"", ""height"": 1024, ""label"": ""square_artwork"", ""prompt_directive"": ""Use a balanced square artwork canvas only when the caption does not imply a poster, scroll, spread, or panel format."", ""reason"": """", ""source"": ""rule"", ""width"": 1024}]",aas_safe | reference_style | fid_diverse,"Two solemn seated court figures in ornate ceremonial robes and jeweled headdresses, painted in Gongbi style with precise fine lines, delicate facial details, and a muted gold background."
track1_0127,generic_artwork,caption_content,free_crop_allowed | aspect_variation_allowed | style_variation_allowed,caption-led subject | medium-appropriate composition | avoid batch template,generic_artwork_surface,"[{""confidence"": 1.0, ""guard_notes"": [], ""guard_status"": ""rule"", ""height"": 1024, ""label"": ""square_artwork"", ""prompt_directive"": ""Use a balanced square artwork canvas only when the caption does not imply a poster, scroll, spread, or panel format."", ""reason"": """", ""source"": ""rule"", ""width"": 1024}]",aas_safe | reference_style | fid_diverse,"Ukiyo-e scene of elegant women in patterned kimonos gathered by a riverside pavilion under draped fabric, with flat colors, delicate linework, and a calm garden landscape in the background."
track1_0129,generic_artwork,caption_content,free_crop_allowed | aspect_variation_allowed | style_variation_allowed,caption-led subject | medium-appropriate composition | avoid batch template,generic_artwork_surface,"[{""confidence"": 1.0, ""guard_notes"": [], ""guard_status"": ""rule"", ""height"": 1024, ""label"": ""square_artwork"", ""prompt_directive"": ""Use a balanced square artwork canvas only when the caption does not imply a poster, scroll, spread, or panel format."", ""reason"": """", ""source"": ""rule"", ""width"": 1024}]",aas_safe | reference_style | fid_diverse,"Ukiyo-e style portrait of two elegant women in patterned kimonos, rendered with delicate linework, muted earthy colors, and a graceful vertical composition beneath sparse foliage."
track1_0134,generic_artwork,caption_content,free_crop_allowed | aspect_variation_allowed | style_variation_allowed,caption-led subject | medium-appropriate composition | avoid batch template,generic_artwork_surface,"[{""confidence"": 1.0, ""guard_notes"": [], ""guard_status"": ""rule"", ""height"": 1024, ""label"": ""square_artwork"", ""prompt_directive"": ""Use a balanced square artwork canvas only when the caption does not imply a poster, scroll, spread, or panel format."", ""reason"": """", ""source"": ""rule"", ""width"": 1024}]",aas_safe | reference_style | fid_diverse,"A Gongbi botanical composition of a red-leaved branch beside green foliage and a pale pink flower bud, rendered with delicate linework and a muted natural color palette on aged paper."
track1_0136,generic_artwork,caption_content,free_crop_allowed | aspect_variation_allowed | style_variation_allowed,caption-led subject | medium-appropriate composition | avoid batch template,generic_artwork_surface,"[{""confidence"": 1.0, ""guard_notes"": [], ""guard_status"": ""rule"", ""height"": 1024, ""label"": ""square_artwork"", ""prompt_directive"": ""Use a balanced square artwork canvas only when the caption does not imply a poster, scroll, spread, or panel format."", ""reason"": """", ""source"": ""rule"", ""width"": 1024}]",aas_safe | reference_style | fid_diverse,"Ukiyo-e scene of two women in patterned kimonos on a veranda, one kneeling beside an open book and one standing near a red curtain overlooking a calm waterside landscape with delicate linework and muted colors."
track1_0137,generic_artwork,caption_content,free_crop_allowed | aspect_variation_allowed | style_variation_allowed,caption-led subject | medium-appropriate composition | avoid batch template,generic_artwork_surface,"[{""confidence"": 1.0, ""guard_notes"": [], ""guard_status"": ""rule"", ""height"": 1024, ""label"": ""square_artwork"", ""prompt_directive"": ""Use a balanced square artwork canvas only when the caption does not imply a poster, scroll, spread, or panel format."", ""reason"": """", ""source"": ""rule"", ""width"": 1024}]",aas_safe | reference_style | fid_diverse,"An Early Renaissance triptych with a central nativity scene beneath arched stone architecture, robed figures surrounding an infant beside an ox, and side panels showing attendants and a donkey in detailed landscapes with a rich, subdued color palette."
track1_0139,generic_artwork,caption_content,free_crop_allowed | aspect_variation_allowed | style_variation_allowed,caption-led subject | medium-appropriate composition | avoid batch template,generic_artwork_surface,"[{""confidence"": 1.0, ""guard_notes"": [], ""guard_status"": ""rule"", ""height"": 1024, ""label"": ""square_artwork"", ""prompt_directive"": ""Use a balanced square artwork canvas only when the caption does not imply a poster, scroll, spread, or panel format."", ""reason"": """", ""source"": ""rule"", ""width"": 1024}]",aas_safe | reference_style | fid_diverse,"A Gongbi painting of children playing beside a crane under a leafy tree near rocks and a misty riverside landscape, with delicate linework and soft muted colors."
track1_0142,generic_artwork,caption_content,free_crop_allowed | aspect_variation_allowed | style_variation_allowed,caption-led subject | medium-appropriate composition | avoid batch template,generic_artwork_surface,"[{""confidence"": 1.0, ""guard_notes"": [], ""guard_status"": ""rule"", ""height"": 1024, ""label"": ""square_artwork"", ""prompt_directive"": ""Use a balanced square artwork canvas only when the caption does not imply a poster, scroll, spread, or panel format."", ""reason"": """", ""source"": ""rule"", ""width"": 1024}]",aas_safe | reference_style | fid_diverse,"Ukiyo-e style samurai warriors clash with drawn swords in a dynamic diagonal composition, wearing ornate patterned armor and robes with bold outlines, flat colors, and intricate decorative textures."
track1_0147,generic_artwork,caption_content,free_crop_allowed | aspect_variation_allowed | style_variation_allowed,caption-led subject | medium-appropriate composition | avoid batch template,painting_or_brushwork_surface,"[{""confidence"": 1.0, ""guard_notes"": [], ""guard_status"": ""rule"", ""height"": 1024, ""label"": ""square_artwork"", ""prompt_directive"": ""Use a balanced square artwork canvas only when the caption does not imply a poster, scroll, spread, or panel format."", ""reason"": """", ""source"": ""rule"", ""width"": 1024}]",aas_safe | reference_style | fid_diverse,"Ink and wash painting of a serene misty riverside landscape with clustered trees, a small thatched hut, and a lone figure, rendered in soft monochrome washes and delicate brushwork."
track1_0152,generic_artwork,caption_content,free_crop_allowed | aspect_variation_allowed | style_variation_allowed,caption-led subject | medium-appropriate composition | avoid batch template,generic_artwork_surface,"[{""confidence"": 1.0, ""guard_notes"": [], ""guard_status"": ""rule"", ""height"": 1024, ""label"": ""square_artwork"", ""prompt_directive"": ""Use a balanced square artwork canvas only when the caption does not imply a poster, scroll, spread, or panel format."", ""reason"": """", ""source"": ""rule"", ""width"": 1024}]",aas_safe | reference_style | fid_diverse,"Ukiyo-e style samurai warriors clash in ornate patterned armor with drawn swords, bold outlines, flat colors, and a dramatic dark blue background."
track1_0153,generic_artwork,caption_content,free_crop_allowed | aspect_variation_allowed | style_variation_allowed,caption-led subject | medium-appropriate composition | avoid batch template,painting_or_brushwork_surface,"[{""confidence"": 1.0, ""guard_notes"": [], ""guard_status"": ""rule"", ""height"": 1024, ""label"": ""square_artwork"", ""prompt_directive"": ""Use a balanced square artwork canvas only when the caption does not imply a poster, scroll, spread, or panel format."", ""reason"": """", ""source"": ""rule"", ""width"": 1024}]",aas_safe | reference_style | fid_diverse,"Ink and wash painting of a serene misty landscape with layered distant hills, willow trees along a quiet riverbank, soft brushwork, and a muted sepia palette."
track1_0158,generic_artwork,caption_content,free_crop_allowed | aspect_variation_allowed | style_variation_allowed,caption-led subject | medium-appropriate composition | avoid batch template,painting_or_brushwork_surface,"[{""confidence"": 1.0, ""guard_notes"": [], ""guard_status"": ""rule"", ""height"": 1024, ""label"": ""square_artwork"", ""prompt_directive"": ""Use a balanced square artwork canvas only when the caption does not imply a poster, scroll, spread, or panel format."", ""reason"": """", ""source"": ""rule"", ""width"": 1024}]",aas_safe | reference_style | fid_diverse,"A Gongbi style delicate ink line drawing of a solitary robed figure standing on aged parchment, with fine controlled outlines, minimal color, and a calm sparse composition."
track1_0161,generic_artwork,caption_content,free_crop_allowed | aspect_variation_allowed | style_variation_allowed,caption-led subject | medium-appropriate composition | avoid batch template,painting_or_brushwork_surface,"[{""confidence"": 1.0, ""guard_notes"": [], ""guard_status"": ""rule"", ""height"": 1024, ""label"": ""square_artwork"", ""prompt_directive"": ""Use a balanced square artwork canvas only when the caption does not imply a poster, scroll, spread, or panel format."", ""reason"": """", ""source"": ""rule"", ""width"": 1024}]",aas_safe | reference_style | fid_diverse,"Ink and wash painting of several shrimp swimming among sparse aquatic plants, rendered with delicate gray brushstrokes, soft ink washes, and a calm minimal composition on aged paper."
track1_0164,generic_artwork,caption_content,free_crop_allowed | aspect_variation_allowed | style_variation_allowed,caption-led subject | medium-appropriate composition | avoid batch template,generic_artwork_surface,"[{""confidence"": 1.0, ""guard_notes"": [], ""guard_status"": ""rule"", ""height"": 1024, ""label"": ""square_artwork"", ""prompt_directive"": ""Use a balanced square artwork canvas only when the caption does not imply a poster, scroll, spread, or panel format."", ""reason"": """", ""source"": ""rule"", ""width"": 1024}]",aas_safe | reference_style | fid_diverse,"A High Renaissance study of a muscular nude male figure seated in a twisting pose amid drapery and classical architectural forms, rendered with soft sepia tones and delicate light and shadow."
track1_0167,generic_artwork,caption_content,free_crop_allowed | aspect_variation_allowed | style_variation_allowed,caption-led subject | medium-appropriate composition | avoid batch template,generic_artwork_surface,"[{""confidence"": 1.0, ""guard_notes"": [], ""guard_status"": ""rule"", ""height"": 1024, ""label"": ""square_artwork"", ""prompt_directive"": ""Use a balanced square artwork canvas only when the caption does not imply a poster, scroll, spread, or panel format."", ""reason"": """", ""source"": ""rule"", ""width"": 1024}]",aas_safe | reference_style | fid_diverse,"A Gongbi botanical painting of delicate yellow chrysanthemum blossoms, small pink flowers, and textured green leaves on aged paper, rendered with fine linework and a muted color palette."
track1_0171,generic_artwork,caption_content,free_crop_allowed | aspect_variation_allowed | style_variation_allowed,caption-led subject | medium-appropriate composition | avoid batch template,painting_or_brushwork_surface,"[{""confidence"": 1.0, ""guard_notes"": [], ""guard_status"": ""rule"", ""height"": 1024, ""label"": ""square_artwork"", ""prompt_directive"": ""Use a balanced square artwork canvas only when the caption does not imply a poster, scroll, spread, or panel format."", ""reason"": """", ""source"": ""rule"", ""width"": 1024}]",aas_safe | reference_style | fid_diverse,"Ukiyo-e scene of travelers and boatmen gathered along a riverside dock with wooden boats, distant hills, and muted earthy colors in delicate linear brushwork."
track1_0180,generic_artwork,caption_content,free_crop_allowed | aspect_variation_allowed | style_variation_allowed,caption-led subject | medium-appropriate composition | avoid batch template,generic_artwork_surface,"[{""confidence"": 1.0, ""guard_notes"": [], ""guard_status"": ""rule"", ""height"": 1024, ""label"": ""square_artwork"", ""prompt_directive"": ""Use a balanced square artwork canvas only when the caption does not imply a poster, scroll, spread, or panel format."", ""reason"": """", ""source"": ""rule"", ""width"": 1024}]",aas_safe | reference_style | fid_diverse,"Ukiyo-e woodblock print of travelers crossing a high arched bridge over a blue river, with wooden supports, stone embankments, and a small village landscape in muted colors and crisp linework."
track1_0185,generic_artwork,caption_content,free_crop_allowed | aspect_variation_allowed | style_variation_allowed,caption-led subject | medium-appropriate composition | avoid batch template,generic_artwork_surface,"[{""confidence"": 1.0, ""guard_notes"": [], ""guard_status"": ""rule"", ""height"": 1024, ""label"": ""square_artwork"", ""prompt_directive"": ""Use a balanced square artwork canvas only when the caption does not imply a poster, scroll, spread, or panel format."", ""reason"": """", ""source"": ""rule"", ""width"": 1024}]",aas_safe | reference_style | fid_diverse,"A Gongbi portrait of a faceless ceremonial figure in an ornate jeweled headdress and blue embroidered robe with birds and floral motifs, set against a muted golden patterned screen."
track1_0189,generic_artwork,caption_content,free_crop_allowed | aspect_variation_allowed | style_variation_allowed,caption-led subject | medium-appropriate composition | avoid batch template,generic_artwork_surface,"[{""confidence"": 1.0, ""guard_notes"": [], ""guard_status"": ""rule"", ""height"": 1024, ""label"": ""square_artwork"", ""prompt_directive"": ""Use a balanced square artwork canvas only when the caption does not imply a poster, scroll, spread, or panel format."", ""reason"": """", ""source"": ""rule"", ""width"": 1024}]",aas_safe | reference_style | fid_diverse,"Ukiyo-e style scene of elegantly dressed figures near a blossoming tree by a river landscape, with distant green hills, muted colors, and delicate woodblock linework."
track1_0201,generic_artwork,caption_content,free_crop_allowed | aspect_variation_allowed | style_variation_allowed,caption-led subject | medium-appropriate composition | avoid batch template,generic_artwork_surface,"[{""confidence"": 1.0, ""guard_notes"": [], ""guard_status"": ""rule"", ""height"": 1024, ""label"": ""square_artwork"", ""prompt_directive"": ""Use a balanced square artwork canvas only when the caption does not imply a poster, scroll, spread, or panel format."", ""reason"": """", ""source"": ""rule"", ""width"": 1024}]",aas_safe | reference_style | fid_diverse,"Ukiyo-e scene of two seated figures in patterned robes sharing a quiet intimate moment inside a sparse room, rendered with fine linework, muted earthy colors, and flat woodblock-print composition."
track1_0205,generic_artwork,caption_content,free_crop_allowed | aspect_variation_allowed | style_variation_allowed,caption-led subject | medium-appropriate composition | avoid batch template,generic_artwork_surface,"[{""confidence"": 1.0, ""guard_notes"": [], ""guard_status"": ""rule"", ""height"": 1024, ""label"": ""square_artwork"", ""prompt_directive"": ""Use a balanced square artwork canvas only when the caption does not imply a poster, scroll, spread, or panel format."", ""reason"": """", ""source"": ""rule"", ""width"": 1024}]",aas_safe | reference_style | fid_diverse,"Ukiyo-e style scene of elegantly dressed Japanese women in patterned kimonos gathered around a small stand, with delicate linework, muted colors, and a calm traditional atmosphere."
track1_0206,generic_artwork,caption_content,free_crop_allowed | aspect_variation_allowed | style_variation_allowed,caption-led subject | medium-appropriate composition | avoid batch template,generic_artwork_surface,"[{""confidence"": 1.0, ""guard_notes"": [], ""guard_status"": ""rule"", ""height"": 1024, ""label"": ""square_artwork"", ""prompt_directive"": ""Use a balanced square artwork canvas only when the caption does not imply a poster, scroll, spread, or panel format."", ""reason"": """", ""source"": ""rule"", ""width"": 1024}]",aas_safe | reference_style | fid_diverse,"An Early Renaissance arched devotional portrait of a partially visible figure with curly hair, a red garment, and raised hands against a dark background, enclosed in a gilded frame with aged cracked paint."
track1_0211,generic_artwork,caption_content,free_crop_allowed | aspect_variation_allowed | style_variation_allowed,caption-led subject | medium-appropriate composition | avoid batch template,generic_artwork_surface,"[{""confidence"": 1.0, ""guard_notes"": [], ""guard_status"": ""rule"", ""height"": 1024, ""label"": ""square_artwork"", ""prompt_directive"": ""Use a balanced square artwork canvas only when the caption does not imply a poster, scroll, spread, or panel format."", ""reason"": """", ""source"": ""rule"", ""width"": 1024}]",aas_safe | reference_style | fid_diverse,"Ukiyo-e style woodblock print of a kimono-clad woman walking along a dark rainy waterfront beneath a tree, with distant lights, soft blue tones, and a calm nocturnal atmosphere."
track1_0215,generic_artwork,caption_content,free_crop_allowed | aspect_variation_allowed | style_variation_allowed,caption-led subject | medium-appropriate composition | avoid batch template,painting_or_brushwork_surface,"[{""confidence"": 1.0, ""guard_notes"": [], ""guard_status"": ""rule"", ""height"": 1024, ""label"": ""square_artwork"", ""prompt_directive"": ""Use a balanced square artwork canvas only when the caption does not imply a poster, scroll, spread, or panel format."", ""reason"": """", ""source"": ""rule"", ""width"": 1024}]",aas_safe | reference_style | fid_diverse,"Ink and wash painting of a tranquil riverside landscape with dense trees on the left, hazy distant mountains, and small boats floating on calm water in a muted sepia palette."
track1_0216,generic_artwork,caption_content,free_crop_allowed | aspect_variation_allowed | style_variation_allowed,caption-led subject | medium-appropriate composition | avoid batch template,generic_artwork_surface,"[{""confidence"": 1.0, ""guard_notes"": [], ""guard_status"": ""rule"", ""height"": 1024, ""label"": ""square_artwork"", ""prompt_directive"": ""Use a balanced square artwork canvas only when the caption does not imply a poster, scroll, spread, or panel format."", ""reason"": """", ""source"": ""rule"", ""width"": 1024}]",aas_safe | reference_style | fid_diverse,"Ukiyo-e style scene of two women in patterned kimono inside a sparse interior, rendered with delicate linework, muted colors, and an aged paper texture."
track1_0221,generic_artwork,caption_content,free_crop_allowed | aspect_variation_allowed | style_variation_allowed,caption-led subject | medium-appropriate composition | avoid batch template,generic_artwork_surface,"[{""confidence"": 1.0, ""guard_notes"": [], ""guard_status"": ""rule"", ""height"": 1024, ""label"": ""square_artwork"", ""prompt_directive"": ""Use a balanced square artwork canvas only when the caption does not imply a poster, scroll, spread, or panel format."", ""reason"": """", ""source"": ""rule"", ""width"": 1024}]",aas_safe | reference_style | fid_diverse,A Baroque monochrome etching of a seated nude figure with loose expressive cross-hatching and stark light-shadow contrast on aged paper.
track1_0224,generic_artwork,caption_content,free_crop_allowed | aspect_variation_allowed | style_variation_allowed,caption-led subject | medium-appropriate composition | avoid batch template,generic_artwork_surface,"[{""confidence"": 1.0, ""guard_notes"": [], ""guard_status"": ""rule"", ""height"": 1024, ""label"": ""square_artwork"", ""prompt_directive"": ""Use a balanced square artwork canvas only when the caption does not imply a poster, scroll, spread, or panel format."", ""reason"": """", ""source"": ""rule"", ""width"": 1024}]",aas_safe | reference_style | fid_diverse,"An Abstract composition of gestural blue human-like figures and swirling lines around a red band of rounded shapes, painted with loose brushstrokes on a muted cream and ochre background."
track1_0225,generic_artwork,caption_content,free_crop_allowed | aspect_variation_allowed | style_variation_allowed,caption-led subject | medium-appropriate composition | avoid batch template,generic_artwork_surface,"[{""confidence"": 1.0, ""guard_notes"": [], ""guard_status"": ""rule"", ""height"": 1024, ""label"": ""square_artwork"", ""prompt_directive"": ""Use a balanced square artwork canvas only when the caption does not imply a poster, scroll, spread, or panel format."", ""reason"": """", ""source"": ""rule"", ""width"": 1024}]",aas_safe | reference_style | fid_diverse,"A Ukiyo-e portrait of a seated woman in an elegant patterned kimono beside a small decorative stand and floral furnishings, rendered with delicate linework, muted colors, and a calm vintage print texture."
track1_0228,generic_artwork,caption_content,free_crop_allowed | aspect_variation_allowed | style_variation_allowed,caption-led subject | medium-appropriate composition | avoid batch template,painting_or_brushwork_surface,"[{""confidence"": 1.0, ""guard_notes"": [], ""guard_status"": ""rule"", ""height"": 1024, ""label"": ""square_artwork"", ""prompt_directive"": ""Use a balanced square artwork canvas only when the caption does not imply a poster, scroll, spread, or panel format."", ""reason"": """", ""source"": ""rule"", ""width"": 1024}]",aas_safe | reference_style | fid_diverse,Abstract minimalist composition of angular black ink lines forming fragmented geometric shapes on a warm beige paper background.
track1_0234,generic_artwork,caption_content,free_crop_allowed | aspect_variation_allowed | style_variation_allowed,caption-led subject | medium-appropriate composition | avoid batch template,painting_or_brushwork_surface,"[{""confidence"": 1.0, ""guard_notes"": [], ""guard_status"": ""rule"", ""height"": 1024, ""label"": ""square_artwork"", ""prompt_directive"": ""Use a balanced square artwork canvas only when the caption does not imply a poster, scroll, spread, or panel format."", ""reason"": """", ""source"": ""rule"", ""width"": 1024}]",aas_safe | reference_style | fid_diverse,"Ink and wash painting of a pale folding fan on aged paper, decorated with delicate bamboo leaves and faint floral brushwork in a soft, muted palette."
track1_0236,generic_artwork,caption_content,free_crop_allowed | aspect_variation_allowed | style_variation_allowed,caption-led subject | medium-appropriate composition | avoid batch template,generic_artwork_surface,"[{""confidence"": 1.0, ""guard_notes"": [], ""guard_status"": ""rule"", ""height"": 1024, ""label"": ""square_artwork"", ""prompt_directive"": ""Use a balanced square artwork canvas only when the caption does not imply a poster, scroll, spread, or panel format."", ""reason"": """", ""source"": ""rule"", ""width"": 1024}]",aas_safe | reference_style | fid_diverse,"An Early Renaissance devotional diptych with two solemn framed figures against gold backgrounds, a veiled woman praying on the left and a crowned figure in a red robe with crossed hands on the right, rendered with fine linework and rich dark colors."
track1_0237,generic_artwork,caption_content,free_crop_allowed | aspect_variation_allowed | style_variation_allowed,caption-led subject | medium-appropriate composition | avoid batch template,generic_artwork_surface,"[{""confidence"": 1.0, ""guard_notes"": [], ""guard_status"": ""rule"", ""height"": 1024, ""label"": ""square_artwork"", ""prompt_directive"": ""Use a balanced square artwork canvas only when the caption does not imply a poster, scroll, spread, or panel format."", ""reason"": """", ""source"": ""rule"", ""width"": 1024}]",aas_safe | reference_style | fid_diverse,"A Ukiyo-e winter landscape with a wooden arched bridge over a blue river, snow-covered rooftops and trees, small figures crossing with umbrellas, and Mount Fuji rising in the muted distance."
track1_0238,generic_artwork,caption_content,free_crop_allowed | aspect_variation_allowed | style_variation_allowed,caption-led subject | medium-appropriate composition | avoid batch template,painting_or_brushwork_surface,"[{""confidence"": 1.0, ""guard_notes"": [], ""guard_status"": ""rule"", ""height"": 1024, ""label"": ""square_artwork"", ""prompt_directive"": ""Use a balanced square artwork canvas only when the caption does not imply a poster, scroll, spread, or panel format."", ""reason"": """", ""source"": ""rule"", ""width"": 1024}]",aas_safe | reference_style | fid_diverse,"Ink and wash painting of a serene mountainous landscape with clustered trees, winding streams, small rustic structures, and delicate brushwork on aged muted paper."
track1_0244,generic_artwork,caption_content,free_crop_allowed | aspect_variation_allowed | style_variation_allowed,caption-led subject | medium-appropriate composition | avoid batch template,painting_or_brushwork_surface,"[{""confidence"": 1.0, ""guard_notes"": [], ""guard_status"": ""rule"", ""height"": 1024, ""label"": ""square_artwork"", ""prompt_directive"": ""Use a balanced square artwork canvas only when the caption does not imply a poster, scroll, spread, or panel format."", ""reason"": """", ""source"": ""rule"", ""width"": 1024}]",aas_safe | reference_style | fid_diverse,"Ink and wash painting of a serene mountainous landscape with layered rocky peaks, sparse trees, a winding path, and soft muted brushwork on aged paper."
track1_0247,generic_artwork,caption_content,free_crop_allowed | aspect_variation_allowed | style_variation_allowed,caption-led subject | medium-appropriate composition | avoid batch template,generic_artwork_surface,"[{""confidence"": 1.0, ""guard_notes"": [], ""guard_status"": ""rule"", ""height"": 1024, ""label"": ""square_artwork"", ""prompt_directive"": ""Use a balanced square artwork canvas only when the caption does not imply a poster, scroll, spread, or panel format."", ""reason"": """", ""source"": ""rule"", ""width"": 1024}]",aas_safe | reference_style | fid_diverse,"Abstract black-and-white composition of jagged vertical shards and dense charcoal lines rising above a textured ground, with a stark, tense geometric rhythm."
track1_0249,generic_artwork,caption_content,free_crop_allowed | aspect_variation_allowed | style_variation_allowed,caption-led subject | medium-appropriate composition | avoid batch template,painting_or_brushwork_surface,"[{""confidence"": 1.0, ""guard_notes"": [], ""guard_status"": ""rule"", ""height"": 1024, ""label"": ""square_artwork"", ""prompt_directive"": ""Use a balanced square artwork canvas only when the caption does not imply a poster, scroll, spread, or panel format."", ""reason"": """", ""source"": ""rule"", ""width"": 1024}]",aas_safe | reference_style | fid_diverse,"Abstract ink and watercolor composition of clustered skull-like heads and amorphous gray forms resting above a bold red horizontal band, with loose sketch lines on beige paper."
track1_0250,generic_artwork,caption_content,free_crop_allowed | aspect_variation_allowed | style_variation_allowed,caption-led subject | medium-appropriate composition | avoid batch template,generic_artwork_surface,"[{""confidence"": 1.0, ""guard_notes"": [], ""guard_status"": ""rule"", ""height"": 1024, ""label"": ""square_artwork"", ""prompt_directive"": ""Use a balanced square artwork canvas only when the caption does not imply a poster, scroll, spread, or panel format."", ""reason"": """", ""source"": ""rule"", ""width"": 1024}]",aas_safe | reference_style | fid_diverse,"A delicate flowering branch with pale blossoms and dark green leaves rendered in Gongbi style, with fine outlines, muted colors, and a serene golden-brown background."
track1_0252,generic_artwork,caption_content,free_crop_allowed | aspect_variation_allowed | style_variation_allowed,caption-led subject | medium-appropriate composition | avoid batch template,generic_artwork_surface,"[{""confidence"": 1.0, ""guard_notes"": [], ""guard_status"": ""rule"", ""height"": 1024, ""label"": ""square_artwork"", ""prompt_directive"": ""Use a balanced square artwork canvas only when the caption does not imply a poster, scroll, spread, or panel format."", ""reason"": """", ""source"": ""rule"", ""width"": 1024}]",aas_safe | reference_style | fid_diverse,"A monochrome impressionism scene of two figures walking through a rain-soaked rural field with blurred trees and a haystack in the distance, rendered with diagonal scratchy strokes and a muted, melancholic atmosphere."
track1_0254,generic_artwork,caption_content,free_crop_allowed | aspect_variation_allowed | style_variation_allowed,caption-led subject | medium-appropriate composition | avoid batch template,generic_artwork_surface,"[{""confidence"": 1.0, ""guard_notes"": [], ""guard_status"": ""rule"", ""height"": 1024, ""label"": ""square_artwork"", ""prompt_directive"": ""Use a balanced square artwork canvas only when the caption does not imply a poster, scroll, spread, or panel format."", ""reason"": """", ""source"": ""rule"", ""width"": 1024}]",aas_safe | reference_style | fid_diverse,"A Gongbi painting of a rugged garden rock with delicate purple and white flowers, green leaves, and a small butterfly on a warm tan background, rendered with fine linework and soft natural colors."
track1_0255,generic_artwork,caption_content,free_crop_allowed | aspect_variation_allowed | style_variation_allowed,caption-led subject | medium-appropriate composition | avoid batch template,generic_artwork_surface,"[{""confidence"": 1.0, ""guard_notes"": [], ""guard_status"": ""rule"", ""height"": 1024, ""label"": ""square_artwork"", ""prompt_directive"": ""Use a balanced square artwork canvas only when the caption does not imply a poster, scroll, spread, or panel format."", ""reason"": """", ""source"": ""rule"", ""width"": 1024}]",aas_safe | reference_style | fid_diverse,"An Early Renaissance panel painting of a pale bound young man lying on an angled wooden bench while several richly dressed figures surround him in a solemn, dramatic scene with a gold background, crisp linear contours, and muted jewel-toned colors."
track1_0261,generic_artwork,caption_content,free_crop_allowed | aspect_variation_allowed | style_variation_allowed,caption-led subject | medium-appropriate composition | avoid batch template,generic_artwork_surface,"[{""confidence"": 1.0, ""guard_notes"": [], ""guard_status"": ""rule"", ""height"": 1024, ""label"": ""square_artwork"", ""prompt_directive"": ""Use a balanced square artwork canvas only when the caption does not imply a poster, scroll, spread, or panel format."", ""reason"": """", ""source"": ""rule"", ""width"": 1024}]",aas_safe | reference_style | fid_diverse,"A Ukiyo-e print of a kimono-clad performer standing beside a tall decorated traveling chest and bundled goods, rendered with crisp black outlines and muted red, yellow, and olive tones on aged paper."
track1_0262,generic_artwork,caption_content,free_crop_allowed | aspect_variation_allowed | style_variation_allowed,caption-led subject | medium-appropriate composition | avoid batch template,generic_artwork_surface,"[{""confidence"": 1.0, ""guard_notes"": [], ""guard_status"": ""rule"", ""height"": 1024, ""label"": ""square_artwork"", ""prompt_directive"": ""Use a balanced square artwork canvas only when the caption does not imply a poster, scroll, spread, or panel format."", ""reason"": """", ""source"": ""rule"", ""width"": 1024}]",aas_safe | reference_style | fid_diverse,"A Mannerism (Late Renaissance) scene of the dead Christ’s pale torso supported by mourning figures in richly colored drapery against a dark background, with elongated hands, dramatic chiaroscuro, and a solemn atmosphere."
track1_0263,generic_artwork,caption_content,free_crop_allowed | aspect_variation_allowed | style_variation_allowed,caption-led subject | medium-appropriate composition | avoid batch template,generic_artwork_surface,"[{""confidence"": 1.0, ""guard_notes"": [], ""guard_status"": ""rule"", ""height"": 1024, ""label"": ""square_artwork"", ""prompt_directive"": ""Use a balanced square artwork canvas only when the caption does not imply a poster, scroll, spread, or panel format."", ""reason"": """", ""source"": ""rule"", ""width"": 1024}]",aas_safe | reference_style | fid_diverse,"Ukiyo-e portrait of an elegant woman in a green kimono standing in profile with delicate linework, muted colors, and a calm refined atmosphere."
track1_0265,generic_artwork,caption_content,free_crop_allowed | aspect_variation_allowed | style_variation_allowed,caption-led subject | medium-appropriate composition | avoid batch template,generic_artwork_surface,"[{""confidence"": 1.0, ""guard_notes"": [], ""guard_status"": ""rule"", ""height"": 1024, ""label"": ""square_artwork"", ""prompt_directive"": ""Use a balanced square artwork canvas only when the caption does not imply a poster, scroll, spread, or panel format."", ""reason"": """", ""source"": ""rule"", ""width"": 1024}]",aas_safe | reference_style | fid_diverse,"A Gongbi painting of a serene gathering of robed adults and children beneath twisted pine branches and rocky garden forms, rendered with delicate outlines and a muted mineral color palette."
track1_0266,generic_artwork,caption_content,free_crop_allowed | aspect_variation_allowed | style_variation_allowed,caption-led subject | medium-appropriate composition | avoid batch template,generic_artwork_surface,"[{""confidence"": 1.0, ""guard_notes"": [], ""guard_status"": ""rule"", ""height"": 1024, ""label"": ""square_artwork"", ""prompt_directive"": ""Use a balanced square artwork canvas only when the caption does not imply a poster, scroll, spread, or panel format."", ""reason"": """", ""source"": ""rule"", ""width"": 1024}]",aas_safe | reference_style | fid_diverse,"Ukiyo-e style scene of figures in traditional Japanese robes gathered inside a tatami room with red pillars, painted screens, delicate linework, and a warm muted color palette."
track1_0271,generic_artwork,caption_content,free_crop_allowed | aspect_variation_allowed | style_variation_allowed,caption-led subject | medium-appropriate composition | avoid batch template,generic_artwork_surface,"[{""confidence"": 1.0, ""guard_notes"": [], ""guard_status"": ""rule"", ""height"": 1024, ""label"": ""square_artwork"", ""prompt_directive"": ""Use a balanced square artwork canvas only when the caption does not imply a poster, scroll, spread, or panel format."", ""reason"": """", ""source"": ""rule"", ""width"": 1024}]",aas_safe | reference_style | fid_diverse,"A serene Gongbi landscape with steep blue-green mountains rising through golden mist, delicate trees, rocky paths, and tiny figures in a tranquil valley rendered with fine linework and a muted earthy palette."
track1_0272,generic_artwork,caption_content,free_crop_allowed | aspect_variation_allowed | style_variation_allowed,caption-led subject | medium-appropriate composition | avoid batch template,generic_artwork_surface,"[{""confidence"": 1.0, ""guard_notes"": [], ""guard_status"": ""rule"", ""height"": 1024, ""label"": ""square_artwork"", ""prompt_directive"": ""Use a balanced square artwork canvas only when the caption does not imply a poster, scroll, spread, or panel format."", ""reason"": """", ""source"": ""rule"", ""width"": 1024}]",aas_safe | reference_style | fid_diverse,"An Early Renaissance devotional portrait of a veiled mother in a deep blue mantle nursing a seated infant with a red bead necklace, set against an ornate red and gold floral textile background with delicate linework and muted, solemn tones."
track1_0276,generic_artwork,caption_content,free_crop_allowed | aspect_variation_allowed | style_variation_allowed,caption-led subject | medium-appropriate composition | avoid batch template,generic_artwork_surface,"[{""confidence"": 1.0, ""guard_notes"": [], ""guard_status"": ""rule"", ""height"": 1024, ""label"": ""square_artwork"", ""prompt_directive"": ""Use a balanced square artwork canvas only when the caption does not imply a poster, scroll, spread, or panel format."", ""reason"": """", ""source"": ""rule"", ""width"": 1024}]",aas_safe | reference_style | fid_diverse,"Abstract monochrome composition of angular architectural forms, thin black lines, and soft gray shaded blocks with a muted, contemplative atmosphere."
track1_0277,scroll_album_paper_support,caption_content | support_surface_required,preserve_support_aspect | medium_texture_variation_allowed | viewpoint_variation_allowed,visible paper support | folds or ruled grid | album or scroll framing,scroll_or_album_paper_support | painting_or_brushwork_surface,"[{""confidence"": 1.0, ""guard_notes"": [], ""guard_status"": ""rule"", ""height"": 1024, ""label"": ""square_artwork"", ""prompt_directive"": ""Use a balanced square artwork canvas only when the caption does not imply a poster, scroll, spread, or panel format."", ""reason"": """", ""source"": ""rule"", ""width"": 1024}]",aas_safe | reference_style | fid_diverse,"Ink and wash painting of a small round landscape vignette with dark trees and clustered rooftops on a muted beige album page, using soft washes and delicate brushwork."
track1_0279,generic_artwork,caption_content,free_crop_allowed | aspect_variation_allowed | style_variation_allowed,caption-led subject | medium-appropriate composition | avoid batch template,painting_or_brushwork_surface,"[{""confidence"": 1.0, ""guard_notes"": [], ""guard_status"": ""rule"", ""height"": 1024, ""label"": ""square_artwork"", ""prompt_directive"": ""Use a balanced square artwork canvas only when the caption does not imply a poster, scroll, spread, or panel format."", ""reason"": """", ""source"": ""rule"", ""width"": 1024}]",aas_safe | reference_style | fid_diverse,"A Gongbi painting of figures standing inside an elevated palace corridor with ornate blue-green tiled roofs, red pillars, fine linear brushwork, and a calm architectural composition."
track1_0280,generic_artwork,caption_content,free_crop_allowed | aspect_variation_allowed | style_variation_allowed,caption-led subject | medium-appropriate composition | avoid batch template,painting_or_brushwork_surface,"[{""confidence"": 1.0, ""guard_notes"": [], ""guard_status"": ""rule"", ""height"": 1024, ""label"": ""square_artwork"", ""prompt_directive"": ""Use a balanced square artwork canvas only when the caption does not imply a poster, scroll, spread, or panel format."", ""reason"": """", ""source"": ""rule"", ""width"": 1024}]",aas_safe | reference_style | fid_diverse,"Ink and wash painting of a fan-shaped riverside scene with a traditional pavilion among trees, distant hills, small boats, and delicate muted brushwork on a pale background."
track1_0281,generic_artwork,caption_content,free_crop_allowed | aspect_variation_allowed | style_variation_allowed,caption-led subject | medium-appropriate composition | avoid batch template,generic_artwork_surface,"[{""confidence"": 1.0, ""guard_notes"": [], ""guard_status"": ""rule"", ""height"": 1024, ""label"": ""square_artwork"", ""prompt_directive"": ""Use a balanced square artwork canvas only when the caption does not imply a poster, scroll, spread, or panel format."", ""reason"": """", ""source"": ""rule"", ""width"": 1024}]",aas_safe | reference_style | fid_diverse,"A Gongbi-style pair of formal frontal court portraits featuring two figures in ornate embroidered robes and jeweled headdresses against muted gold panels, with precise linework, delicate patterns, and a solemn symmetrical composition."
track1_0284,generic_artwork,caption_content,free_crop_allowed | aspect_variation_allowed | style_variation_allowed,caption-led subject | medium-appropriate composition | avoid batch template,painting_or_brushwork_surface,"[{""confidence"": 1.0, ""guard_notes"": [], ""guard_status"": ""rule"", ""height"": 1024, ""label"": ""square_artwork"", ""prompt_directive"": ""Use a balanced square artwork canvas only when the caption does not imply a poster, scroll, spread, or panel format."", ""reason"": """", ""source"": ""rule"", ""width"": 1024}]",aas_safe | reference_style | fid_diverse,"Ink and wash painting of two fan-shaped compositions on warm beige paper, with delicate black brushwork showing bamboo and grasses above and a quiet mountain landscape with trees and rocks below."
track1_0289,generic_artwork,caption_content,free_crop_allowed | aspect_variation_allowed | style_variation_allowed,caption-led subject | medium-appropriate composition | avoid batch template,generic_artwork_surface,"[{""confidence"": 1.0, ""guard_notes"": [], ""guard_status"": ""rule"", ""height"": 1024, ""label"": ""square_artwork"", ""prompt_directive"": ""Use a balanced square artwork canvas only when the caption does not imply a poster, scroll, spread, or panel format."", ""reason"": """", ""source"": ""rule"", ""width"": 1024}]",aas_safe | reference_style | fid_diverse,"Ukiyo-e scene of fishermen in small wooden boats on calm water beside a large netted fishing vessel, with distant sails, fine linework, and a muted blue and tan palette."
track1_0290,generic_artwork,caption_content,free_crop_allowed | aspect_variation_allowed | style_variation_allowed,caption-led subject | medium-appropriate composition | avoid batch template,generic_artwork_surface,"[{""confidence"": 1.0, ""guard_notes"": [], ""guard_status"": ""rule"", ""height"": 1024, ""label"": ""square_artwork"", ""prompt_directive"": ""Use a balanced square artwork canvas only when the caption does not imply a poster, scroll, spread, or panel format."", ""reason"": """", ""source"": ""rule"", ""width"": 1024}]",aas_safe | reference_style | fid_diverse,"Ukiyo-e scene of two women in patterned kimonos caught in diagonal rain, one standing with a covered head and the other bending forward, rendered with delicate linework and muted earthy colors."
track1_0295,generic_artwork,caption_content,free_crop_allowed | aspect_variation_allowed | style_variation_allowed,caption-led subject | medium-appropriate composition | avoid batch template,painting_or_brushwork_surface,"[{""confidence"": 1.0, ""guard_notes"": [], ""guard_status"": ""rule"", ""height"": 1024, ""label"": ""square_artwork"", ""prompt_directive"": ""Use a balanced square artwork canvas only when the caption does not imply a poster, scroll, spread, or panel format."", ""reason"": """", ""source"": ""rule"", ""width"": 1024}]",aas_safe | reference_style | fid_diverse,"Ink and wash painting of a quiet mountainside pavilion nestled among rocks and sparse trees, with distant misty hills, delicate brushwork, and a muted sepia-brown palette creating a serene atmosphere."
track1_0297,generic_artwork,caption_content,free_crop_allowed | aspect_variation_allowed | style_variation_allowed,caption-led subject | medium-appropriate composition | avoid batch template,painting_or_brushwork_surface,"[{""confidence"": 1.0, ""guard_notes"": [], ""guard_status"": ""rule"", ""height"": 1024, ""label"": ""square_artwork"", ""prompt_directive"": ""Use a balanced square artwork canvas only when the caption does not imply a poster, scroll, spread, or panel format."", ""reason"": """", ""source"": ""rule"", ""width"": 1024}]",aas_safe | reference_style | fid_diverse,"Abstract biomorphic forms and fragmented figure-like shapes emerge from loose black ink lines, muted beige washes, and small red accents on a softly textured background."
track1_0302,generic_artwork,caption_content,free_crop_allowed | aspect_variation_allowed | style_variation_allowed,caption-led subject | medium-appropriate composition | avoid batch template,painting_or_brushwork_surface,"[{""confidence"": 1.0, ""guard_notes"": [], ""guard_status"": ""rule"", ""height"": 1024, ""label"": ""square_artwork"", ""prompt_directive"": ""Use a balanced square artwork canvas only when the caption does not imply a poster, scroll, spread, or panel format."", ""reason"": """", ""source"": ""rule"", ""width"": 1024}]",aas_safe | reference_style | fid_diverse,"Ink and wash painting of flowering branches growing around a rugged rock, rendered with expressive black brushstrokes on warm tan paper and a calm traditional composition."
track1_0306,battle_tank_cavalry,caption_content,free_crop_allowed | aspect_variation_allowed | style_variation_allowed,battlefield depth | armored vehicle | mounted movement | infantry group,generic_artwork_surface,"[{""confidence"": 1.0, ""guard_notes"": [], ""guard_status"": ""rule"", ""height"": 1024, ""label"": ""square_artwork"", ""prompt_directive"": ""Use a balanced square artwork canvas only when the caption does not imply a poster, scroll, spread, or panel format."", ""reason"": """", ""source"": ""rule"", ""width"": 1024}]",aas_safe | reference_style | fid_diverse,"Ukiyo-e style samurai warriors in ornate armor clash in a dynamic battle scene with a fierce supernatural face above them, rendered with bold linework, muted earthy colors, and dramatic movement."
track1_0310,generic_artwork,caption_content,free_crop_allowed | aspect_variation_allowed | style_variation_allowed,caption-led subject | medium-appropriate composition | avoid batch template,generic_artwork_surface,"[{""confidence"": 1.0, ""guard_notes"": [], ""guard_status"": ""rule"", ""height"": 1024, ""label"": ""square_artwork"", ""prompt_directive"": ""Use a balanced square artwork canvas only when the caption does not imply a poster, scroll, spread, or panel format."", ""reason"": """", ""source"": ""rule"", ""width"": 1024}]",aas_safe | reference_style | fid_diverse,"Abstract charcoal linework on torn beige paper forms an angular birdlike figure with a circular eye-like motif, layered on a pale background with rough sketchy texture."
track1_0315,generic_artwork,caption_content,free_crop_allowed | aspect_variation_allowed | style_variation_allowed,caption-led subject | medium-appropriate composition | avoid batch template,generic_artwork_surface,"[{""confidence"": 1.0, ""guard_notes"": [], ""guard_status"": ""rule"", ""height"": 1024, ""label"": ""square_artwork"", ""prompt_directive"": ""Use a balanced square artwork canvas only when the caption does not imply a poster, scroll, spread, or panel format."", ""reason"": """", ""source"": ""rule"", ""width"": 1024}]",aas_safe | reference_style | fid_diverse,"Abstract minimalist line drawing of a seated nude female figure with a faceless oval head, flowing contour lines, and a calm neutral background."
track1_0316,generic_artwork,caption_content,free_crop_allowed | aspect_variation_allowed | style_variation_allowed,caption-led subject | medium-appropriate composition | avoid batch template,generic_artwork_surface,"[{""confidence"": 1.0, ""guard_notes"": [], ""guard_status"": ""rule"", ""height"": 1024, ""label"": ""square_artwork"", ""prompt_directive"": ""Use a balanced square artwork canvas only when the caption does not imply a poster, scroll, spread, or panel format."", ""reason"": """", ""source"": ""rule"", ""width"": 1024}]",aas_safe | reference_style | fid_diverse,"Ukiyo-e woodblock print of three elegant women in patterned kimonos gathered beside a tall red lantern, with delicate linework, muted colors, and a calm traditional atmosphere."
track1_0319,generic_artwork,caption_content,free_crop_allowed | aspect_variation_allowed | style_variation_allowed,caption-led subject | medium-appropriate composition | avoid batch template,generic_artwork_surface,"[{""confidence"": 1.0, ""guard_notes"": [], ""guard_status"": ""rule"", ""height"": 1024, ""label"": ""square_artwork"", ""prompt_directive"": ""Use a balanced square artwork canvas only when the caption does not imply a poster, scroll, spread, or panel format."", ""reason"": """", ""source"": ""rule"", ""width"": 1024}]",aas_safe | reference_style | fid_diverse,"A Baroque pastoral landscape with tall trees, a wooden watermill and bridge beside a red-roofed cottage, calm reflective water, and dramatic cloud-filled sky in soft natural light."
track1_0323,generic_artwork,caption_content,free_crop_allowed | aspect_variation_allowed | style_variation_allowed,caption-led subject | medium-appropriate composition | avoid batch template,generic_artwork_surface,"[{""confidence"": 1.0, ""guard_notes"": [], ""guard_status"": ""rule"", ""height"": 1024, ""label"": ""square_artwork"", ""prompt_directive"": ""Use a balanced square artwork canvas only when the caption does not imply a poster, scroll, spread, or panel format."", ""reason"": """", ""source"": ""rule"", ""width"": 1024}]",aas_safe | reference_style | fid_diverse,"Ukiyo-e scene of two elegant women in patterned kimono beside a wooden railing and tiled screen, rendered with fine linework, muted colors, and a calm intimate atmosphere."
track1_0326,generic_artwork,caption_content,free_crop_allowed | aspect_variation_allowed | style_variation_allowed,caption-led subject | medium-appropriate composition | avoid batch template,generic_artwork_surface,"[{""confidence"": 1.0, ""guard_notes"": [], ""guard_status"": ""rule"", ""height"": 1024, ""label"": ""square_artwork"", ""prompt_directive"": ""Use a balanced square artwork canvas only when the caption does not imply a poster, scroll, spread, or panel format."", ""reason"": """", ""source"": ""rule"", ""width"": 1024}]",aas_safe | reference_style | fid_diverse,"A Gongbi-style front-facing imperial figure with an ornate jeweled headdress and richly patterned robe set against a warm ochre brocade background, rendered with meticulous fine lines and muted gold tones."
track1_0328,generic_artwork,caption_content,free_crop_allowed | aspect_variation_allowed | style_variation_allowed,caption-led subject | medium-appropriate composition | avoid batch template,painting_or_brushwork_surface,"[{""confidence"": 1.0, ""guard_notes"": [], ""guard_status"": ""rule"", ""height"": 1024, ""label"": ""square_artwork"", ""prompt_directive"": ""Use a balanced square artwork canvas only when the caption does not imply a poster, scroll, spread, or panel format."", ""reason"": """", ""source"": ""rule"", ""width"": 1024}]",aas_safe | reference_style | fid_diverse,"Ink and wash painting of a serene traditional landscape with twisted pine trees beside rocky cliffs, calm water, and distant low mountains, rendered in muted brown tones with delicate brushwork."
track1_0329,generic_artwork,caption_content,free_crop_allowed | aspect_variation_allowed | style_variation_allowed,caption-led subject | medium-appropriate composition | avoid batch template,generic_artwork_surface,"[{""confidence"": 1.0, ""guard_notes"": [], ""guard_status"": ""rule"", ""height"": 1024, ""label"": ""square_artwork"", ""prompt_directive"": ""Use a balanced square artwork canvas only when the caption does not imply a poster, scroll, spread, or panel format."", ""reason"": """", ""source"": ""rule"", ""width"": 1024}]",aas_safe | reference_style | fid_diverse,"Ukiyo-e scene of elegantly dressed women in patterned kimonos gathered among garden plants, rendered with delicate linework, muted colors, and a flat decorative composition."
track1_0330,generic_artwork,caption_content,free_crop_allowed | aspect_variation_allowed | style_variation_allowed,caption-led subject | medium-appropriate composition | avoid batch template,generic_artwork_surface,"[{""confidence"": 1.0, ""guard_notes"": [], ""guard_status"": ""rule"", ""height"": 1024, ""label"": ""square_artwork"", ""prompt_directive"": ""Use a balanced square artwork canvas only when the caption does not imply a poster, scroll, spread, or panel format."", ""reason"": """", ""source"": ""rule"", ""width"": 1024}]",aas_safe | reference_style | fid_diverse,"Two side-by-side Gongbi portraits of Chinese court figures in ornate jeweled headdresses and richly embroidered robes, rendered with fine linework, delicate patterns, and a muted gold-brown palette."
track1_0332,generic_artwork,caption_content,free_crop_allowed | aspect_variation_allowed | style_variation_allowed,caption-led subject | medium-appropriate composition | avoid batch template,painting_or_brushwork_surface,"[{""confidence"": 1.0, ""guard_notes"": [], ""guard_status"": ""rule"", ""height"": 1024, ""label"": ""square_artwork"", ""prompt_directive"": ""Use a balanced square artwork canvas only when the caption does not imply a poster, scroll, spread, or panel format."", ""reason"": """", ""source"": ""rule"", ""width"": 1024}]",aas_safe | reference_style | fid_diverse,"A Baroque-style ink etching with two small studies of reclining nude figures, rendered in rough crosshatched lines and dramatic light-and-shadow contrast on aged paper."
track1_0333,generic_artwork,caption_content,free_crop_allowed | aspect_variation_allowed | style_variation_allowed,caption-led subject | medium-appropriate composition | avoid batch template,generic_artwork_surface,"[{""confidence"": 1.0, ""guard_notes"": [], ""guard_status"": ""rule"", ""height"": 1024, ""label"": ""square_artwork"", ""prompt_directive"": ""Use a balanced square artwork canvas only when the caption does not imply a poster, scroll, spread, or panel format."", ""reason"": """", ""source"": ""rule"", ""width"": 1024}]",aas_safe | reference_style | fid_diverse,"Ukiyo-e scene of elegantly dressed women and children in patterned kimonos standing by a veranda with green blinds and flowering garden plants, rendered with delicate linework and a muted color palette."
track1_0335,generic_artwork,caption_content,free_crop_allowed | aspect_variation_allowed | style_variation_allowed,caption-led subject | medium-appropriate composition | avoid batch template,generic_artwork_surface,"[{""confidence"": 1.0, ""guard_notes"": [], ""guard_status"": ""rule"", ""height"": 1024, ""label"": ""square_artwork"", ""prompt_directive"": ""Use a balanced square artwork canvas only when the caption does not imply a poster, scroll, spread, or panel format."", ""reason"": """", ""source"": ""rule"", ""width"": 1024}]",aas_safe | reference_style | fid_diverse,"Ukiyo-e style flowering vines with morning glory blossoms and dark green leaves against a muted tan background, using delicate linework, flat colors, and a calm botanical composition."
track1_0336,generic_artwork,caption_content,free_crop_allowed | aspect_variation_allowed | style_variation_allowed,caption-led subject | medium-appropriate composition | avoid batch template,generic_artwork_surface,"[{""confidence"": 1.0, ""guard_notes"": [], ""guard_status"": ""rule"", ""height"": 1024, ""label"": ""square_artwork"", ""prompt_directive"": ""Use a balanced square artwork canvas only when the caption does not imply a poster, scroll, spread, or panel format."", ""reason"": """", ""source"": ""rule"", ""width"": 1024}]",aas_safe | reference_style | fid_diverse,"Ukiyo-e scene of a quiet temple veranda at dusk, with tall trees framing robed figures beside a red shrine structure and a distant city horizon under a fading orange sky."
track1_0337,generic_artwork,caption_content,free_crop_allowed | aspect_variation_allowed | style_variation_allowed,caption-led subject | medium-appropriate composition | avoid batch template,generic_artwork_surface,"[{""confidence"": 1.0, ""guard_notes"": [], ""guard_status"": ""rule"", ""height"": 1024, ""label"": ""square_artwork"", ""prompt_directive"": ""Use a balanced square artwork canvas only when the caption does not imply a poster, scroll, spread, or panel format."", ""reason"": """", ""source"": ""rule"", ""width"": 1024}]",aas_safe | reference_style | fid_diverse,"A woman in a striped skirt bends over a washbasin at a wooden washstand with a mirror, pitcher, and blue floral rug, rendered in impressionism with soft colors and delicate linework."
track1_0339,generic_artwork,caption_content,free_crop_allowed | aspect_variation_allowed | style_variation_allowed,caption-led subject | medium-appropriate composition | avoid batch template,painting_or_brushwork_surface,"[{""confidence"": 1.0, ""guard_notes"": [], ""guard_status"": ""rule"", ""height"": 1024, ""label"": ""square_artwork"", ""prompt_directive"": ""Use a balanced square artwork canvas only when the caption does not imply a poster, scroll, spread, or panel format."", ""reason"": """", ""source"": ""rule"", ""width"": 1024}]",aas_safe | reference_style | fid_diverse,"A Gongbi-style Chinese garden scene with finely outlined scholars and attendants gathered beneath dense trees, a crouching tiger in the foreground, and delicate ink brushwork creating a calm classical atmosphere."
track1_0340,generic_artwork,caption_content,free_crop_allowed | aspect_variation_allowed | style_variation_allowed,caption-led subject | medium-appropriate composition | avoid batch template,generic_artwork_surface,"[{""confidence"": 1.0, ""guard_notes"": [], ""guard_status"": ""rule"", ""height"": 1024, ""label"": ""square_artwork"", ""prompt_directive"": ""Use a balanced square artwork canvas only when the caption does not imply a poster, scroll, spread, or panel format."", ""reason"": """", ""source"": ""rule"", ""width"": 1024}]",aas_safe | reference_style | fid_diverse,"A delicate Gongbi painting of a small bird perched on a curved lotus stem among broad green lotus leaves and pale blossoms, with fine linework and a muted beige silk-like background."
track1_0341,generic_artwork,caption_content,free_crop_allowed | aspect_variation_allowed | style_variation_allowed,caption-led subject | medium-appropriate composition | avoid batch template,generic_artwork_surface,"[{""confidence"": 1.0, ""guard_notes"": [], ""guard_status"": ""rule"", ""height"": 1024, ""label"": ""square_artwork"", ""prompt_directive"": ""Use a balanced square artwork canvas only when the caption does not imply a poster, scroll, spread, or panel format."", ""reason"": """", ""source"": ""rule"", ""width"": 1024}]",aas_safe | reference_style | fid_diverse,"A snowy city street in impressionism style, with bundled pedestrians walking among brick buildings under muted winter light and loose, textured brushstrokes."
track1_0342,generic_artwork,caption_content,free_crop_allowed | aspect_variation_allowed | style_variation_allowed,caption-led subject | medium-appropriate composition | avoid batch template,generic_artwork_surface,"[{""confidence"": 1.0, ""guard_notes"": [], ""guard_status"": ""rule"", ""height"": 1024, ""label"": ""square_artwork"", ""prompt_directive"": ""Use a balanced square artwork canvas only when the caption does not imply a poster, scroll, spread, or panel format."", ""reason"": """", ""source"": ""rule"", ""width"": 1024}]",aas_safe | reference_style | fid_diverse,"An Early Renaissance bust-length portrait of a seated figure in a brown cloak and pale scarf against a dark background, with a muted earthy palette, soft shadowed lighting, and a worn wooden border."
track1_0343,generic_artwork,caption_content,free_crop_allowed | aspect_variation_allowed | style_variation_allowed,caption-led subject | medium-appropriate composition | avoid batch template,painting_or_brushwork_surface,"[{""confidence"": 1.0, ""guard_notes"": [], ""guard_status"": ""rule"", ""height"": 1024, ""label"": ""square_artwork"", ""prompt_directive"": ""Use a balanced square artwork canvas only when the caption does not imply a poster, scroll, spread, or panel format."", ""reason"": """", ""source"": ""rule"", ""width"": 1024}]",aas_safe | reference_style | fid_diverse,"A serene Gongbi landscape with misty mountains rising beyond a wide river, delicate trees along rocky shores, small figures near the foreground, and fine controlled brushwork in a muted earthy palette."
track1_0344,generic_artwork,caption_content,free_crop_allowed | aspect_variation_allowed | style_variation_allowed,caption-led subject | medium-appropriate composition | avoid batch template,painting_or_brushwork_surface,"[{""confidence"": 1.0, ""guard_notes"": [], ""guard_status"": ""rule"", ""height"": 1024, ""label"": ""square_artwork"", ""prompt_directive"": ""Use a balanced square artwork canvas only when the caption does not imply a poster, scroll, spread, or panel format."", ""reason"": """", ""source"": ""rule"", ""width"": 1024}]",aas_safe | reference_style | fid_diverse,"A Gongbi court scene with finely outlined figures, robed officials bowing before an enthroned ruler inside an ornate pavilion, rendered with delicate brushwork and a muted traditional color palette."
track1_0349,generic_artwork,caption_content,free_crop_allowed | aspect_variation_allowed | style_variation_allowed,caption-led subject | medium-appropriate composition | avoid batch template,generic_artwork_surface,"[{""confidence"": 1.0, ""guard_notes"": [], ""guard_status"": ""rule"", ""height"": 1024, ""label"": ""square_artwork"", ""prompt_directive"": ""Use a balanced square artwork canvas only when the caption does not imply a poster, scroll, spread, or panel format."", ""reason"": """", ""source"": ""rule"", ""width"": 1024}]",aas_safe | reference_style | fid_diverse,"A Mannerism (Late Renaissance) scene of a robed hermit saint in a dark grotto contemplating a crucifix beside an open book, with dramatic shadow, muted earthy colors, and a solemn devotional mood."
track1_0352,generic_artwork,caption_content,free_crop_allowed | aspect_variation_allowed | style_variation_allowed,caption-led subject | medium-appropriate composition | avoid batch template,generic_artwork_surface,"[{""confidence"": 1.0, ""guard_notes"": [], ""guard_status"": ""rule"", ""height"": 1024, ""label"": ""square_artwork"", ""prompt_directive"": ""Use a balanced square artwork canvas only when the caption does not imply a poster, scroll, spread, or panel format."", ""reason"": """", ""source"": ""rule"", ""width"": 1024}]",aas_safe | reference_style | fid_diverse,"A crowded Mannerism (Late Renaissance) scene of richly dressed figures gathered around a seated woman with writing tools, animated hand gestures, warm earthy colors, and a distant city landscape under soft dramatic light."
track1_0354,generic_artwork,caption_content,free_crop_allowed | aspect_variation_allowed | style_variation_allowed,caption-led subject | medium-appropriate composition | avoid batch template,generic_artwork_surface,"[{""confidence"": 1.0, ""guard_notes"": [], ""guard_status"": ""rule"", ""height"": 1024, ""label"": ""square_artwork"", ""prompt_directive"": ""Use a balanced square artwork canvas only when the caption does not imply a poster, scroll, spread, or panel format."", ""reason"": """", ""source"": ""rule"", ""width"": 1024}]",aas_safe | reference_style | fid_diverse,"A Gongbi painting of delicate butterflies hovering among small white blossoms and muted leaves on a warm beige silk-like background, with fine linework and a calm, refined composition."
track1_0355,generic_artwork,caption_content,free_crop_allowed | aspect_variation_allowed | style_variation_allowed,caption-led subject | medium-appropriate composition | avoid batch template,generic_artwork_surface,"[{""confidence"": 1.0, ""guard_notes"": [], ""guard_status"": ""rule"", ""height"": 1024, ""label"": ""square_artwork"", ""prompt_directive"": ""Use a balanced square artwork canvas only when the caption does not imply a poster, scroll, spread, or panel format."", ""reason"": """", ""source"": ""rule"", ""width"": 1024}]",aas_safe | reference_style | fid_diverse,"A Gongbi-style vertical landscape with towering blue-green rocky mountains, fine detailed linework, autumnal trees in the foreground, and a muted golden sky creating a serene atmosphere."
track1_0361,generic_artwork,caption_content,free_crop_allowed | aspect_variation_allowed | style_variation_allowed,caption-led subject | medium-appropriate composition | avoid batch template,generic_artwork_surface,"[{""confidence"": 1.0, ""guard_notes"": [], ""guard_status"": ""rule"", ""height"": 1024, ""label"": ""square_artwork"", ""prompt_directive"": ""Use a balanced square artwork canvas only when the caption does not imply a poster, scroll, spread, or panel format."", ""reason"": """", ""source"": ""rule"", ""width"": 1024}]",aas_safe | reference_style | fid_diverse,"A Ukiyo-e scene of a bustling Japanese street market with figures in kimono gathered around shop stalls, vertical signboards, hanging goods, and bold flat colors with fine linear detail."
track1_0364,generic_artwork,caption_content,free_crop_allowed | aspect_variation_allowed | style_variation_allowed,caption-led subject | medium-appropriate composition | avoid batch template,generic_artwork_surface,"[{""confidence"": 1.0, ""guard_notes"": [], ""guard_status"": ""rule"", ""height"": 1024, ""label"": ""square_artwork"", ""prompt_directive"": ""Use a balanced square artwork canvas only when the caption does not imply a poster, scroll, spread, or panel format."", ""reason"": """", ""source"": ""rule"", ""width"": 1024}]",aas_safe | reference_style | fid_diverse,"A Baroque oval composition of a seated family with an infant and a winged figure playing a violin, set before a dusky landscape with dramatic light and shadow and rich, muted drapery."
track1_0366,generic_artwork,caption_content,free_crop_allowed | aspect_variation_allowed | style_variation_allowed,caption-led subject | medium-appropriate composition | avoid batch template,generic_artwork_surface,"[{""confidence"": 1.0, ""guard_notes"": [], ""guard_status"": ""rule"", ""height"": 1024, ""label"": ""square_artwork"", ""prompt_directive"": ""Use a balanced square artwork canvas only when the caption does not imply a poster, scroll, spread, or panel format."", ""reason"": """", ""source"": ""rule"", ""width"": 1024}]",aas_safe | reference_style | fid_diverse,"Ukiyo-e style woodblock print of two traditional Japanese figures in an interior room with a shoji screen, low drawers, scattered papers, and muted earthy colors with fine linework."
track1_0369,generic_artwork,caption_content,free_crop_allowed | aspect_variation_allowed | style_variation_allowed,caption-led subject | medium-appropriate composition | avoid batch template,generic_artwork_surface,"[{""confidence"": 1.0, ""guard_notes"": [], ""guard_status"": ""rule"", ""height"": 1024, ""label"": ""square_artwork"", ""prompt_directive"": ""Use a balanced square artwork canvas only when the caption does not imply a poster, scroll, spread, or panel format."", ""reason"": """", ""source"": ""rule"", ""width"": 1024}]",aas_safe | reference_style | fid_diverse,"Ukiyo-e style vertical print of two women in patterned kimonos standing close together beneath a paper umbrella, with delicate linework, muted earthy colors, and an aged paper texture."
track1_0374,generic_artwork,caption_content,free_crop_allowed | aspect_variation_allowed | style_variation_allowed,caption-led subject | medium-appropriate composition | avoid batch template,generic_artwork_surface,"[{""confidence"": 1.0, ""guard_notes"": [], ""guard_status"": ""rule"", ""height"": 1024, ""label"": ""square_artwork"", ""prompt_directive"": ""Use a balanced square artwork canvas only when the caption does not imply a poster, scroll, spread, or panel format."", ""reason"": """", ""source"": ""rule"", ""width"": 1024}]",aas_safe | reference_style | fid_diverse,"Ukiyo-e scene of people and children gathered on a wooden veranda overlooking distant Mount Fuji, with delicate linework, muted colors, and a calm open landscape."
track1_0377,generic_artwork,caption_content,free_crop_allowed | aspect_variation_allowed | style_variation_allowed,caption-led subject | medium-appropriate composition | avoid batch template,generic_artwork_surface,"[{""confidence"": 1.0, ""guard_notes"": [], ""guard_status"": ""rule"", ""height"": 1024, ""label"": ""square_artwork"", ""prompt_directive"": ""Use a balanced square artwork canvas only when the caption does not imply a poster, scroll, spread, or panel format."", ""reason"": """", ""source"": ""rule"", ""width"": 1024}]",aas_safe | reference_style | fid_diverse,"Ukiyo-e scene of three women in patterned kimono arranging flowers and grasses indoors, with delicate linework, muted colors, and a calm domestic atmosphere."
track1_0382,generic_artwork,caption_content,free_crop_allowed | aspect_variation_allowed | style_variation_allowed,caption-led subject | medium-appropriate composition | avoid batch template,generic_artwork_surface,"[{""confidence"": 1.0, ""guard_notes"": [], ""guard_status"": ""rule"", ""height"": 1024, ""label"": ""square_artwork"", ""prompt_directive"": ""Use a balanced square artwork canvas only when the caption does not imply a poster, scroll, spread, or panel format."", ""reason"": """", ""source"": ""rule"", ""width"": 1024}]",aas_safe | reference_style | fid_diverse,"A solemn Baroque crucifix with Christ nailed to a dark wooden cross, an INRI plaque above, a skull at the base, and dramatic light and shadow emphasizing the carved anatomy and wood grain."
track1_0387,generic_artwork,caption_content,free_crop_allowed | aspect_variation_allowed | style_variation_allowed,caption-led subject | medium-appropriate composition | avoid batch template,painting_or_brushwork_surface,"[{""confidence"": 1.0, ""guard_notes"": [], ""guard_status"": ""rule"", ""height"": 1024, ""label"": ""square_artwork"", ""prompt_directive"": ""Use a balanced square artwork canvas only when the caption does not imply a poster, scroll, spread, or panel format."", ""reason"": """", ""source"": ""rule"", ""width"": 1024}]",aas_safe | reference_style | fid_diverse,"A Gongbi painting of red peony blossoms on branching stems with dense blue-green leaves, delicate outlines, muted ink colors, and a calm vertical composition with small insects near the top."
track1_0388,generic_artwork,caption_content,free_crop_allowed | aspect_variation_allowed | style_variation_allowed,caption-led subject | medium-appropriate composition | avoid batch template,generic_artwork_surface,"[{""confidence"": 1.0, ""guard_notes"": [], ""guard_status"": ""rule"", ""height"": 1024, ""label"": ""square_artwork"", ""prompt_directive"": ""Use a balanced square artwork canvas only when the caption does not imply a poster, scroll, spread, or panel format."", ""reason"": """", ""source"": ""rule"", ""width"": 1024}]",aas_safe | reference_style | fid_diverse,"Abstract composition of black geometric rectangles, triangles, arches, and ovals layered over translucent salmon-red and gray washes with a dense grid-like rhythm and soft brush textures."
track1_0389,generic_artwork,caption_content,free_crop_allowed | aspect_variation_allowed | style_variation_allowed,caption-led subject | medium-appropriate composition | avoid batch template,generic_artwork_surface,"[{""confidence"": 1.0, ""guard_notes"": [], ""guard_status"": ""rule"", ""height"": 1024, ""label"": ""square_artwork"", ""prompt_directive"": ""Use a balanced square artwork canvas only when the caption does not imply a poster, scroll, spread, or panel format."", ""reason"": """", ""source"": ""rule"", ""width"": 1024}]",aas_safe | reference_style | fid_diverse,"An Early Renaissance scene of the Virgin and Child seated on a red throne as a kneeling king offers homage, surrounded by attendants within a muted architectural interior with soft light and solemn atmosphere."
track1_0391,generic_artwork,caption_content,free_crop_allowed | aspect_variation_allowed | style_variation_allowed,caption-led subject | medium-appropriate composition | avoid batch template,generic_artwork_surface,"[{""confidence"": 1.0, ""guard_notes"": [], ""guard_status"": ""rule"", ""height"": 1024, ""label"": ""square_artwork"", ""prompt_directive"": ""Use a balanced square artwork canvas only when the caption does not imply a poster, scroll, spread, or panel format."", ""reason"": """", ""source"": ""rule"", ""width"": 1024}]",aas_safe | reference_style | fid_diverse,"A Gongbi-style pair of formal Chinese court portraits with richly ornamented robes, elaborate headdresses, fine precise linework, and a warm golden textile background."
track1_0395,generic_artwork,caption_content,free_crop_allowed | aspect_variation_allowed | style_variation_allowed,caption-led subject | medium-appropriate composition | avoid batch template,generic_artwork_surface,"[{""confidence"": 1.0, ""guard_notes"": [], ""guard_status"": ""rule"", ""height"": 1024, ""label"": ""square_artwork"", ""prompt_directive"": ""Use a balanced square artwork canvas only when the caption does not imply a poster, scroll, spread, or panel format."", ""reason"": """", ""source"": ""rule"", ""width"": 1024}]",aas_safe | reference_style | fid_diverse,"Abstract still life composition with elongated utensil-like forms crossing a white oval shape marked by vivid blue brushstrokes, set against a smoky gray textured background with a muted, mysterious mood."
track1_0398,generic_artwork,caption_content,free_crop_allowed | aspect_variation_allowed | style_variation_allowed,caption-led subject | medium-appropriate composition | avoid batch template,generic_artwork_surface,"[{""confidence"": 1.0, ""guard_notes"": [], ""guard_status"": ""rule"", ""height"": 1024, ""label"": ""square_artwork"", ""prompt_directive"": ""Use a balanced square artwork canvas only when the caption does not imply a poster, scroll, spread, or panel format."", ""reason"": """", ""source"": ""rule"", ""width"": 1024}]",aas_safe | reference_style | fid_diverse,"A Gongbi painting of two rabbits resting among bamboo branches and grasses, rendered with fine delicate linework, muted earthy tones, and a calm serene atmosphere."
track1_0400,generic_artwork,caption_content,free_crop_allowed | aspect_variation_allowed | style_variation_allowed,caption-led subject | medium-appropriate composition | avoid batch template,generic_artwork_surface,"[{""confidence"": 1.0, ""guard_notes"": [], ""guard_status"": ""rule"", ""height"": 1024, ""label"": ""square_artwork"", ""prompt_directive"": ""Use a balanced square artwork canvas only when the caption does not imply a poster, scroll, spread, or panel format."", ""reason"": """", ""source"": ""rule"", ""width"": 1024}]",aas_safe | reference_style | fid_diverse,"A Ukiyo-e panoramic riverside market scene with crowds of people in traditional robes, boats on the water, distant wooded hills, and fine linework in a muted earthy color palette."
track1_0402,generic_artwork,caption_content,free_crop_allowed | aspect_variation_allowed | style_variation_allowed,caption-led subject | medium-appropriate composition | avoid batch template,painting_or_brushwork_surface,"[{""confidence"": 1.0, ""guard_notes"": [], ""guard_status"": ""rule"", ""height"": 1024, ""label"": ""square_artwork"", ""prompt_directive"": ""Use a balanced square artwork canvas only when the caption does not imply a poster, scroll, spread, or panel format."", ""reason"": """", ""source"": ""rule"", ""width"": 1024}]",aas_safe | reference_style | fid_diverse,"A Gongbi painting of an elderly robed scholar seated beside rugged rocks with a vase of flowers and a long staff, rendered in delicate ink lines, muted colors, and a sparse serene composition."
track1_0403,generic_artwork,caption_content,free_crop_allowed | aspect_variation_allowed | style_variation_allowed,caption-led subject | medium-appropriate composition | avoid batch template,generic_artwork_surface,"[{""confidence"": 1.0, ""guard_notes"": [], ""guard_status"": ""rule"", ""height"": 1024, ""label"": ""square_artwork"", ""prompt_directive"": ""Use a balanced square artwork canvas only when the caption does not imply a poster, scroll, spread, or panel format."", ""reason"": """", ""source"": ""rule"", ""width"": 1024}]",aas_safe | reference_style | fid_diverse,"Three seated women with long dark hair in an intimate interior scene rendered in impressionism, with loose charcoal-like lines, muted earth tones, and soft sketchy textures."
track1_0406,generic_artwork,caption_content,free_crop_allowed | aspect_variation_allowed | style_variation_allowed,caption-led subject | medium-appropriate composition | avoid batch template,generic_artwork_surface,"[{""confidence"": 1.0, ""guard_notes"": [], ""guard_status"": ""rule"", ""height"": 1024, ""label"": ""square_artwork"", ""prompt_directive"": ""Use a balanced square artwork canvas only when the caption does not imply a poster, scroll, spread, or panel format."", ""reason"": """", ""source"": ""rule"", ""width"": 1024}]",aas_safe | reference_style | fid_diverse,"An Early Renaissance bust portrait of a solemn hooded figure in a dark black mantle with subtle red trim against a plain brown background, painted with muted tones and an aged panel texture."
track1_0407,generic_artwork,caption_content,free_crop_allowed | aspect_variation_allowed | style_variation_allowed,caption-led subject | medium-appropriate composition | avoid batch template,generic_artwork_surface,"[{""confidence"": 1.0, ""guard_notes"": [], ""guard_status"": ""rule"", ""height"": 1024, ""label"": ""square_artwork"", ""prompt_directive"": ""Use a balanced square artwork canvas only when the caption does not imply a poster, scroll, spread, or panel format."", ""reason"": """", ""source"": ""rule"", ""width"": 1024}]",aas_safe | reference_style | fid_diverse,"A Gongbi botanical painting of elegant lilies with white and pale yellow blossoms, slender green leaves, and fine precise linework on a warm tan background."
track1_0408,generic_artwork,caption_content,free_crop_allowed | aspect_variation_allowed | style_variation_allowed,caption-led subject | medium-appropriate composition | avoid batch template,painting_or_brushwork_surface,"[{""confidence"": 1.0, ""guard_notes"": [], ""guard_status"": ""rule"", ""height"": 1024, ""label"": ""square_artwork"", ""prompt_directive"": ""Use a balanced square artwork canvas only when the caption does not imply a poster, scroll, spread, or panel format."", ""reason"": """", ""source"": ""rule"", ""width"": 1024}]",aas_safe | reference_style | fid_diverse,"Ink and wash painting of a serene riverside landscape with a massive rocky tree-covered cliff on the left, a small boat with a lone figure on the water, distant hills, and delicate monochrome brushwork."
track1_0409,generic_artwork,caption_content,free_crop_allowed | aspect_variation_allowed | style_variation_allowed,caption-led subject | medium-appropriate composition | avoid batch template,painting_or_brushwork_surface,"[{""confidence"": 1.0, ""guard_notes"": [], ""guard_status"": ""rule"", ""height"": 1024, ""label"": ""square_artwork"", ""prompt_directive"": ""Use a balanced square artwork canvas only when the caption does not imply a poster, scroll, spread, or panel format."", ""reason"": """", ""source"": ""rule"", ""width"": 1024}]",aas_safe | reference_style | fid_diverse,"Ukiyo-e style pale orange lilies with dark green leaves on a muted background, rendered with delicate ink outlines, flat color washes, and a calm botanical composition."
track1_0410,generic_artwork,caption_content,free_crop_allowed | aspect_variation_allowed | style_variation_allowed,caption-led subject | medium-appropriate composition | avoid batch template,painting_or_brushwork_surface,"[{""confidence"": 1.0, ""guard_notes"": [], ""guard_status"": ""rule"", ""height"": 1024, ""label"": ""square_artwork"", ""prompt_directive"": ""Use a balanced square artwork canvas only when the caption does not imply a poster, scroll, spread, or panel format."", ""reason"": """", ""source"": ""rule"", ""width"": 1024}]",aas_safe | reference_style | fid_diverse,"Ink and wash painting of a serene riverside landscape with misty mountains, willow trees on a small island, and a quiet pavilion rendered in soft monochrome brushwork."
track1_0415,generic_artwork,caption_content,free_crop_allowed | aspect_variation_allowed | style_variation_allowed,caption-led subject | medium-appropriate composition | avoid batch template,painting_or_brushwork_surface,"[{""confidence"": 1.0, ""guard_notes"": [], ""guard_status"": ""rule"", ""height"": 1024, ""label"": ""square_artwork"", ""prompt_directive"": ""Use a balanced square artwork canvas only when the caption does not imply a poster, scroll, spread, or panel format."", ""reason"": """", ""source"": ""rule"", ""width"": 1024}]",aas_safe | reference_style | fid_diverse,"Ink and wash painting of a serene rocky riverside landscape with steep cliffs, a cave-like opening, clustered trees, and a small boat rendered in soft sepia tones and delicate brushwork."
track1_0417,generic_artwork,caption_content,free_crop_allowed | aspect_variation_allowed | style_variation_allowed,caption-led subject | medium-appropriate composition | avoid batch template,generic_artwork_surface,"[{""confidence"": 1.0, ""guard_notes"": [], ""guard_status"": ""rule"", ""height"": 1024, ""label"": ""square_artwork"", ""prompt_directive"": ""Use a balanced square artwork canvas only when the caption does not imply a poster, scroll, spread, or panel format."", ""reason"": """", ""source"": ""rule"", ""width"": 1024}]",aas_safe | reference_style | fid_diverse,"An Early Renaissance devotional scene of a haloed Madonna enthroned with the Christ Child before a richly patterned red tapestry and ornate architectural setting, using luminous gold details, delicate linear forms, and a solemn atmosphere."
track1_0418,generic_artwork,caption_content,free_crop_allowed | aspect_variation_allowed | style_variation_allowed,caption-led subject | medium-appropriate composition | avoid batch template,generic_artwork_surface,"[{""confidence"": 1.0, ""guard_notes"": [], ""guard_status"": ""rule"", ""height"": 1024, ""label"": ""square_artwork"", ""prompt_directive"": ""Use a balanced square artwork canvas only when the caption does not imply a poster, scroll, spread, or panel format."", ""reason"": """", ""source"": ""rule"", ""width"": 1024}]",aas_safe | reference_style | fid_diverse,"An Early Renaissance frontal bust portrait of a long-haired figure in a dark robe against a deep blue background with delicate gold ornamental flourishes and a pale painted border, rendered with subdued lighting and aged panel texture."
track1_0420,generic_artwork,caption_content,free_crop_allowed | aspect_variation_allowed | style_variation_allowed,caption-led subject | medium-appropriate composition | avoid batch template,generic_artwork_surface,"[{""confidence"": 1.0, ""guard_notes"": [], ""guard_status"": ""rule"", ""height"": 1024, ""label"": ""square_artwork"", ""prompt_directive"": ""Use a balanced square artwork canvas only when the caption does not imply a poster, scroll, spread, or panel format."", ""reason"": """", ""source"": ""rule"", ""width"": 1024}]",aas_safe | reference_style | fid_diverse,"Ukiyo-e winter landscape with travelers crossing arched bridges over a blue river, bare snow-covered trees, distant mountains, and delicate linework in a muted pastel palette."
track1_0424,generic_artwork,caption_content,free_crop_allowed | aspect_variation_allowed | style_variation_allowed,caption-led subject | medium-appropriate composition | avoid batch template,painting_or_brushwork_surface,"[{""confidence"": 1.0, ""guard_notes"": [], ""guard_status"": ""rule"", ""height"": 1024, ""label"": ""square_artwork"", ""prompt_directive"": ""Use a balanced square artwork canvas only when the caption does not imply a poster, scroll, spread, or panel format."", ""reason"": """", ""source"": ""rule"", ""width"": 1024}]",aas_safe | reference_style | fid_diverse,"Ink and wash painting of a serene mountainous river landscape with misty peaks, clustered trees, small houses, and tiny boats rendered in delicate brushwork and soft gray tones."
track1_0437,generic_artwork,caption_content,free_crop_allowed | aspect_variation_allowed | style_variation_allowed,caption-led subject | medium-appropriate composition | avoid batch template,painting_or_brushwork_surface,"[{""confidence"": 1.0, ""guard_notes"": [], ""guard_status"": ""rule"", ""height"": 1024, ""label"": ""square_artwork"", ""prompt_directive"": ""Use a balanced square artwork canvas only when the caption does not imply a poster, scroll, spread, or panel format."", ""reason"": """", ""source"": ""rule"", ""width"": 1024}]",aas_safe | reference_style | fid_diverse,"A Gongbi-style vertical painting of robed scholars and attendants gathered among rocks, trees, and a rustic hut, rendered with fine ink linework and a muted monochrome palette."
track1_0439,generic_artwork,caption_content,free_crop_allowed | aspect_variation_allowed | style_variation_allowed,caption-led subject | medium-appropriate composition | avoid batch template,painting_or_brushwork_surface,"[{""confidence"": 1.0, ""guard_notes"": [], ""guard_status"": ""rule"", ""height"": 1024, ""label"": ""square_artwork"", ""prompt_directive"": ""Use a balanced square artwork canvas only when the caption does not imply a poster, scroll, spread, or panel format."", ""reason"": """", ""source"": ""rule"", ""width"": 1024}]",aas_safe | reference_style | fid_diverse,"A Ukiyo-e woodblock print of an armored samurai crouching in a dramatic stance beneath heavy diagonal rain-like lines, with muted colors, fine ink linework, and a tense atmosphere."
track1_0441,generic_artwork,caption_content,free_crop_allowed | aspect_variation_allowed | style_variation_allowed,caption-led subject | medium-appropriate composition | avoid batch template,painting_or_brushwork_surface,"[{""confidence"": 1.0, ""guard_notes"": [], ""guard_status"": ""rule"", ""height"": 1024, ""label"": ""square_artwork"", ""prompt_directive"": ""Use a balanced square artwork canvas only when the caption does not imply a poster, scroll, spread, or panel format."", ""reason"": """", ""source"": ""rule"", ""width"": 1024}]",aas_safe | reference_style | fid_diverse,"Ink and wash painting of a misty mountain river landscape with dense trees, rocky cliffs, a small boat, and soft sepia brushwork creating a serene atmosphere."
track1_0447,generic_artwork,caption_content,free_crop_allowed | aspect_variation_allowed | style_variation_allowed,caption-led subject | medium-appropriate composition | avoid batch template,generic_artwork_surface,"[{""confidence"": 1.0, ""guard_notes"": [], ""guard_status"": ""rule"", ""height"": 1024, ""label"": ""square_artwork"", ""prompt_directive"": ""Use a balanced square artwork canvas only when the caption does not imply a poster, scroll, spread, or panel format."", ""reason"": """", ""source"": ""rule"", ""width"": 1024}]",aas_safe | reference_style | fid_diverse,"Ukiyo-e style portrait of a standing woman in an ornate floral kimono and layered sash, seen from behind beneath delicate blossoming branches, with fine linework and a muted pink color palette."
track1_0449,generic_artwork,caption_content,free_crop_allowed | aspect_variation_allowed | style_variation_allowed,caption-led subject | medium-appropriate composition | avoid batch template,generic_artwork_surface,"[{""confidence"": 1.0, ""guard_notes"": [], ""guard_status"": ""rule"", ""height"": 1024, ""label"": ""square_artwork"", ""prompt_directive"": ""Use a balanced square artwork canvas only when the caption does not imply a poster, scroll, spread, or panel format."", ""reason"": """", ""source"": ""rule"", ""width"": 1024}]",aas_safe | reference_style | fid_diverse,"An Early Renaissance devotional scene of the dead Christ supported by mourning figures beneath a tall wooden cross, set before a distant hilly landscape with muted colors, delicate linework, and a solemn atmosphere."
track1_0450,generic_artwork,caption_content,free_crop_allowed | aspect_variation_allowed | style_variation_allowed,caption-led subject | medium-appropriate composition | avoid batch template,generic_artwork_surface,"[{""confidence"": 1.0, ""guard_notes"": [], ""guard_status"": ""rule"", ""height"": 1024, ""label"": ""square_artwork"", ""prompt_directive"": ""Use a balanced square artwork canvas only when the caption does not imply a poster, scroll, spread, or panel format."", ""reason"": """", ""source"": ""rule"", ""width"": 1024}]",aas_safe | reference_style | fid_diverse,"A Mannerism (Late Renaissance) portrait of a seated bearded man in a dark reddish-brown robe, with one hand emerging from the drapery against a muted, shadowy background and a solemn, subdued atmosphere."
track1_0451,generic_artwork,caption_content,free_crop_allowed | aspect_variation_allowed | style_variation_allowed,caption-led subject | medium-appropriate composition | avoid batch template,generic_artwork_surface,"[{""confidence"": 1.0, ""guard_notes"": [], ""guard_status"": ""rule"", ""height"": 1024, ""label"": ""square_artwork"", ""prompt_directive"": ""Use a balanced square artwork canvas only when the caption does not imply a poster, scroll, spread, or panel format."", ""reason"": """", ""source"": ""rule"", ""width"": 1024}]",aas_safe | reference_style | fid_diverse,"Two robed figures stand beneath a gnarled pine tree in a Gongbi style composition, with delicate linework, muted earth tones, and a calm traditional atmosphere."
track1_0452,generic_artwork,caption_content,free_crop_allowed | aspect_variation_allowed | style_variation_allowed,caption-led subject | medium-appropriate composition | avoid batch template,generic_artwork_surface,"[{""confidence"": 1.0, ""guard_notes"": [], ""guard_status"": ""rule"", ""height"": 1024, ""label"": ""square_artwork"", ""prompt_directive"": ""Use a balanced square artwork canvas only when the caption does not imply a poster, scroll, spread, or panel format."", ""reason"": """", ""source"": ""rule"", ""width"": 1024}]",aas_safe | reference_style | fid_diverse,"A delicate Gongbi painting of a flowering branch with soft pink blossoms and green leaves on warm beige paper, using fine linework, muted colors, and a calm composition."
track1_0453,generic_artwork,caption_content,free_crop_allowed | aspect_variation_allowed | style_variation_allowed,caption-led subject | medium-appropriate composition | avoid batch template,generic_artwork_surface,"[{""confidence"": 1.0, ""guard_notes"": [], ""guard_status"": ""rule"", ""height"": 1024, ""label"": ""square_artwork"", ""prompt_directive"": ""Use a balanced square artwork canvas only when the caption does not imply a poster, scroll, spread, or panel format."", ""reason"": """", ""source"": ""rule"", ""width"": 1024}]",aas_safe | reference_style | fid_diverse,"Ukiyo-e style scene of a lone figure in a long wooden boat gliding across calm blue water beneath a slender tree, with distant mountains and a soft muted color palette."
track1_0456,generic_artwork,caption_content,free_crop_allowed | aspect_variation_allowed | style_variation_allowed,caption-led subject | medium-appropriate composition | avoid batch template,painting_or_brushwork_surface,"[{""confidence"": 1.0, ""guard_notes"": [], ""guard_status"": ""rule"", ""height"": 1024, ""label"": ""square_artwork"", ""prompt_directive"": ""Use a balanced square artwork canvas only when the caption does not imply a poster, scroll, spread, or panel format."", ""reason"": """", ""source"": ""rule"", ""width"": 1024}]",aas_safe | reference_style | fid_diverse,"A Gongbi landscape with finely outlined trees, rocky cliffs, sparse shrubs, and a quiet stream in muted ink-and-wash tones beside a pale patterned silk border."
track1_0460,generic_artwork,caption_content,free_crop_allowed | aspect_variation_allowed | style_variation_allowed,caption-led subject | medium-appropriate composition | avoid batch template,generic_artwork_surface,"[{""confidence"": 1.0, ""guard_notes"": [], ""guard_status"": ""rule"", ""height"": 1024, ""label"": ""square_artwork"", ""prompt_directive"": ""Use a balanced square artwork canvas only when the caption does not imply a poster, scroll, spread, or panel format."", ""reason"": """", ""source"": ""rule"", ""width"": 1024}]",aas_safe | reference_style | fid_diverse,"Ukiyo-e composition of two small blue-and-white birds perched among blossoming branches with red and pale pink flowers, delicate linework, muted colors, and a calm natural atmosphere."
track1_0461,generic_artwork,caption_content,free_crop_allowed | aspect_variation_allowed | style_variation_allowed,caption-led subject | medium-appropriate composition | avoid batch template,painting_or_brushwork_surface,"[{""confidence"": 1.0, ""guard_notes"": [], ""guard_status"": ""rule"", ""height"": 1024, ""label"": ""square_artwork"", ""prompt_directive"": ""Use a balanced square artwork canvas only when the caption does not imply a poster, scroll, spread, or panel format."", ""reason"": """", ""source"": ""rule"", ""width"": 1024}]",aas_safe | reference_style | fid_diverse,"Ink and wash painting of a muted brown travel scene with two pack camels and weary figures resting beside a tall banner pole, rendered with sparse brushwork and a calm, subdued atmosphere."
track1_0463,generic_artwork,caption_content,free_crop_allowed | aspect_variation_allowed | style_variation_allowed,caption-led subject | medium-appropriate composition | avoid batch template,painting_or_brushwork_surface,"[{""confidence"": 1.0, ""guard_notes"": [], ""guard_status"": ""rule"", ""height"": 1024, ""label"": ""square_artwork"", ""prompt_directive"": ""Use a balanced square artwork canvas only when the caption does not imply a poster, scroll, spread, or panel format."", ""reason"": """", ""source"": ""rule"", ""width"": 1024}]",aas_safe | reference_style | fid_diverse,"Ink and wash painting of a serene mountain landscape with a distant river, leafless trees, a small waterfall on the left, and soft sepia tones with delicate brushwork on aged paper."
track1_0470,generic_artwork,caption_content,free_crop_allowed | aspect_variation_allowed | style_variation_allowed,caption-led subject | medium-appropriate composition | avoid batch template,generic_artwork_surface,"[{""confidence"": 1.0, ""guard_notes"": [], ""guard_status"": ""rule"", ""height"": 1024, ""label"": ""square_artwork"", ""prompt_directive"": ""Use a balanced square artwork canvas only when the caption does not imply a poster, scroll, spread, or panel format."", ""reason"": """", ""source"": ""rule"", ""width"": 1024}]",aas_safe | reference_style | fid_diverse,"A Gongbi-style landscape with blue-green rocky mountains, a twisting pine-like tree, and small robed figures gathered along a path in a calm, finely detailed composition."
track1_0473,generic_artwork,caption_content,free_crop_allowed | aspect_variation_allowed | style_variation_allowed,caption-led subject | medium-appropriate composition | avoid batch template,generic_artwork_surface,"[{""confidence"": 1.0, ""guard_notes"": [], ""guard_status"": ""rule"", ""height"": 1024, ""label"": ""square_artwork"", ""prompt_directive"": ""Use a balanced square artwork canvas only when the caption does not imply a poster, scroll, spread, or panel format."", ""reason"": """", ""source"": ""rule"", ""width"": 1024}]",aas_safe | reference_style | fid_diverse,"Two young ballerinas in white tutus practice at a barre in an impressionism style, with soft brushstrokes, muted warm light, and a quiet studio atmosphere."
track1_0481,generic_artwork,caption_content,free_crop_allowed | aspect_variation_allowed | style_variation_allowed,caption-led subject | medium-appropriate composition | avoid batch template,generic_artwork_surface,"[{""confidence"": 1.0, ""guard_notes"": [], ""guard_status"": ""rule"", ""height"": 1024, ""label"": ""square_artwork"", ""prompt_directive"": ""Use a balanced square artwork canvas only when the caption does not imply a poster, scroll, spread, or panel format."", ""reason"": """", ""source"": ""rule"", ""width"": 1024}]",aas_safe | reference_style | fid_diverse,"A Gongbi painting of an imperial palace scene with finely detailed tiled roofs, two robed figures on an upper terrace, and armored men gathered below in a precise, delicate line style."
track1_0486,generic_artwork,caption_content,free_crop_allowed | aspect_variation_allowed | style_variation_allowed,caption-led subject | medium-appropriate composition | avoid batch template,painting_or_brushwork_surface,"[{""confidence"": 1.0, ""guard_notes"": [], ""guard_status"": ""rule"", ""height"": 1024, ""label"": ""square_artwork"", ""prompt_directive"": ""Use a balanced square artwork canvas only when the caption does not imply a poster, scroll, spread, or panel format."", ""reason"": """", ""source"": ""rule"", ""width"": 1024}]",aas_safe | reference_style | fid_diverse,"Abstract watercolor composition with vertical biomorphic forms, blue geometric blocks, red linear accents, and delicate ink-like curves over a muted gray wash."
track1_0489,generic_artwork,caption_content,free_crop_allowed | aspect_variation_allowed | style_variation_allowed,caption-led subject | medium-appropriate composition | avoid batch template,generic_artwork_surface,"[{""confidence"": 1.0, ""guard_notes"": [], ""guard_status"": ""rule"", ""height"": 1024, ""label"": ""square_artwork"", ""prompt_directive"": ""Use a balanced square artwork canvas only when the caption does not imply a poster, scroll, spread, or panel format."", ""reason"": """", ""source"": ""rule"", ""width"": 1024}]",aas_safe | reference_style | fid_diverse,"Ukiyo-e scene of women in flowing kimonos gathered inside a traditional room with calligraphic panels, delicate linework, muted tan colors, and a calm everyday atmosphere."
track1_0495,generic_artwork,caption_content,free_crop_allowed | aspect_variation_allowed | style_variation_allowed,caption-led subject | medium-appropriate composition | avoid batch template,generic_artwork_surface,"[{""confidence"": 1.0, ""guard_notes"": [], ""guard_status"": ""rule"", ""height"": 1024, ""label"": ""square_artwork"", ""prompt_directive"": ""Use a balanced square artwork canvas only when the caption does not imply a poster, scroll, spread, or panel format."", ""reason"": """", ""source"": ""rule"", ""width"": 1024}]",aas_safe | reference_style | fid_diverse,"An Early Renaissance crucifixion scene with Christ on a wooden cross surrounded by solemn kneeling and standing figures in richly colored robes, set before a distant landscape under soft muted light."
track1_0499,generic_artwork,caption_content,free_crop_allowed | aspect_variation_allowed | style_variation_allowed,caption-led subject | medium-appropriate composition | avoid batch template,generic_artwork_surface,"[{""confidence"": 1.0, ""guard_notes"": [], ""guard_status"": ""rule"", ""height"": 1024, ""label"": ""square_artwork"", ""prompt_directive"": ""Use a balanced square artwork canvas only when the caption does not imply a poster, scroll, spread, or panel format."", ""reason"": """", ""source"": ""rule"", ""width"": 1024}]",aas_safe | reference_style | fid_diverse,"Abstract minimalist composition with a dark blue-black monochrome field, subtle tonal gradients, and a thin shadowed frame creating a calm, mysterious atmosphere."
track1_0503,generic_artwork,caption_content,free_crop_allowed | aspect_variation_allowed | style_variation_allowed,caption-led subject | medium-appropriate composition | avoid batch template,painting_or_brushwork_surface,"[{""confidence"": 1.0, ""guard_notes"": [], ""guard_status"": ""rule"", ""height"": 1024, ""label"": ""square_artwork"", ""prompt_directive"": ""Use a balanced square artwork canvas only when the caption does not imply a poster, scroll, spread, or panel format."", ""reason"": """", ""source"": ""rule"", ""width"": 1024}]",aas_safe | reference_style | fid_diverse,"Ink and wash painting of a serene mountainous landscape with rugged cliffs, pine trees, misty valleys, and delicate monochrome brushwork."
track1_0504,generic_artwork,caption_content,free_crop_allowed | aspect_variation_allowed | style_variation_allowed,caption-led subject | medium-appropriate composition | avoid batch template,generic_artwork_surface,"[{""confidence"": 1.0, ""guard_notes"": [], ""guard_status"": ""rule"", ""height"": 1024, ""label"": ""square_artwork"", ""prompt_directive"": ""Use a balanced square artwork canvas only when the caption does not imply a poster, scroll, spread, or panel format."", ""reason"": """", ""source"": ""rule"", ""width"": 1024}]",aas_safe | reference_style | fid_diverse,"A Baroque anatomical engraving of muscular human figures and a small skeleton arranged with precise geometric diagrams, fine etched linework, and an ornate architectural base."
track1_0513,generic_artwork,caption_content,free_crop_allowed | aspect_variation_allowed | style_variation_allowed,caption-led subject | medium-appropriate composition | avoid batch template,generic_artwork_surface,"[{""confidence"": 1.0, ""guard_notes"": [], ""guard_status"": ""rule"", ""height"": 1024, ""label"": ""square_artwork"", ""prompt_directive"": ""Use a balanced square artwork canvas only when the caption does not imply a poster, scroll, spread, or panel format."", ""reason"": """", ""source"": ""rule"", ""width"": 1024}]",aas_safe | reference_style | fid_diverse,"A Gongbi painting of a robed elder seated among rocks with attendants, an incense burner releasing curling smoke, pine trees, and distant mountains rendered with fine linework and muted colors."
track1_0514,generic_artwork,caption_content,free_crop_allowed | aspect_variation_allowed | style_variation_allowed,caption-led subject | medium-appropriate composition | avoid batch template,painting_or_brushwork_surface,"[{""confidence"": 1.0, ""guard_notes"": [], ""guard_status"": ""rule"", ""height"": 1024, ""label"": ""square_artwork"", ""prompt_directive"": ""Use a balanced square artwork canvas only when the caption does not imply a poster, scroll, spread, or panel format."", ""reason"": """", ""source"": ""rule"", ""width"": 1024}]",aas_safe | reference_style | fid_diverse,"Ink and wash painting of a serene misty mountain landscape with pine trees, a winding stream, rocky hills, and a small pavilion rendered in soft monochrome brushwork."
track1_0515,generic_artwork,caption_content,free_crop_allowed | aspect_variation_allowed | style_variation_allowed,caption-led subject | medium-appropriate composition | avoid batch template,generic_artwork_surface,"[{""confidence"": 1.0, ""guard_notes"": [], ""guard_status"": ""rule"", ""height"": 1024, ""label"": ""square_artwork"", ""prompt_directive"": ""Use a balanced square artwork canvas only when the caption does not imply a poster, scroll, spread, or panel format."", ""reason"": """", ""source"": ""rule"", ""width"": 1024}]",aas_safe | reference_style | fid_diverse,"An Early Renaissance circular devotional portrait of a veiled mother in a red cloak nursing an infant before a distant landscape, enclosed in a gilded round frame with fine linework, muted colors, and soft natural light."
track1_0517,generic_artwork,caption_content,free_crop_allowed | aspect_variation_allowed | style_variation_allowed,caption-led subject | medium-appropriate composition | avoid batch template,painting_or_brushwork_surface,"[{""confidence"": 1.0, ""guard_notes"": [], ""guard_status"": ""rule"", ""height"": 1024, ""label"": ""square_artwork"", ""prompt_directive"": ""Use a balanced square artwork canvas only when the caption does not imply a poster, scroll, spread, or panel format."", ""reason"": """", ""source"": ""rule"", ""width"": 1024}]",aas_safe | reference_style | fid_diverse,"Ink and wash painting of a fan-shaped landscape with a small thatched hut among trees and distant hills, rendered with delicate brushwork and muted earthy tones on aged paper."
track1_0519,generic_artwork,caption_content,free_crop_allowed | aspect_variation_allowed | style_variation_allowed,caption-led subject | medium-appropriate composition | avoid batch template,generic_artwork_surface,"[{""confidence"": 1.0, ""guard_notes"": [], ""guard_status"": ""rule"", ""height"": 1024, ""label"": ""square_artwork"", ""prompt_directive"": ""Use a balanced square artwork canvas only when the caption does not imply a poster, scroll, spread, or panel format."", ""reason"": """", ""source"": ""rule"", ""width"": 1024}]",aas_safe | reference_style | fid_diverse,"A High Renaissance half-length portrait of a figure in a red cap and pale voluminous robe with folded arms, set against a dark background with soft modeling and a muted color palette."
track1_0520,generic_artwork,caption_content,free_crop_allowed | aspect_variation_allowed | style_variation_allowed,caption-led subject | medium-appropriate composition | avoid batch template,generic_artwork_surface,"[{""confidence"": 1.0, ""guard_notes"": [], ""guard_status"": ""rule"", ""height"": 1024, ""label"": ""square_artwork"", ""prompt_directive"": ""Use a balanced square artwork canvas only when the caption does not imply a poster, scroll, spread, or panel format."", ""reason"": """", ""source"": ""rule"", ""width"": 1024}]",aas_safe | reference_style | fid_diverse,"A Baroque candlelit scene with figures gathered around an open book, raised hands, red cherries, and dramatic chiaroscuro lighting against a dark background."
track1_0521,generic_artwork,caption_content,free_crop_allowed | aspect_variation_allowed | style_variation_allowed,caption-led subject | medium-appropriate composition | avoid batch template,generic_artwork_surface,"[{""confidence"": 1.0, ""guard_notes"": [], ""guard_status"": ""rule"", ""height"": 1024, ""label"": ""square_artwork"", ""prompt_directive"": ""Use a balanced square artwork canvas only when the caption does not imply a poster, scroll, spread, or panel format."", ""reason"": """", ""source"": ""rule"", ""width"": 1024}]",aas_safe | reference_style | fid_diverse,"Ukiyo-e style scene of several horses in a snowy landscape, with bold flat colors, delicate linework, and distant shrubs under a pale blue sky."
track1_0524,generic_artwork,caption_content,free_crop_allowed | aspect_variation_allowed | style_variation_allowed,caption-led subject | medium-appropriate composition | avoid batch template,painting_or_brushwork_surface,"[{""confidence"": 1.0, ""guard_notes"": [], ""guard_status"": ""rule"", ""height"": 1024, ""label"": ""square_artwork"", ""prompt_directive"": ""Use a balanced square artwork canvas only when the caption does not imply a poster, scroll, spread, or panel format."", ""reason"": """", ""source"": ""rule"", ""width"": 1024}]",aas_safe | reference_style | fid_diverse,"Ink and wash painting of a serene traditional landscape with rocky hills, sparse trees, and a small pavilion beside water, rendered in delicate monochrome brushwork on aged brown paper."
track1_0525,generic_artwork,caption_content,free_crop_allowed | aspect_variation_allowed | style_variation_allowed,caption-led subject | medium-appropriate composition | avoid batch template,generic_artwork_surface,"[{""confidence"": 1.0, ""guard_notes"": [], ""guard_status"": ""rule"", ""height"": 1024, ""label"": ""square_artwork"", ""prompt_directive"": ""Use a balanced square artwork canvas only when the caption does not imply a poster, scroll, spread, or panel format."", ""reason"": """", ""source"": ""rule"", ""width"": 1024}]",aas_safe | reference_style | fid_diverse,"A serene Gongbi painting of a slender flowering tree with pink blossoms growing beside textured garden rocks and grasses, rendered with fine linework and a muted earthy color palette."
track1_0526,generic_artwork,caption_content,free_crop_allowed | aspect_variation_allowed | style_variation_allowed,caption-led subject | medium-appropriate composition | avoid batch template,generic_artwork_surface,"[{""confidence"": 1.0, ""guard_notes"": [], ""guard_status"": ""rule"", ""height"": 1024, ""label"": ""square_artwork"", ""prompt_directive"": ""Use a balanced square artwork canvas only when the caption does not imply a poster, scroll, spread, or panel format."", ""reason"": """", ""source"": ""rule"", ""width"": 1024}]",aas_safe | reference_style | fid_diverse,"An Early Renaissance diptych with ornate red-and-gold borders, featuring a crowded Crucifixion scene on the left and a dramatic Last Judgment with heavenly figures above and tormented souls below on the right, rendered with precise detail and rich colors."
track1_0531,generic_artwork,caption_content,free_crop_allowed | aspect_variation_allowed | style_variation_allowed,caption-led subject | medium-appropriate composition | avoid batch template,generic_artwork_surface,"[{""confidence"": 1.0, ""guard_notes"": [], ""guard_status"": ""rule"", ""height"": 1024, ""label"": ""square_artwork"", ""prompt_directive"": ""Use a balanced square artwork canvas only when the caption does not imply a poster, scroll, spread, or panel format."", ""reason"": """", ""source"": ""rule"", ""width"": 1024}]",aas_safe | reference_style | fid_diverse,"Ukiyo-e style scene of elegantly dressed women standing beside a river in a hilly garden landscape, with delicate linework, muted colors, and a calm natural atmosphere."
track1_0540,generic_artwork,caption_content,free_crop_allowed | aspect_variation_allowed | style_variation_allowed,caption-led subject | medium-appropriate composition | avoid batch template,generic_artwork_surface,"[{""confidence"": 1.0, ""guard_notes"": [], ""guard_status"": ""rule"", ""height"": 1024, ""label"": ""square_artwork"", ""prompt_directive"": ""Use a balanced square artwork canvas only when the caption does not imply a poster, scroll, spread, or panel format."", ""reason"": """", ""source"": ""rule"", ""width"": 1024}]",aas_safe | reference_style | fid_diverse,"Ukiyo-e style scene of two women in patterned kimonos beside a tree and garden stream, rendered with delicate linework, muted colors, and a calm atmospheric composition."
track1_0542,generic_artwork,caption_content,free_crop_allowed | aspect_variation_allowed | style_variation_allowed,caption-led subject | medium-appropriate composition | avoid batch template,painting_or_brushwork_surface,"[{""confidence"": 1.0, ""guard_notes"": [], ""guard_status"": ""rule"", ""height"": 1024, ""label"": ""square_artwork"", ""prompt_directive"": ""Use a balanced square artwork canvas only when the caption does not imply a poster, scroll, spread, or panel format."", ""reason"": """", ""source"": ""rule"", ""width"": 1024}]",aas_safe | reference_style | fid_diverse,"Abstract composition of floating biomorphic forms and delicate ink-like lines over a soft pink and turquoise wash, with translucent shapes, loose brushstrokes, and a calm dreamlike mood."
track1_0544,generic_artwork,caption_content,free_crop_allowed | aspect_variation_allowed | style_variation_allowed,caption-led subject | medium-appropriate composition | avoid batch template,painting_or_brushwork_surface,"[{""confidence"": 1.0, ""guard_notes"": [], ""guard_status"": ""rule"", ""height"": 1024, ""label"": ""square_artwork"", ""prompt_directive"": ""Use a balanced square artwork canvas only when the caption does not imply a poster, scroll, spread, or panel format."", ""reason"": """", ""source"": ""rule"", ""width"": 1024}]",aas_safe | reference_style | fid_diverse,"Ink and wash painting of a fan-shaped landscape with misty mountains, clustered trees, and soft textured brushwork on warm aged paper."
track1_0547,generic_artwork,caption_content,free_crop_allowed | aspect_variation_allowed | style_variation_allowed,caption-led subject | medium-appropriate composition | avoid batch template,generic_artwork_surface,"[{""confidence"": 1.0, ""guard_notes"": [], ""guard_status"": ""rule"", ""height"": 1024, ""label"": ""square_artwork"", ""prompt_directive"": ""Use a balanced square artwork canvas only when the caption does not imply a poster, scroll, spread, or panel format."", ""reason"": """", ""source"": ""rule"", ""width"": 1024}]",aas_safe | reference_style | fid_diverse,"Abstract monochrome composition of blurred white light shapes and dark diagonal geometric shadows, creating a mysterious high-contrast play of light and texture."
track1_0548,generic_artwork,caption_content,free_crop_allowed | aspect_variation_allowed | style_variation_allowed,caption-led subject | medium-appropriate composition | avoid batch template,generic_artwork_surface,"[{""confidence"": 1.0, ""guard_notes"": [], ""guard_status"": ""rule"", ""height"": 1024, ""label"": ""square_artwork"", ""prompt_directive"": ""Use a balanced square artwork canvas only when the caption does not imply a poster, scroll, spread, or panel format."", ""reason"": """", ""source"": ""rule"", ""width"": 1024}]",aas_safe | reference_style | fid_diverse,"An Early Renaissance sepia-toned drawing of two robed seated figures working at facing lecterns beneath hovering angels, with fine linear shading, muted parchment colors, and a solemn balanced composition."
track1_0549,generic_artwork,caption_content,free_crop_allowed | aspect_variation_allowed | style_variation_allowed,caption-led subject | medium-appropriate composition | avoid batch template,generic_artwork_surface,"[{""confidence"": 1.0, ""guard_notes"": [], ""guard_status"": ""rule"", ""height"": 1024, ""label"": ""square_artwork"", ""prompt_directive"": ""Use a balanced square artwork canvas only when the caption does not imply a poster, scroll, spread, or panel format."", ""reason"": """", ""source"": ""rule"", ""width"": 1024}]",aas_safe | reference_style | fid_diverse,"A Mannerism (Late Renaissance) courtly group portrait of richly dressed noblemen in ruffled collars standing with swords, staffs, and ornate garments inside a tiled architectural hall, with a small dog at their feet and subdued dramatic lighting."
track1_0550,generic_artwork,caption_content,free_crop_allowed | aspect_variation_allowed | style_variation_allowed,caption-led subject | medium-appropriate composition | avoid batch template,generic_artwork_surface,"[{""confidence"": 1.0, ""guard_notes"": [], ""guard_status"": ""rule"", ""height"": 1024, ""label"": ""square_artwork"", ""prompt_directive"": ""Use a balanced square artwork canvas only when the caption does not imply a poster, scroll, spread, or panel format."", ""reason"": """", ""source"": ""rule"", ""width"": 1024}]",aas_safe | reference_style | fid_diverse,"Ukiyo-e scene of elegantly dressed Japanese women gathered in an interior with musicians on a raised platform, delicate linework, muted colors, and patterned textiles creating a calm ceremonial atmosphere."
track1_0554,generic_artwork,caption_content,free_crop_allowed | aspect_variation_allowed | style_variation_allowed,caption-led subject | medium-appropriate composition | avoid batch template,generic_artwork_surface,"[{""confidence"": 1.0, ""guard_notes"": [], ""guard_status"": ""rule"", ""height"": 1024, ""label"": ""square_artwork"", ""prompt_directive"": ""Use a balanced square artwork canvas only when the caption does not imply a poster, scroll, spread, or panel format."", ""reason"": """", ""source"": ""rule"", ""width"": 1024}]",aas_safe | reference_style | fid_diverse,"Ukiyo-e scene of two women in flowing kimono seated on a wooden veranda beside sliding lattice doors, with delicate linework, muted colors, and a calm garden setting."
track1_0556,generic_artwork,caption_content,free_crop_allowed | aspect_variation_allowed | style_variation_allowed,caption-led subject | medium-appropriate composition | avoid batch template,generic_artwork_surface,"[{""confidence"": 1.0, ""guard_notes"": [], ""guard_status"": ""rule"", ""height"": 1024, ""label"": ""square_artwork"", ""prompt_directive"": ""Use a balanced square artwork canvas only when the caption does not imply a poster, scroll, spread, or panel format."", ""reason"": """", ""source"": ""rule"", ""width"": 1024}]",aas_safe | reference_style | fid_diverse,"A dramatic Baroque scene with a winged angel reaching toward a kneeling figure beneath swirling clouds and cherubs, while sleeping figures lie in the shadowed foreground, illuminated by warm chiaroscuro light."
track1_0559,generic_artwork,caption_content,free_crop_allowed | aspect_variation_allowed | style_variation_allowed,caption-led subject | medium-appropriate composition | avoid batch template,generic_artwork_surface,"[{""confidence"": 1.0, ""guard_notes"": [], ""guard_status"": ""rule"", ""height"": 1024, ""label"": ""square_artwork"", ""prompt_directive"": ""Use a balanced square artwork canvas only when the caption does not imply a poster, scroll, spread, or panel format."", ""reason"": """", ""source"": ""rule"", ""width"": 1024}]",aas_safe | reference_style | fid_diverse,"Abstract monochrome geometric composition with textured circular grids, horizontal bars, and small cross-like marks on a dark rectangular field against beige paper."
track1_0560,generic_artwork,caption_content,free_crop_allowed | aspect_variation_allowed | style_variation_allowed,caption-led subject | medium-appropriate composition | avoid batch template,generic_artwork_surface,"[{""confidence"": 1.0, ""guard_notes"": [], ""guard_status"": ""rule"", ""height"": 1024, ""label"": ""square_artwork"", ""prompt_directive"": ""Use a balanced square artwork canvas only when the caption does not imply a poster, scroll, spread, or panel format."", ""reason"": """", ""source"": ""rule"", ""width"": 1024}]",aas_safe | reference_style | fid_diverse,"A Gongbi painting of a serene riverside garden with twisting trees, a small wooden bridge, and figures gathered inside a thatched pavilion, rendered with fine linework and muted earthy colors."
track1_0563,generic_artwork,caption_content,free_crop_allowed | aspect_variation_allowed | style_variation_allowed,caption-led subject | medium-appropriate composition | avoid batch template,generic_artwork_surface,"[{""confidence"": 1.0, ""guard_notes"": [], ""guard_status"": ""rule"", ""height"": 1024, ""label"": ""square_artwork"", ""prompt_directive"": ""Use a balanced square artwork canvas only when the caption does not imply a poster, scroll, spread, or panel format."", ""reason"": """", ""source"": ""rule"", ""width"": 1024}]",aas_safe | reference_style | fid_diverse,"Abstract composition of colorful geometric shapes including triangles, squares, circles, and block-like forms arranged on a textured red field with rough brushstrokes and sketchy line marks."
track1_0569,generic_artwork,caption_content,free_crop_allowed | aspect_variation_allowed | style_variation_allowed,caption-led subject | medium-appropriate composition | avoid batch template,generic_artwork_surface,"[{""confidence"": 1.0, ""guard_notes"": [], ""guard_status"": ""rule"", ""height"": 1024, ""label"": ""square_artwork"", ""prompt_directive"": ""Use a balanced square artwork canvas only when the caption does not imply a poster, scroll, spread, or panel format."", ""reason"": """", ""source"": ""rule"", ""width"": 1024}]",aas_safe | reference_style | fid_diverse,"A Gongbi portrait of an ancient Chinese bearded official in layered robes and an ornate headdress, rendered with fine controlled linework, muted earthy colors, and an aged silk texture."
track1_0574,generic_artwork,caption_content,free_crop_allowed | aspect_variation_allowed | style_variation_allowed,caption-led subject | medium-appropriate composition | avoid batch template,generic_artwork_surface,"[{""confidence"": 1.0, ""guard_notes"": [], ""guard_status"": ""rule"", ""height"": 1024, ""label"": ""square_artwork"", ""prompt_directive"": ""Use a balanced square artwork canvas only when the caption does not imply a poster, scroll, spread, or panel format."", ""reason"": """", ""source"": ""rule"", ""width"": 1024}]",aas_safe | reference_style | fid_diverse,"Ukiyo-e scene of figures resting and conversing on a wooden veranda beside sliding screens, overlooking a serene landscape of windswept trees, fields, and distant water in muted colors and delicate linework."
track1_0575,generic_artwork,caption_content,free_crop_allowed | aspect_variation_allowed | style_variation_allowed,caption-led subject | medium-appropriate composition | avoid batch template,generic_artwork_surface,"[{""confidence"": 1.0, ""guard_notes"": [], ""guard_status"": ""rule"", ""height"": 1024, ""label"": ""square_artwork"", ""prompt_directive"": ""Use a balanced square artwork canvas only when the caption does not imply a poster, scroll, spread, or panel format."", ""reason"": """", ""source"": ""rule"", ""width"": 1024}]",aas_safe | reference_style | fid_diverse,"A Baroque architectural engraving of an ornate church altar with towering columns, sculpted saints, a central ceremonial throne, and a radiant heavenly gathering of angels in dramatic light and shadow."
track1_0578,generic_artwork,caption_content,free_crop_allowed | aspect_variation_allowed | style_variation_allowed,caption-led subject | medium-appropriate composition | avoid batch template,generic_artwork_surface,"[{""confidence"": 1.0, ""guard_notes"": [], ""guard_status"": ""rule"", ""height"": 1024, ""label"": ""square_artwork"", ""prompt_directive"": ""Use a balanced square artwork canvas only when the caption does not imply a poster, scroll, spread, or panel format."", ""reason"": """", ""source"": ""rule"", ""width"": 1024}]",aas_safe | reference_style | fid_diverse,"A Baroque painting of five richly dressed figures in ornate turbans and patterned robes gathered closely against a warm brown background, with detailed textiles and dramatic light and shadow."
track1_0581,generic_artwork,caption_content,free_crop_allowed | aspect_variation_allowed | style_variation_allowed,caption-led subject | medium-appropriate composition | avoid batch template,generic_artwork_surface,"[{""confidence"": 1.0, ""guard_notes"": [], ""guard_status"": ""rule"", ""height"": 1024, ""label"": ""square_artwork"", ""prompt_directive"": ""Use a balanced square artwork canvas only when the caption does not imply a poster, scroll, spread, or panel format."", ""reason"": """", ""source"": ""rule"", ""width"": 1024}]",aas_safe | reference_style | fid_diverse,"Ukiyo-e woodblock print of a group of samurai descending a bridge staircase with swords, while onlookers gather near the river below under a pale sky, rendered with fine linework and muted colors."
track1_0582,generic_artwork,caption_content,free_crop_allowed | aspect_variation_allowed | style_variation_allowed,caption-led subject | medium-appropriate composition | avoid batch template,generic_artwork_surface,"[{""confidence"": 1.0, ""guard_notes"": [], ""guard_status"": ""rule"", ""height"": 1024, ""label"": ""square_artwork"", ""prompt_directive"": ""Use a balanced square artwork canvas only when the caption does not imply a poster, scroll, spread, or panel format."", ""reason"": """", ""source"": ""rule"", ""width"": 1024}]",aas_safe | reference_style | fid_diverse,"Abstract composition of elongated vertical forms, a red-ringed oval, and delicate curved lines on a muted gray-brown textured surface with smoky charcoal-like marks."
track1_0584,generic_artwork,caption_content,free_crop_allowed | aspect_variation_allowed | style_variation_allowed,caption-led subject | medium-appropriate composition | avoid batch template,generic_artwork_surface,"[{""confidence"": 1.0, ""guard_notes"": [], ""guard_status"": ""rule"", ""height"": 1024, ""label"": ""square_artwork"", ""prompt_directive"": ""Use a balanced square artwork canvas only when the caption does not imply a poster, scroll, spread, or panel format."", ""reason"": """", ""source"": ""rule"", ""width"": 1024}]",aas_safe | reference_style | fid_diverse,"A Gongbi-style ancient Chinese landscape with finely detailed figures gathered around palace terraces among dense trees, swirling water, misty mountains, and a muted earthy color palette."
track1_0588,generic_artwork,caption_content,free_crop_allowed | aspect_variation_allowed | style_variation_allowed,caption-led subject | medium-appropriate composition | avoid batch template,generic_artwork_surface,"[{""confidence"": 1.0, ""guard_notes"": [], ""guard_status"": ""rule"", ""height"": 1024, ""label"": ""square_artwork"", ""prompt_directive"": ""Use a balanced square artwork canvas only when the caption does not imply a poster, scroll, spread, or panel format."", ""reason"": """", ""source"": ""rule"", ""width"": 1024}]",aas_safe | reference_style | fid_diverse,"A Gongbi court scene with fine linework and muted colors, featuring a robed dignitary seated on a red couch in a pavilion while attendants and officials gather in an orderly courtyard."
track1_0591,generic_artwork,caption_content,free_crop_allowed | aspect_variation_allowed | style_variation_allowed,caption-led subject | medium-appropriate composition | avoid batch template,painting_or_brushwork_surface,"[{""confidence"": 1.0, ""guard_notes"": [], ""guard_status"": ""rule"", ""height"": 1024, ""label"": ""square_artwork"", ""prompt_directive"": ""Use a balanced square artwork canvas only when the caption does not imply a poster, scroll, spread, or panel format."", ""reason"": """", ""source"": ""rule"", ""width"": 1024}]",aas_safe | reference_style | fid_diverse,"Ink and wash painting of a serene misty landscape with distant mountains, overhanging trees, a quiet river, and a small boat rendered in delicate brushwork and muted tones."
track1_0592,generic_artwork,caption_content,free_crop_allowed | aspect_variation_allowed | style_variation_allowed,caption-led subject | medium-appropriate composition | avoid batch template,generic_artwork_surface,"[{""confidence"": 1.0, ""guard_notes"": [], ""guard_status"": ""rule"", ""height"": 1024, ""label"": ""square_artwork"", ""prompt_directive"": ""Use a balanced square artwork canvas only when the caption does not imply a poster, scroll, spread, or panel format."", ""reason"": """", ""source"": ""rule"", ""width"": 1024}]",aas_safe | reference_style | fid_diverse,"A Gongbi painting of an elderly man reclining beside swirling waves while a robed celestial figure stands on a pine-covered branch, rendered with fine linework, muted colors, and a serene traditional composition."
track1_0597,generic_artwork,caption_content,free_crop_allowed | aspect_variation_allowed | style_variation_allowed,caption-led subject | medium-appropriate composition | avoid batch template,painting_or_brushwork_surface,"[{""confidence"": 1.0, ""guard_notes"": [], ""guard_status"": ""rule"", ""height"": 1024, ""label"": ""square_artwork"", ""prompt_directive"": ""Use a balanced square artwork canvas only when the caption does not imply a poster, scroll, spread, or panel format."", ""reason"": """", ""source"": ""rule"", ""width"": 1024}]",aas_safe | reference_style | fid_diverse,"Ink and wash painting of a serene mountainous landscape with layered misty peaks, dense trees, a small riverside pavilion, and delicate monochrome brushwork."
track1_0602,generic_artwork,caption_content,free_crop_allowed | aspect_variation_allowed | style_variation_allowed,caption-led subject | medium-appropriate composition | avoid batch template,painting_or_brushwork_surface,"[{""confidence"": 1.0, ""guard_notes"": [], ""guard_status"": ""rule"", ""height"": 1024, ""label"": ""square_artwork"", ""prompt_directive"": ""Use a balanced square artwork canvas only when the caption does not imply a poster, scroll, spread, or panel format."", ""reason"": """", ""source"": ""rule"", ""width"": 1024}]",aas_safe | reference_style | fid_diverse,"Abstract watercolor composition with gray washes, a bold black sweeping arc, soft pink and blue blooms, and loose green and red gestural lines on textured paper."
track1_0603,generic_artwork,caption_content,free_crop_allowed | aspect_variation_allowed | style_variation_allowed,caption-led subject | medium-appropriate composition | avoid batch template,generic_artwork_surface,"[{""confidence"": 1.0, ""guard_notes"": [], ""guard_status"": ""rule"", ""height"": 1024, ""label"": ""square_artwork"", ""prompt_directive"": ""Use a balanced square artwork canvas only when the caption does not imply a poster, scroll, spread, or panel format."", ""reason"": """", ""source"": ""rule"", ""width"": 1024}]",aas_safe | reference_style | fid_diverse,"Abstract composition of dense intersecting black etched lines and delicate scratches on a muted beige background, with a chaotic geometric structure and textured print surface."
track1_0604,generic_artwork,caption_content,free_crop_allowed | aspect_variation_allowed | style_variation_allowed,caption-led subject | medium-appropriate composition | avoid batch template,generic_artwork_surface,"[{""confidence"": 1.0, ""guard_notes"": [], ""guard_status"": ""rule"", ""height"": 1024, ""label"": ""square_artwork"", ""prompt_directive"": ""Use a balanced square artwork canvas only when the caption does not imply a poster, scroll, spread, or panel format."", ""reason"": """", ""source"": ""rule"", ""width"": 1024}]",aas_safe | reference_style | fid_diverse,"Ukiyo-e scene of two women in flowing robes sharing a large umbrella beside a quiet waterside with birds and reeds, rendered in delicate linework and a muted earthy palette."
track1_0605,generic_artwork,caption_content,free_crop_allowed | aspect_variation_allowed | style_variation_allowed,caption-led subject | medium-appropriate composition | avoid batch template,painting_or_brushwork_surface,"[{""confidence"": 1.0, ""guard_notes"": [], ""guard_status"": ""rule"", ""height"": 1024, ""label"": ""square_artwork"", ""prompt_directive"": ""Use a balanced square artwork canvas only when the caption does not imply a poster, scroll, spread, or panel format."", ""reason"": """", ""source"": ""rule"", ""width"": 1024}]",aas_safe | reference_style | fid_diverse,"Ink and wash painting of a misty mountain and river landscape with rocky slopes, sparse trees, a small boat, and soft monochrome brushwork creating a serene atmosphere."
track1_0609,generic_artwork,caption_content,free_crop_allowed | aspect_variation_allowed | style_variation_allowed,caption-led subject | medium-appropriate composition | avoid batch template,generic_artwork_surface,"[{""confidence"": 1.0, ""guard_notes"": [], ""guard_status"": ""rule"", ""height"": 1024, ""label"": ""square_artwork"", ""prompt_directive"": ""Use a balanced square artwork canvas only when the caption does not imply a poster, scroll, spread, or panel format."", ""reason"": """", ""source"": ""rule"", ""width"": 1024}]",aas_safe | reference_style | fid_diverse,"Ukiyo-e scene of two kimono-clad women standing beneath a blossoming tree with distant mountains, delicate linework, muted earthy colors, and a calm atmosphere."
track1_0613,generic_artwork,caption_content,free_crop_allowed | aspect_variation_allowed | style_variation_allowed,caption-led subject | medium-appropriate composition | avoid batch template,generic_artwork_surface,"[{""confidence"": 1.0, ""guard_notes"": [], ""guard_status"": ""rule"", ""height"": 1024, ""label"": ""square_artwork"", ""prompt_directive"": ""Use a balanced square artwork canvas only when the caption does not imply a poster, scroll, spread, or panel format."", ""reason"": """", ""source"": ""rule"", ""width"": 1024}]",aas_safe | reference_style | fid_diverse,"A Gongbi-style Chinese landscape with delicate blue-green mountains, misty cloud bands, small riverside buildings, and muted ochre tones creating a serene atmosphere."
track1_0618,generic_artwork,caption_content,free_crop_allowed | aspect_variation_allowed | style_variation_allowed,caption-led subject | medium-appropriate composition | avoid batch template,generic_artwork_surface,"[{""confidence"": 1.0, ""guard_notes"": [], ""guard_status"": ""rule"", ""height"": 1024, ""label"": ""square_artwork"", ""prompt_directive"": ""Use a balanced square artwork canvas only when the caption does not imply a poster, scroll, spread, or panel format."", ""reason"": """", ""source"": ""rule"", ""width"": 1024}]",aas_safe | reference_style | fid_diverse,"Ukiyo-e scene of a bent figure beside a lattice screen, with an elderly face and long dark hair on a stand, rendered in delicate linework and muted colors."
track1_0619,generic_artwork,caption_content,free_crop_allowed | aspect_variation_allowed | style_variation_allowed,caption-led subject | medium-appropriate composition | avoid batch template,generic_artwork_surface,"[{""confidence"": 1.0, ""guard_notes"": [], ""guard_status"": ""rule"", ""height"": 1024, ""label"": ""square_artwork"", ""prompt_directive"": ""Use a balanced square artwork canvas only when the caption does not imply a poster, scroll, spread, or panel format."", ""reason"": """", ""source"": ""rule"", ""width"": 1024}]",aas_safe | reference_style | fid_diverse,"Abstract minimalist composition on warm beige paper with a centered sheet, perforated edges, and two delicate blue-gray lines forming a narrow angular shape in a calm, sparse space."
track1_0623,generic_artwork,caption_content,free_crop_allowed | aspect_variation_allowed | style_variation_allowed,caption-led subject | medium-appropriate composition | avoid batch template,generic_artwork_surface,"[{""confidence"": 1.0, ""guard_notes"": [], ""guard_status"": ""rule"", ""height"": 1024, ""label"": ""square_artwork"", ""prompt_directive"": ""Use a balanced square artwork canvas only when the caption does not imply a poster, scroll, spread, or panel format."", ""reason"": """", ""source"": ""rule"", ""width"": 1024}]",aas_safe | reference_style | fid_diverse,"Ukiyo-e scene of two elegant women in flowing kimonos walking through a grassy garden beneath a blossoming tree, rendered with delicate linework and a muted earthy color palette."
track1_0625,generic_artwork,caption_content,free_crop_allowed | aspect_variation_allowed | style_variation_allowed,caption-led subject | medium-appropriate composition | avoid batch template,generic_artwork_surface,"[{""confidence"": 1.0, ""guard_notes"": [], ""guard_status"": ""rule"", ""height"": 1024, ""label"": ""square_artwork"", ""prompt_directive"": ""Use a balanced square artwork canvas only when the caption does not imply a poster, scroll, spread, or panel format."", ""reason"": """", ""source"": ""rule"", ""width"": 1024}]",aas_safe | reference_style | fid_diverse,"A Baroque full-length portrait of a solemn nobleman in dark formal clothing with a wide ruff collar, flowing cloak, gold chain, and subdued chiaroscuro lighting against a muted background."
track1_0626,generic_artwork,caption_content,free_crop_allowed | aspect_variation_allowed | style_variation_allowed,caption-led subject | medium-appropriate composition | avoid batch template,generic_artwork_surface,"[{""confidence"": 1.0, ""guard_notes"": [], ""guard_status"": ""rule"", ""height"": 1024, ""label"": ""square_artwork"", ""prompt_directive"": ""Use a balanced square artwork canvas only when the caption does not imply a poster, scroll, spread, or panel format."", ""reason"": """", ""source"": ""rule"", ""width"": 1024}]",aas_safe | reference_style | fid_diverse,"A serene misty mountain valley under a pale sky in impressionism, with soft brushstrokes, hazy light, and a muted gray-blue and earth-toned palette."
track1_0630,generic_artwork,caption_content,free_crop_allowed | aspect_variation_allowed | style_variation_allowed,caption-led subject | medium-appropriate composition | avoid batch template,generic_artwork_surface,"[{""confidence"": 1.0, ""guard_notes"": [], ""guard_status"": ""rule"", ""height"": 1024, ""label"": ""square_artwork"", ""prompt_directive"": ""Use a balanced square artwork canvas only when the caption does not imply a poster, scroll, spread, or panel format."", ""reason"": """", ""source"": ""rule"", ""width"": 1024}]",aas_safe | reference_style | fid_diverse,"A whimsical Ukiyo-e scene with a large cat looming above lively koi fish in pale blue water, using flat colors, delicate outlines, and playful composition."
track1_0635,generic_artwork,caption_content,free_crop_allowed | aspect_variation_allowed | style_variation_allowed,caption-led subject | medium-appropriate composition | avoid batch template,generic_artwork_surface,"[{""confidence"": 1.0, ""guard_notes"": [], ""guard_status"": ""rule"", ""height"": 1024, ""label"": ""square_artwork"", ""prompt_directive"": ""Use a balanced square artwork canvas only when the caption does not imply a poster, scroll, spread, or panel format."", ""reason"": """", ""source"": ""rule"", ""width"": 1024}]",aas_safe | reference_style | fid_diverse,"Ukiyo-e scene of three elegantly robed figures standing near a garden doorway with flowering trees, rendered in delicate linework, muted colors, and an aged paper texture."
track1_0637,generic_artwork,caption_content,free_crop_allowed | aspect_variation_allowed | style_variation_allowed,caption-led subject | medium-appropriate composition | avoid batch template,painting_or_brushwork_surface,"[{""confidence"": 1.0, ""guard_notes"": [], ""guard_status"": ""rule"", ""height"": 1024, ""label"": ""square_artwork"", ""prompt_directive"": ""Use a balanced square artwork canvas only when the caption does not imply a poster, scroll, spread, or panel format."", ""reason"": """", ""source"": ""rule"", ""width"": 1024}]",aas_safe | reference_style | fid_diverse,"Ink and wash painting of a gnarled leafless tree twisting over rolling rocky hills, with delicate brushwork, muted beige tones, and a sparse serene composition."
track1_0641,generic_artwork,caption_content,free_crop_allowed | aspect_variation_allowed | style_variation_allowed,caption-led subject | medium-appropriate composition | avoid batch template,generic_artwork_surface,"[{""confidence"": 1.0, ""guard_notes"": [], ""guard_status"": ""rule"", ""height"": 1024, ""label"": ""square_artwork"", ""prompt_directive"": ""Use a balanced square artwork canvas only when the caption does not imply a poster, scroll, spread, or panel format."", ""reason"": """", ""source"": ""rule"", ""width"": 1024}]",aas_safe | reference_style | fid_diverse,"Abstract carved panel with a dark textured surface, an elongated human-like figure formed by incised brown lines, crosshatched and striped patterns, and a simple geometric border."
track1_0642,generic_artwork,caption_content,free_crop_allowed | aspect_variation_allowed | style_variation_allowed,caption-led subject | medium-appropriate composition | avoid batch template,generic_artwork_surface,"[{""confidence"": 1.0, ""guard_notes"": [], ""guard_status"": ""rule"", ""height"": 1024, ""label"": ""square_artwork"", ""prompt_directive"": ""Use a balanced square artwork canvas only when the caption does not imply a poster, scroll, spread, or panel format."", ""reason"": """", ""source"": ""rule"", ""width"": 1024}]",aas_safe | reference_style | fid_diverse,"A Gongbi-style paired court portrait of an emperor and empress in ornate golden robes, with the empress wearing an elaborate jeweled headdress, set against a warm brown patterned background with meticulous fine-line detail."
track1_0650,generic_artwork,caption_content,free_crop_allowed | aspect_variation_allowed | style_variation_allowed,caption-led subject | medium-appropriate composition | avoid batch template,generic_artwork_surface,"[{""confidence"": 1.0, ""guard_notes"": [], ""guard_status"": ""rule"", ""height"": 1024, ""label"": ""square_artwork"", ""prompt_directive"": ""Use a balanced square artwork canvas only when the caption does not imply a poster, scroll, spread, or panel format."", ""reason"": """", ""source"": ""rule"", ""width"": 1024}]",aas_safe | reference_style | fid_diverse,"An Early Renaissance portrait of an elderly man in a dark burgundy fur-trimmed robe with clasped praying hands against a black background, his face obscured by a plain brown square and rendered with subdued lighting."
track1_0653,generic_artwork,caption_content,free_crop_allowed | aspect_variation_allowed | style_variation_allowed,caption-led subject | medium-appropriate composition | avoid batch template,painting_or_brushwork_surface,"[{""confidence"": 1.0, ""guard_notes"": [], ""guard_status"": ""rule"", ""height"": 1024, ""label"": ""square_artwork"", ""prompt_directive"": ""Use a balanced square artwork canvas only when the caption does not imply a poster, scroll, spread, or panel format."", ""reason"": """", ""source"": ""rule"", ""width"": 1024}]",aas_safe | reference_style | fid_diverse,"Ukiyo-e portrait of an elegant figure with flowing pink hair in a richly patterned floral kimono, seated beside blooming peonies on a wooden veranda with delicate ink lines and muted colors."
track1_0655,generic_artwork,caption_content,free_crop_allowed | aspect_variation_allowed | style_variation_allowed,caption-led subject | medium-appropriate composition | avoid batch template,painting_or_brushwork_surface,"[{""confidence"": 1.0, ""guard_notes"": [], ""guard_status"": ""rule"", ""height"": 1024, ""label"": ""square_artwork"", ""prompt_directive"": ""Use a balanced square artwork canvas only when the caption does not imply a poster, scroll, spread, or panel format."", ""reason"": """", ""source"": ""rule"", ""width"": 1024}]",aas_safe | reference_style | fid_diverse,"Ink and wash painting of a serene misty landscape with distant mountains, small pavilions among trees, and reeds along a quiet shoreline in soft sepia tones."
track1_0662,generic_artwork,caption_content,free_crop_allowed | aspect_variation_allowed | style_variation_allowed,caption-led subject | medium-appropriate composition | avoid batch template,generic_artwork_surface,"[{""confidence"": 1.0, ""guard_notes"": [], ""guard_status"": ""rule"", ""height"": 1024, ""label"": ""square_artwork"", ""prompt_directive"": ""Use a balanced square artwork canvas only when the caption does not imply a poster, scroll, spread, or panel format."", ""reason"": """", ""source"": ""rule"", ""width"": 1024}]",aas_safe | reference_style | fid_diverse,"Ukiyo-e scene of elegantly dressed women and a child in a traditional interior, surrounded by painted screens and objects, rendered with delicate linework and a muted warm color palette."
track1_0670,generic_artwork,caption_content,free_crop_allowed | aspect_variation_allowed | style_variation_allowed,caption-led subject | medium-appropriate composition | avoid batch template,generic_artwork_surface,"[{""confidence"": 1.0, ""guard_notes"": [], ""guard_status"": ""rule"", ""height"": 1024, ""label"": ""square_artwork"", ""prompt_directive"": ""Use a balanced square artwork canvas only when the caption does not imply a poster, scroll, spread, or panel format."", ""reason"": """", ""source"": ""rule"", ""width"": 1024}]",aas_safe | reference_style | fid_diverse,"Abstract composition with delicate black linear marks, translucent pale blue washes, and scattered ochre accents forming airy biomorphic shapes in a calm, spacious arrangement."
track1_0672,generic_artwork,caption_content,free_crop_allowed | aspect_variation_allowed | style_variation_allowed,caption-led subject | medium-appropriate composition | avoid batch template,generic_artwork_surface,"[{""confidence"": 1.0, ""guard_notes"": [], ""guard_status"": ""rule"", ""height"": 1024, ""label"": ""square_artwork"", ""prompt_directive"": ""Use a balanced square artwork canvas only when the caption does not imply a poster, scroll, spread, or panel format."", ""reason"": """", ""source"": ""rule"", ""width"": 1024}]",aas_safe | reference_style | fid_diverse,"A Mannerism (Late Renaissance) black-and-white engraving of a nude female figure in an elongated contrapposto pose beside an ornate shield and a lion-like head, set against distant hills and striped clouds with dramatic linear hatching and sculptural shading."
track1_0679,generic_artwork,caption_content,free_crop_allowed | aspect_variation_allowed | style_variation_allowed,caption-led subject | medium-appropriate composition | avoid batch template,generic_artwork_surface,"[{""confidence"": 1.0, ""guard_notes"": [], ""guard_status"": ""rule"", ""height"": 1024, ""label"": ""square_artwork"", ""prompt_directive"": ""Use a balanced square artwork canvas only when the caption does not imply a poster, scroll, spread, or panel format."", ""reason"": """", ""source"": ""rule"", ""width"": 1024}]",aas_safe | reference_style | fid_diverse,"A Ukiyo-e scene of travelers in blue garments gathered around a small fire in a snowy mountain landscape, with bare trees, sweeping wind-blown lines, and a muted winter palette."
track1_0681,generic_artwork,caption_content,free_crop_allowed | aspect_variation_allowed | style_variation_allowed,caption-led subject | medium-appropriate composition | avoid batch template,generic_artwork_surface,"[{""confidence"": 1.0, ""guard_notes"": [], ""guard_status"": ""rule"", ""height"": 1024, ""label"": ""square_artwork"", ""prompt_directive"": ""Use a balanced square artwork canvas only when the caption does not imply a poster, scroll, spread, or panel format."", ""reason"": """", ""source"": ""rule"", ""width"": 1024}]",aas_safe | reference_style | fid_diverse,"An Early Renaissance solemn religious scene with the dead Christ laid across the foreground, surrounded by grieving figures in richly colored robes, set before a rocky landscape with delicate linear detail and a muted, refined color palette."
track1_0682,generic_artwork,caption_content,free_crop_allowed | aspect_variation_allowed | style_variation_allowed,caption-led subject | medium-appropriate composition | avoid batch template,generic_artwork_surface,"[{""confidence"": 1.0, ""guard_notes"": [], ""guard_status"": ""rule"", ""height"": 1024, ""label"": ""square_artwork"", ""prompt_directive"": ""Use a balanced square artwork canvas only when the caption does not imply a poster, scroll, spread, or panel format."", ""reason"": """", ""source"": ""rule"", ""width"": 1024}]",aas_safe | reference_style | fid_diverse,"Ukiyo-e floral composition with large red and pale blossoms, green leaves, and a small golden bird hovering against a dark blue background with delicate linework and muted colors."
track1_0684,generic_artwork,caption_content,free_crop_allowed | aspect_variation_allowed | style_variation_allowed,caption-led subject | medium-appropriate composition | avoid batch template,generic_artwork_surface,"[{""confidence"": 1.0, ""guard_notes"": [], ""guard_status"": ""rule"", ""height"": 1024, ""label"": ""square_artwork"", ""prompt_directive"": ""Use a balanced square artwork canvas only when the caption does not imply a poster, scroll, spread, or panel format."", ""reason"": """", ""source"": ""rule"", ""width"": 1024}]",aas_safe | reference_style | fid_diverse,"Ukiyo-e woodblock print of whimsical anthropomorphic goldfish parading and dancing with props beside a small vendor stall, set against a pale blue background with flat colors and fine linework."
track1_0685,generic_artwork,caption_content,free_crop_allowed | aspect_variation_allowed | style_variation_allowed,caption-led subject | medium-appropriate composition | avoid batch template,generic_artwork_surface,"[{""confidence"": 1.0, ""guard_notes"": [], ""guard_status"": ""rule"", ""height"": 1024, ""label"": ""square_artwork"", ""prompt_directive"": ""Use a balanced square artwork canvas only when the caption does not imply a poster, scroll, spread, or panel format."", ""reason"": """", ""source"": ""rule"", ""width"": 1024}]",aas_safe | reference_style | fid_diverse,"Ukiyo-e style scene of two women with long dark hair bathing at a rocky shoreline beside flowing waves, rendered with delicate linework, muted colors, and a serene atmosphere."
track1_0687,generic_artwork,caption_content,free_crop_allowed | aspect_variation_allowed | style_variation_allowed,caption-led subject | medium-appropriate composition | avoid batch template,generic_artwork_surface,"[{""confidence"": 1.0, ""guard_notes"": [], ""guard_status"": ""rule"", ""height"": 1024, ""label"": ""square_artwork"", ""prompt_directive"": ""Use a balanced square artwork canvas only when the caption does not imply a poster, scroll, spread, or panel format."", ""reason"": """", ""source"": ""rule"", ""width"": 1024}]",aas_safe | reference_style | fid_diverse,"Ukiyo-e style scene of elegantly dressed women and children gathered on a veranda beside a garden, with delicate linework, muted colors, and a calm traditional Japanese atmosphere."
track1_0692,generic_artwork,caption_content,free_crop_allowed | aspect_variation_allowed | style_variation_allowed,caption-led subject | medium-appropriate composition | avoid batch template,generic_artwork_surface,"[{""confidence"": 1.0, ""guard_notes"": [], ""guard_status"": ""rule"", ""height"": 1024, ""label"": ""square_artwork"", ""prompt_directive"": ""Use a balanced square artwork canvas only when the caption does not imply a poster, scroll, spread, or panel format."", ""reason"": """", ""source"": ""rule"", ""width"": 1024}]",aas_safe | reference_style | fid_diverse,"Abstract grayscale geometric composition with two dark diagonal cylindrical forms above a pale plane marked by three black circles, featuring soft shadows and a grainy textured surface."
track1_0710,generic_artwork,caption_content,free_crop_allowed | aspect_variation_allowed | style_variation_allowed,caption-led subject | medium-appropriate composition | avoid batch template,painting_or_brushwork_surface,"[{""confidence"": 1.0, ""guard_notes"": [], ""guard_status"": ""rule"", ""height"": 1024, ""label"": ""square_artwork"", ""prompt_directive"": ""Use a balanced square artwork canvas only when the caption does not imply a poster, scroll, spread, or panel format."", ""reason"": """", ""source"": ""rule"", ""width"": 1024}]",aas_safe | reference_style | fid_diverse,"Ink and wash painting of a fan-shaped landscape with misty mountains, clustered trees, small boats on water, and delicate brushwork on aged paper."
track1_0713,generic_artwork,caption_content,free_crop_allowed | aspect_variation_allowed | style_variation_allowed,caption-led subject | medium-appropriate composition | avoid batch template,generic_artwork_surface,"[{""confidence"": 1.0, ""guard_notes"": [], ""guard_status"": ""rule"", ""height"": 1024, ""label"": ""square_artwork"", ""prompt_directive"": ""Use a balanced square artwork canvas only when the caption does not imply a poster, scroll, spread, or panel format."", ""reason"": """", ""source"": ""rule"", ""width"": 1024}]",aas_safe | reference_style | fid_diverse,"A dramatic Baroque scene of many robed and semi-nude figures in a classical colonnaded setting, reaching upward toward a descending heavenly figure amid strong light and shadow."
track1_0715,generic_artwork,caption_content,free_crop_allowed | aspect_variation_allowed | style_variation_allowed,caption-led subject | medium-appropriate composition | avoid batch template,generic_artwork_surface,"[{""confidence"": 1.0, ""guard_notes"": [], ""guard_status"": ""rule"", ""height"": 1024, ""label"": ""square_artwork"", ""prompt_directive"": ""Use a balanced square artwork canvas only when the caption does not imply a poster, scroll, spread, or panel format."", ""reason"": """", ""source"": ""rule"", ""width"": 1024}]",aas_safe | reference_style | fid_diverse,"Gongbi painting of three small birds perched among delicate pink blossoms on a twisting branch against a warm golden background, with fine linework and a serene atmosphere."
track1_0716,generic_artwork,caption_content,free_crop_allowed | aspect_variation_allowed | style_variation_allowed,caption-led subject | medium-appropriate composition | avoid batch template,generic_artwork_surface,"[{""confidence"": 1.0, ""guard_notes"": [], ""guard_status"": ""rule"", ""height"": 1024, ""label"": ""square_artwork"", ""prompt_directive"": ""Use a balanced square artwork canvas only when the caption does not imply a poster, scroll, spread, or panel format."", ""reason"": """", ""source"": ""rule"", ""width"": 1024}]",aas_safe | reference_style | fid_diverse,"Ukiyo-e scene of armored samurai warriors clashing in a flowered field, with dynamic linework, muted colors, and a dramatic crowded composition."
track1_0722,generic_artwork,caption_content,free_crop_allowed | aspect_variation_allowed | style_variation_allowed,caption-led subject | medium-appropriate composition | avoid batch template,generic_artwork_surface,"[{""confidence"": 1.0, ""guard_notes"": [], ""guard_status"": ""rule"", ""height"": 1024, ""label"": ""square_artwork"", ""prompt_directive"": ""Use a balanced square artwork canvas only when the caption does not imply a poster, scroll, spread, or panel format."", ""reason"": """", ""source"": ""rule"", ""width"": 1024}]",aas_safe | reference_style | fid_diverse,"A Gongbi painting of a vivid blue scholar rock surrounded by slender green orchid leaves and delicate pale blossoms on a warm beige background, with fine precise linework and a calm refined composition."
track1_0723,generic_artwork,caption_content,free_crop_allowed | aspect_variation_allowed | style_variation_allowed,caption-led subject | medium-appropriate composition | avoid batch template,generic_artwork_surface,"[{""confidence"": 1.0, ""guard_notes"": [], ""guard_status"": ""rule"", ""height"": 1024, ""label"": ""square_artwork"", ""prompt_directive"": ""Use a balanced square artwork canvas only when the caption does not imply a poster, scroll, spread, or panel format."", ""reason"": """", ""source"": ""rule"", ""width"": 1024}]",aas_safe | reference_style | fid_diverse,"Ukiyo-e print of figures in flowing kimonos gathered in a sparse interior beside a shoji screen, with delicate linework, muted earthy colors, and a calm intimate atmosphere."
track1_0725,generic_artwork,caption_content,free_crop_allowed | aspect_variation_allowed | style_variation_allowed,caption-led subject | medium-appropriate composition | avoid batch template,generic_artwork_surface,"[{""confidence"": 1.0, ""guard_notes"": [], ""guard_status"": ""rule"", ""height"": 1024, ""label"": ""square_artwork"", ""prompt_directive"": ""Use a balanced square artwork canvas only when the caption does not imply a poster, scroll, spread, or panel format."", ""reason"": """", ""source"": ""rule"", ""width"": 1024}]",aas_safe | reference_style | fid_diverse,"Ukiyo-e scene of three women in patterned kimonos beneath drooping willow branches, with muted colors, delicate linework, and a calm outdoor setting."
track1_0729,generic_artwork,caption_content,free_crop_allowed | aspect_variation_allowed | style_variation_allowed,caption-led subject | medium-appropriate composition | avoid batch template,generic_artwork_surface,"[{""confidence"": 1.0, ""guard_notes"": [], ""guard_status"": ""rule"", ""height"": 1024, ""label"": ""square_artwork"", ""prompt_directive"": ""Use a balanced square artwork canvas only when the caption does not imply a poster, scroll, spread, or panel format."", ""reason"": """", ""source"": ""rule"", ""width"": 1024}]",aas_safe | reference_style | fid_diverse,"Abstract composition with gestural black linework, red splattered washes, yellow circular forms, and swirling pale brushstrokes suggesting a distorted face or figure on a soft peach background."
track1_0731,generic_artwork,caption_content,free_crop_allowed | aspect_variation_allowed | style_variation_allowed,caption-led subject | medium-appropriate composition | avoid batch template,generic_artwork_surface,"[{""confidence"": 1.0, ""guard_notes"": [], ""guard_status"": ""rule"", ""height"": 1024, ""label"": ""square_artwork"", ""prompt_directive"": ""Use a balanced square artwork canvas only when the caption does not imply a poster, scroll, spread, or panel format."", ""reason"": """", ""source"": ""rule"", ""width"": 1024}]",aas_safe | reference_style | fid_diverse,"Ukiyo-e woodblock print of a crowded bridge filled with people in patterned kimonos watching bright fireworks burst across a dark night sky, with flat colors, fine linework, and a festive atmosphere."
track1_0733,generic_artwork,caption_content,free_crop_allowed | aspect_variation_allowed | style_variation_allowed,caption-led subject | medium-appropriate composition | avoid batch template,generic_artwork_surface,"[{""confidence"": 1.0, ""guard_notes"": [], ""guard_status"": ""rule"", ""height"": 1024, ""label"": ""square_artwork"", ""prompt_directive"": ""Use a balanced square artwork canvas only when the caption does not imply a poster, scroll, spread, or panel format."", ""reason"": """", ""source"": ""rule"", ""width"": 1024}]",aas_safe | reference_style | fid_diverse,"Two small birds perch on a blossoming branch in a delicate Gongbi style, with fine linework, soft muted colors, and a calm beige silk-like background."
track1_0735,generic_artwork,caption_content,free_crop_allowed | aspect_variation_allowed | style_variation_allowed,caption-led subject | medium-appropriate composition | avoid batch template,painting_or_brushwork_surface,"[{""confidence"": 1.0, ""guard_notes"": [], ""guard_status"": ""rule"", ""height"": 1024, ""label"": ""square_artwork"", ""prompt_directive"": ""Use a balanced square artwork canvas only when the caption does not imply a poster, scroll, spread, or panel format."", ""reason"": """", ""source"": ""rule"", ""width"": 1024}]",aas_safe | reference_style | fid_diverse,"Ink and wash painting of pine branches stretching across rugged rocks on warm beige paper, with delicate brushwork and a calm, sparse composition."
track1_0742,generic_artwork,caption_content,free_crop_allowed | aspect_variation_allowed | style_variation_allowed,caption-led subject | medium-appropriate composition | avoid batch template,painting_or_brushwork_surface,"[{""confidence"": 1.0, ""guard_notes"": [], ""guard_status"": ""rule"", ""height"": 1024, ""label"": ""square_artwork"", ""prompt_directive"": ""Use a balanced square artwork canvas only when the caption does not imply a poster, scroll, spread, or panel format."", ""reason"": """", ""source"": ""rule"", ""width"": 1024}]",aas_safe | reference_style | fid_diverse,"Ink and wash painting of a serene misty lakeside landscape with layered mountains, sparse trees on the shore, a small boat on the water, and soft monochrome brushwork on aged paper."
track1_0744,generic_artwork,caption_content,free_crop_allowed | aspect_variation_allowed | style_variation_allowed,caption-led subject | medium-appropriate composition | avoid batch template,painting_or_brushwork_surface,"[{""confidence"": 1.0, ""guard_notes"": [], ""guard_status"": ""rule"", ""height"": 1024, ""label"": ""square_artwork"", ""prompt_directive"": ""Use a balanced square artwork canvas only when the caption does not imply a poster, scroll, spread, or panel format."", ""reason"": """", ""source"": ""rule"", ""width"": 1024}]",aas_safe | reference_style | fid_diverse,"Ink and wash painting of two fan-shaped compositions on a pale mount, with dark bamboo brushwork above and a delicate landscape of trees and distant hills below in muted tones."
track1_0745,generic_artwork,caption_content,free_crop_allowed | aspect_variation_allowed | style_variation_allowed,caption-led subject | medium-appropriate composition | avoid batch template,generic_artwork_surface,"[{""confidence"": 1.0, ""guard_notes"": [], ""guard_status"": ""rule"", ""height"": 1024, ""label"": ""square_artwork"", ""prompt_directive"": ""Use a balanced square artwork canvas only when the caption does not imply a poster, scroll, spread, or panel format."", ""reason"": """", ""source"": ""rule"", ""width"": 1024}]",aas_safe | reference_style | fid_diverse,"Ukiyo-e style snowy winter landscape with travelers and horses crossing a frozen plain near a village, distant water, and Mount Fuji under a pale sky with delicate linework and muted blue tones."
track1_0748,generic_artwork,caption_content,free_crop_allowed | aspect_variation_allowed | style_variation_allowed,caption-led subject | medium-appropriate composition | avoid batch template,generic_artwork_surface,"[{""confidence"": 1.0, ""guard_notes"": [], ""guard_status"": ""rule"", ""height"": 1024, ""label"": ""square_artwork"", ""prompt_directive"": ""Use a balanced square artwork canvas only when the caption does not imply a poster, scroll, spread, or panel format."", ""reason"": """", ""source"": ""rule"", ""width"": 1024}]",aas_safe | reference_style | fid_diverse,"Ukiyo-e scene of two women in flowing kimono on a veranda, one seated beside a potted plant and one standing against a distant landscape, rendered with delicate linework and muted colors."
track1_0749,generic_artwork,caption_content,free_crop_allowed | aspect_variation_allowed | style_variation_allowed,caption-led subject | medium-appropriate composition | avoid batch template,generic_artwork_surface,"[{""confidence"": 1.0, ""guard_notes"": [], ""guard_status"": ""rule"", ""height"": 1024, ""label"": ""square_artwork"", ""prompt_directive"": ""Use a balanced square artwork canvas only when the caption does not imply a poster, scroll, spread, or panel format."", ""reason"": """", ""source"": ""rule"", ""width"": 1024}]",aas_safe | reference_style | fid_diverse,"A Gongbi diptych portrait of two Chinese court figures in ornate imperial robes, one wearing an elaborate jeweled headdress and red embroidered vest and the other in a yellow dragon robe with a black hat, set against a muted gold background with precise linework and delicate decorative detail."
track1_0753,generic_artwork,caption_content,free_crop_allowed | aspect_variation_allowed | style_variation_allowed,caption-led subject | medium-appropriate composition | avoid batch template,generic_artwork_surface,"[{""confidence"": 1.0, ""guard_notes"": [], ""guard_status"": ""rule"", ""height"": 1024, ""label"": ""square_artwork"", ""prompt_directive"": ""Use a balanced square artwork canvas only when the caption does not imply a poster, scroll, spread, or panel format."", ""reason"": """", ""source"": ""rule"", ""width"": 1024}]",aas_safe | reference_style | fid_diverse,"A Ukiyo-e portrait of a woman with elaborate black hair and patterned robes, surrounded by delicate decorative objects and muted aged paper tones."
track1_0755,generic_artwork,caption_content,free_crop_allowed | aspect_variation_allowed | style_variation_allowed,caption-led subject | medium-appropriate composition | avoid batch template,generic_artwork_surface,"[{""confidence"": 1.0, ""guard_notes"": [], ""guard_status"": ""rule"", ""height"": 1024, ""label"": ""square_artwork"", ""prompt_directive"": ""Use a balanced square artwork canvas only when the caption does not imply a poster, scroll, spread, or panel format."", ""reason"": """", ""source"": ""rule"", ""width"": 1024}]",aas_safe | reference_style | fid_diverse,"Ukiyo-e style portrait of a kneeling woman in layered patterned kimono arranging purple irises in a tall white vase, with delicate linework, muted colors, and a calm interior composition."
track1_0759,generic_artwork,caption_content,free_crop_allowed | aspect_variation_allowed | style_variation_allowed,caption-led subject | medium-appropriate composition | avoid batch template,generic_artwork_surface,"[{""confidence"": 1.0, ""guard_notes"": [], ""guard_status"": ""rule"", ""height"": 1024, ""label"": ""square_artwork"", ""prompt_directive"": ""Use a balanced square artwork canvas only when the caption does not imply a poster, scroll, spread, or panel format."", ""reason"": """", ""source"": ""rule"", ""width"": 1024}]",aas_safe | reference_style | fid_diverse,"A Ukiyo-e scene of elegantly dressed figures in patterned kimonos gathered indoors, rendered with delicate linework, muted earth tones, and flat textile textures."
track1_0764,generic_artwork,caption_content,free_crop_allowed | aspect_variation_allowed | style_variation_allowed,caption-led subject | medium-appropriate composition | avoid batch template,generic_artwork_surface,"[{""confidence"": 1.0, ""guard_notes"": [], ""guard_status"": ""rule"", ""height"": 1024, ""label"": ""square_artwork"", ""prompt_directive"": ""Use a balanced square artwork canvas only when the caption does not imply a poster, scroll, spread, or panel format."", ""reason"": """", ""source"": ""rule"", ""width"": 1024}]",aas_safe | reference_style | fid_diverse,"A Baroque still life of hanging game birds, leafy cabbage, pale fruit, and a cut melon arranged against a dark background with dramatic chiaroscuro lighting and muted earthy colors."
track1_0766,generic_artwork,caption_content,free_crop_allowed | aspect_variation_allowed | style_variation_allowed,caption-led subject | medium-appropriate composition | avoid batch template,painting_or_brushwork_surface,"[{""confidence"": 1.0, ""guard_notes"": [], ""guard_status"": ""rule"", ""height"": 1024, ""label"": ""square_artwork"", ""prompt_directive"": ""Use a balanced square artwork canvas only when the caption does not imply a poster, scroll, spread, or panel format."", ""reason"": """", ""source"": ""rule"", ""width"": 1024}]",aas_safe | reference_style | fid_diverse,"Ink and wash painting of a serene riverside mountain landscape with layered rocky cliffs, sparse pine trees, foreground rocks and delicate brushwork in a muted monochrome palette."
track1_0768,generic_artwork,caption_content,free_crop_allowed | aspect_variation_allowed | style_variation_allowed,caption-led subject | medium-appropriate composition | avoid batch template,painting_or_brushwork_surface,"[{""confidence"": 1.0, ""guard_notes"": [], ""guard_status"": ""rule"", ""height"": 1024, ""label"": ""square_artwork"", ""prompt_directive"": ""Use a balanced square artwork canvas only when the caption does not imply a poster, scroll, spread, or panel format."", ""reason"": """", ""source"": ""rule"", ""width"": 1024}]",aas_safe | reference_style | fid_diverse,"Ink and wash painting of a fan-shaped landscape with rocky hills, bare and flowering trees, a small pavilion, and a deer in a muted beige palette with delicate brushwork."
track1_0771,generic_artwork,caption_content,free_crop_allowed | aspect_variation_allowed | style_variation_allowed,caption-led subject | medium-appropriate composition | avoid batch template,generic_artwork_surface,"[{""confidence"": 1.0, ""guard_notes"": [], ""guard_status"": ""rule"", ""height"": 1024, ""label"": ""square_artwork"", ""prompt_directive"": ""Use a balanced square artwork canvas only when the caption does not imply a poster, scroll, spread, or panel format."", ""reason"": """", ""source"": ""rule"", ""width"": 1024}]",aas_safe | reference_style | fid_diverse,"A Ukiyo-e woodblock print of women gathered inside a traditional room opening onto a quiet garden with rocks, pine trees, sliding screens, and delicate linework in a muted color palette."
track1_0779,generic_artwork,caption_content,free_crop_allowed | aspect_variation_allowed | style_variation_allowed,caption-led subject | medium-appropriate composition | avoid batch template,painting_or_brushwork_surface,"[{""confidence"": 1.0, ""guard_notes"": [], ""guard_status"": ""rule"", ""height"": 1024, ""label"": ""square_artwork"", ""prompt_directive"": ""Use a balanced square artwork canvas only when the caption does not imply a poster, scroll, spread, or panel format."", ""reason"": """", ""source"": ""rule"", ""width"": 1024}]",aas_safe | reference_style | fid_diverse,"Abstract ink line drawing on beige paper with a reclining nude figure above fragmented framed interior shapes, loose contour strokes, sparse hatching, and a raw sketch-like composition."
track1_0781,generic_artwork,caption_content,free_crop_allowed | aspect_variation_allowed | style_variation_allowed,caption-led subject | medium-appropriate composition | avoid batch template,generic_artwork_surface,"[{""confidence"": 1.0, ""guard_notes"": [], ""guard_status"": ""rule"", ""height"": 1024, ""label"": ""square_artwork"", ""prompt_directive"": ""Use a balanced square artwork canvas only when the caption does not imply a poster, scroll, spread, or panel format."", ""reason"": """", ""source"": ""rule"", ""width"": 1024}]",aas_safe | reference_style | fid_diverse,"A Gongbi portrait of a seated noble figure in a flowing yellow robe with an obscured face, set against an ornate patterned throne and carpet with fine linework and a muted golden palette."
track1_0797,generic_artwork,caption_content,free_crop_allowed | aspect_variation_allowed | style_variation_allowed,caption-led subject | medium-appropriate composition | avoid batch template,painting_or_brushwork_surface,"[{""confidence"": 1.0, ""guard_notes"": [], ""guard_status"": ""rule"", ""height"": 1024, ""label"": ""square_artwork"", ""prompt_directive"": ""Use a balanced square artwork canvas only when the caption does not imply a poster, scroll, spread, or panel format."", ""reason"": """", ""source"": ""rule"", ""width"": 1024}]",aas_safe | reference_style | fid_diverse,"Ink and wash painting of a tranquil mountainous landscape with steep cliffs, clustered trees, and a small riverside path, rendered in soft sepia tones with delicate brushwork and misty atmosphere."
track1_0799,generic_artwork,caption_content,free_crop_allowed | aspect_variation_allowed | style_variation_allowed,caption-led subject | medium-appropriate composition | avoid batch template,generic_artwork_surface,"[{""confidence"": 1.0, ""guard_notes"": [], ""guard_status"": ""rule"", ""height"": 1024, ""label"": ""square_artwork"", ""prompt_directive"": ""Use a balanced square artwork canvas only when the caption does not imply a poster, scroll, spread, or panel format."", ""reason"": """", ""source"": ""rule"", ""width"": 1024}]",aas_safe | reference_style | fid_diverse,"Ukiyo-e style illustration of elegantly dressed women seated on tatami mats in an interior, gathered around small objects and trays with delicate linework and a muted pastel color palette."
track1_0801,generic_artwork,caption_content,free_crop_allowed | aspect_variation_allowed | style_variation_allowed,caption-led subject | medium-appropriate composition | avoid batch template,generic_artwork_surface,"[{""confidence"": 1.0, ""guard_notes"": [], ""guard_status"": ""rule"", ""height"": 1024, ""label"": ""square_artwork"", ""prompt_directive"": ""Use a balanced square artwork canvas only when the caption does not imply a poster, scroll, spread, or panel format."", ""reason"": """", ""source"": ""rule"", ""width"": 1024}]",aas_safe | reference_style | fid_diverse,"A Ukiyo-e print of a red fish swimming through turquoise water beside sparse bamboo leaves and calligraphic text, with delicate linework and a muted palette."
track1_0804,generic_artwork,caption_content,free_crop_allowed | aspect_variation_allowed | style_variation_allowed,caption-led subject | medium-appropriate composition | avoid batch template,generic_artwork_surface,"[{""confidence"": 1.0, ""guard_notes"": [], ""guard_status"": ""rule"", ""height"": 1024, ""label"": ""square_artwork"", ""prompt_directive"": ""Use a balanced square artwork canvas only when the caption does not imply a poster, scroll, spread, or panel format."", ""reason"": """", ""source"": ""rule"", ""width"": 1024}]",aas_safe | reference_style | fid_diverse,"Abstract sepia-toned composition of a streamlined mechanical structure with long horizontal forms and central circular vents, softened by hazy gradients, subtle texture, and symmetrical balance."
track1_0805,generic_artwork,caption_content,free_crop_allowed | aspect_variation_allowed | style_variation_allowed,caption-led subject | medium-appropriate composition | avoid batch template,generic_artwork_surface,"[{""confidence"": 1.0, ""guard_notes"": [], ""guard_status"": ""rule"", ""height"": 1024, ""label"": ""square_artwork"", ""prompt_directive"": ""Use a balanced square artwork canvas only when the caption does not imply a poster, scroll, spread, or panel format."", ""reason"": """", ""source"": ""rule"", ""width"": 1024}]",aas_safe | reference_style | fid_diverse,"Ukiyo-e scene of three robed women standing in a garden beneath a red-barked flowering tree, with delicate linework, muted colors, and a calm seasonal atmosphere."
track1_0814,generic_artwork,caption_content,free_crop_allowed | aspect_variation_allowed | style_variation_allowed,caption-led subject | medium-appropriate composition | avoid batch template,generic_artwork_surface,"[{""confidence"": 1.0, ""guard_notes"": [], ""guard_status"": ""rule"", ""height"": 1024, ""label"": ""square_artwork"", ""prompt_directive"": ""Use a balanced square artwork canvas only when the caption does not imply a poster, scroll, spread, or panel format."", ""reason"": """", ""source"": ""rule"", ""width"": 1024}]",aas_safe | reference_style | fid_diverse,A Ukiyo-e style portrait of an elegantly dressed woman in a richly patterned kimono against a pale blue background with floating autumn maple leaves and delicate woodblock print linework.
track1_0815,generic_artwork,caption_content,free_crop_allowed | aspect_variation_allowed | style_variation_allowed,caption-led subject | medium-appropriate composition | avoid batch template,painting_or_brushwork_surface,"[{""confidence"": 1.0, ""guard_notes"": [], ""guard_status"": ""rule"", ""height"": 1024, ""label"": ""square_artwork"", ""prompt_directive"": ""Use a balanced square artwork canvas only when the caption does not imply a poster, scroll, spread, or panel format."", ""reason"": """", ""source"": ""rule"", ""width"": 1024}]",aas_safe | reference_style | fid_diverse,"Ukiyo-e scene of elegantly dressed Japanese figures gathered closely with folding fans and patterned robes, rendered in fine ink lines and a muted beige color palette."
track1_0820,generic_artwork,caption_content,free_crop_allowed | aspect_variation_allowed | style_variation_allowed,caption-led subject | medium-appropriate composition | avoid batch template,painting_or_brushwork_surface,"[{""confidence"": 1.0, ""guard_notes"": [], ""guard_status"": ""rule"", ""height"": 1024, ""label"": ""square_artwork"", ""prompt_directive"": ""Use a balanced square artwork canvas only when the caption does not imply a poster, scroll, spread, or panel format."", ""reason"": """", ""source"": ""rule"", ""width"": 1024}]",aas_safe | reference_style | fid_diverse,"Abstract watercolor and ink composition of pale blue and white reclining animal-like forms on a dark blue bench, with loose black brushstrokes, smoky gray washes, and a muted beige background."
track1_0821,generic_artwork,caption_content,free_crop_allowed | aspect_variation_allowed | style_variation_allowed,caption-led subject | medium-appropriate composition | avoid batch template,painting_or_brushwork_surface,"[{""confidence"": 1.0, ""guard_notes"": [], ""guard_status"": ""rule"", ""height"": 1024, ""label"": ""square_artwork"", ""prompt_directive"": ""Use a balanced square artwork canvas only when the caption does not imply a poster, scroll, spread, or panel format."", ""reason"": """", ""source"": ""rule"", ""width"": 1024}]",aas_safe | reference_style | fid_diverse,"Ink and wash painting of a misty mountain landscape with rocky peaks, pine trees, small houses and pavilions beside a winding path, rendered with delicate brushwork and muted earthy tones."
track1_0822,generic_artwork,caption_content,free_crop_allowed | aspect_variation_allowed | style_variation_allowed,caption-led subject | medium-appropriate composition | avoid batch template,painting_or_brushwork_surface,"[{""confidence"": 1.0, ""guard_notes"": [], ""guard_status"": ""rule"", ""height"": 1024, ""label"": ""square_artwork"", ""prompt_directive"": ""Use a balanced square artwork canvas only when the caption does not imply a poster, scroll, spread, or panel format."", ""reason"": """", ""source"": ""rule"", ""width"": 1024}]",aas_safe | reference_style | fid_diverse,"A Gongbi-style ink painting of robed figures gathered beneath a gnarled pine beside rocks, a thatched hut, and a seated figure in a grotto, rendered with fine linework and a subdued monochrome palette."
track1_0825,generic_artwork,caption_content,free_crop_allowed | aspect_variation_allowed | style_variation_allowed,caption-led subject | medium-appropriate composition | avoid batch template,generic_artwork_surface,"[{""confidence"": 1.0, ""guard_notes"": [], ""guard_status"": ""rule"", ""height"": 1024, ""label"": ""square_artwork"", ""prompt_directive"": ""Use a balanced square artwork canvas only when the caption does not imply a poster, scroll, spread, or panel format."", ""reason"": """", ""source"": ""rule"", ""width"": 1024}]",aas_safe | reference_style | fid_diverse,"Ukiyo-e style portrait of two elegantly dressed women in ornate patterned kimono with elaborate hair ornaments, surrounded by small butterflies on a muted beige background with delicate linework and soft colors."
track1_0827,generic_artwork,caption_content,free_crop_allowed | aspect_variation_allowed | style_variation_allowed,caption-led subject | medium-appropriate composition | avoid batch template,generic_artwork_surface,"[{""confidence"": 1.0, ""guard_notes"": [], ""guard_status"": ""rule"", ""height"": 1024, ""label"": ""square_artwork"", ""prompt_directive"": ""Use a balanced square artwork canvas only when the caption does not imply a poster, scroll, spread, or panel format."", ""reason"": """", ""source"": ""rule"", ""width"": 1024}]",aas_safe | reference_style | fid_diverse,"A High Renaissance sepia-toned drawing of seated draped women with two infants in a tender Holy Family scene, rendered with soft shading, delicate linework, and a calm balanced composition."
track1_0832,generic_artwork,caption_content,free_crop_allowed | aspect_variation_allowed | style_variation_allowed,caption-led subject | medium-appropriate composition | avoid batch template,generic_artwork_surface,"[{""confidence"": 1.0, ""guard_notes"": [], ""guard_status"": ""rule"", ""height"": 1024, ""label"": ""square_artwork"", ""prompt_directive"": ""Use a balanced square artwork canvas only when the caption does not imply a poster, scroll, spread, or panel format."", ""reason"": """", ""source"": ""rule"", ""width"": 1024}]",aas_safe | reference_style | fid_diverse,"Ukiyo-e scene of two women in patterned kimonos, one standing and one kneeling with a fan beside tall flowering plants, rendered with flat warm colors and delicate linework."
track1_0836,generic_artwork,caption_content,free_crop_allowed | aspect_variation_allowed | style_variation_allowed,caption-led subject | medium-appropriate composition | avoid batch template,generic_artwork_surface,"[{""confidence"": 1.0, ""guard_notes"": [], ""guard_status"": ""rule"", ""height"": 1024, ""label"": ""square_artwork"", ""prompt_directive"": ""Use a balanced square artwork canvas only when the caption does not imply a poster, scroll, spread, or panel format."", ""reason"": """", ""source"": ""rule"", ""width"": 1024}]",aas_safe | reference_style | fid_diverse,"A Baroque classical landscape with a solitary seated figure reading among ancient ruins, tall trees, distant hills, and soft dramatic light under a blue sky."
track1_0837,generic_artwork,caption_content,free_crop_allowed | aspect_variation_allowed | style_variation_allowed,caption-led subject | medium-appropriate composition | avoid batch template,generic_artwork_surface,"[{""confidence"": 1.0, ""guard_notes"": [], ""guard_status"": ""rule"", ""height"": 1024, ""label"": ""square_artwork"", ""prompt_directive"": ""Use a balanced square artwork canvas only when the caption does not imply a poster, scroll, spread, or panel format."", ""reason"": """", ""source"": ""rule"", ""width"": 1024}]",aas_safe | reference_style | fid_diverse,"Abstract geometric composition with bold black curves, red vertical rectangles, yellow and white angular forms, and a muted blue background in a flat screenprint style."
track1_0842,generic_artwork,caption_content,free_crop_allowed | aspect_variation_allowed | style_variation_allowed,caption-led subject | medium-appropriate composition | avoid batch template,generic_artwork_surface,"[{""confidence"": 1.0, ""guard_notes"": [], ""guard_status"": ""rule"", ""height"": 1024, ""label"": ""square_artwork"", ""prompt_directive"": ""Use a balanced square artwork canvas only when the caption does not imply a poster, scroll, spread, or panel format."", ""reason"": """", ""source"": ""rule"", ""width"": 1024}]",aas_safe | reference_style | fid_diverse,"A Baroque pastoral landscape with travelers and cattle crossing a shadowed foreground beneath a large tree, ancient ruins and a rocky hill crowned by a classical temple, and soft dramatic light opening toward a distant river and sky."
track1_0843,generic_artwork,caption_content,free_crop_allowed | aspect_variation_allowed | style_variation_allowed,caption-led subject | medium-appropriate composition | avoid batch template,generic_artwork_surface,"[{""confidence"": 1.0, ""guard_notes"": [], ""guard_status"": ""rule"", ""height"": 1024, ""label"": ""square_artwork"", ""prompt_directive"": ""Use a balanced square artwork canvas only when the caption does not imply a poster, scroll, spread, or panel format."", ""reason"": """", ""source"": ""rule"", ""width"": 1024}]",aas_safe | reference_style | fid_diverse,"Ukiyo-e scene of elegantly dressed women in patterned kimonos beside a wooden veranda and blossoming tree, rendered with fine linework, muted colors, and a calm atmosphere."
track1_0845,generic_artwork,caption_content,free_crop_allowed | aspect_variation_allowed | style_variation_allowed,caption-led subject | medium-appropriate composition | avoid batch template,generic_artwork_surface,"[{""confidence"": 1.0, ""guard_notes"": [], ""guard_status"": ""rule"", ""height"": 1024, ""label"": ""square_artwork"", ""prompt_directive"": ""Use a balanced square artwork canvas only when the caption does not imply a poster, scroll, spread, or panel format."", ""reason"": """", ""source"": ""rule"", ""width"": 1024}]",aas_safe | reference_style | fid_diverse,"A serene impressionism coastal landscape with a winding reddish path through lush vegetation beside a blue sea and distant mountains, painted with soft light and loose textured brushstrokes."
track1_0846,generic_artwork,caption_content,free_crop_allowed | aspect_variation_allowed | style_variation_allowed,caption-led subject | medium-appropriate composition | avoid batch template,painting_or_brushwork_surface,"[{""confidence"": 1.0, ""guard_notes"": [], ""guard_status"": ""rule"", ""height"": 1024, ""label"": ""square_artwork"", ""prompt_directive"": ""Use a balanced square artwork canvas only when the caption does not imply a poster, scroll, spread, or panel format."", ""reason"": """", ""source"": ""rule"", ""width"": 1024}]",aas_safe | reference_style | fid_diverse,"Ink and wash painting of misty rocky mountains with clustered trees, rendered in soft monochrome brushwork and a serene, atmospheric composition."
track1_0848,generic_artwork,caption_content,free_crop_allowed | aspect_variation_allowed | style_variation_allowed,caption-led subject | medium-appropriate composition | avoid batch template,painting_or_brushwork_surface,"[{""confidence"": 1.0, ""guard_notes"": [], ""guard_status"": ""rule"", ""height"": 1024, ""label"": ""square_artwork"", ""prompt_directive"": ""Use a balanced square artwork canvas only when the caption does not imply a poster, scroll, spread, or panel format."", ""reason"": """", ""source"": ""rule"", ""width"": 1024}]",aas_safe | reference_style | fid_diverse,"Ink and wash painting of a serene misty waterscape with distant boats and low islands, a rocky pine-covered cliff on the right, and delicate monochrome brushwork on aged paper."
track1_0849,generic_artwork,caption_content,free_crop_allowed | aspect_variation_allowed | style_variation_allowed,caption-led subject | medium-appropriate composition | avoid batch template,painting_or_brushwork_surface,"[{""confidence"": 1.0, ""guard_notes"": [], ""guard_status"": ""rule"", ""height"": 1024, ""label"": ""square_artwork"", ""prompt_directive"": ""Use a balanced square artwork canvas only when the caption does not imply a poster, scroll, spread, or panel format."", ""reason"": """", ""source"": ""rule"", ""width"": 1024}]",aas_safe | reference_style | fid_diverse,"Ukiyo-e scene of two figures beside tall straw bundles and windblown grasses under a crescent moon, rendered with delicate ink linework and a muted sepia palette."
track1_0853,generic_artwork,caption_content,free_crop_allowed | aspect_variation_allowed | style_variation_allowed,caption-led subject | medium-appropriate composition | avoid batch template,generic_artwork_surface,"[{""confidence"": 1.0, ""guard_notes"": [], ""guard_status"": ""rule"", ""height"": 1024, ""label"": ""square_artwork"", ""prompt_directive"": ""Use a balanced square artwork canvas only when the caption does not imply a poster, scroll, spread, or panel format."", ""reason"": """", ""source"": ""rule"", ""width"": 1024}]",aas_safe | reference_style | fid_diverse,"A Ukiyo-e scene of elegantly dressed figures in traditional Japanese robes gathered near a sparse tree and a small procession cart, rendered with delicate linework, muted colors, and an airy horizontal composition."
track1_0854,generic_artwork,caption_content,free_crop_allowed | aspect_variation_allowed | style_variation_allowed,caption-led subject | medium-appropriate composition | avoid batch template,generic_artwork_surface,"[{""confidence"": 1.0, ""guard_notes"": [], ""guard_status"": ""rule"", ""height"": 1024, ""label"": ""square_artwork"", ""prompt_directive"": ""Use a balanced square artwork canvas only when the caption does not imply a poster, scroll, spread, or panel format."", ""reason"": """", ""source"": ""rule"", ""width"": 1024}]",aas_safe | reference_style | fid_diverse,"A Gongbi painting of an ancient palace complex with layered rooftops, courtyards, and tiny figures in a muted brown palette with fine, delicate linework."
track1_0858,generic_artwork,caption_content,free_crop_allowed | aspect_variation_allowed | style_variation_allowed,caption-led subject | medium-appropriate composition | avoid batch template,painting_or_brushwork_surface,"[{""confidence"": 1.0, ""guard_notes"": [], ""guard_status"": ""rule"", ""height"": 1024, ""label"": ""square_artwork"", ""prompt_directive"": ""Use a balanced square artwork canvas only when the caption does not imply a poster, scroll, spread, or panel format."", ""reason"": """", ""source"": ""rule"", ""width"": 1024}]",aas_safe | reference_style | fid_diverse,"Ink and wash painting of a serene misty mountain landscape with distant hills, a calm river, scattered trees, and soft monochrome brushwork on aged paper."
track1_0859,generic_artwork,caption_content,free_crop_allowed | aspect_variation_allowed | style_variation_allowed,caption-led subject | medium-appropriate composition | avoid batch template,painting_or_brushwork_surface,"[{""confidence"": 1.0, ""guard_notes"": [], ""guard_status"": ""rule"", ""height"": 1024, ""label"": ""square_artwork"", ""prompt_directive"": ""Use a balanced square artwork canvas only when the caption does not imply a poster, scroll, spread, or panel format."", ""reason"": """", ""source"": ""rule"", ""width"": 1024}]",aas_safe | reference_style | fid_diverse,"Ink and wash painting of cranes standing among snow-covered reeds and rocks in a vertical landscape composition, with distant mountains, muted gray brushwork, and small orange-red foliage accents."
track1_0864,generic_artwork,caption_content,free_crop_allowed | aspect_variation_allowed | style_variation_allowed,caption-led subject | medium-appropriate composition | avoid batch template,generic_artwork_surface,"[{""confidence"": 1.0, ""guard_notes"": [], ""guard_status"": ""rule"", ""height"": 1024, ""label"": ""square_artwork"", ""prompt_directive"": ""Use a balanced square artwork canvas only when the caption does not imply a poster, scroll, spread, or panel format."", ""reason"": """", ""source"": ""rule"", ""width"": 1024}]",aas_safe | reference_style | fid_diverse,"A Gongbi-style paired imperial portrait of a woman in an ornate jeweled crown and red embroidered robe beside a man in a yellow dragon robe and black headwear, set against a muted tan silk-like background with fine lines and delicate decorative detail."
track1_0867,generic_artwork,caption_content,free_crop_allowed | aspect_variation_allowed | style_variation_allowed,caption-led subject | medium-appropriate composition | avoid batch template,generic_artwork_surface,"[{""confidence"": 1.0, ""guard_notes"": [], ""guard_status"": ""rule"", ""height"": 1024, ""label"": ""square_artwork"", ""prompt_directive"": ""Use a balanced square artwork canvas only when the caption does not imply a poster, scroll, spread, or panel format."", ""reason"": """", ""source"": ""rule"", ""width"": 1024}]",aas_safe | reference_style | fid_diverse,"Three ornate robed Buddhist figures stand with circular halos against a muted brown background in Gongbi style, with fine linework, delicate decorative patterns, and a solemn devotional atmosphere."
track1_0868,generic_artwork,caption_content,free_crop_allowed | aspect_variation_allowed | style_variation_allowed,caption-led subject | medium-appropriate composition | avoid batch template,generic_artwork_surface,"[{""confidence"": 1.0, ""guard_notes"": [], ""guard_status"": ""rule"", ""height"": 1024, ""label"": ""square_artwork"", ""prompt_directive"": ""Use a balanced square artwork canvas only when the caption does not imply a poster, scroll, spread, or panel format."", ""reason"": """", ""source"": ""rule"", ""width"": 1024}]",aas_safe | reference_style | fid_diverse,"Abstract line sketch of several mask-like faces with curling hair above a hatched rectangular form on beige paper, using delicate sparse strokes and a minimal composition."
track1_0871,generic_artwork,caption_content,free_crop_allowed | aspect_variation_allowed | style_variation_allowed,caption-led subject | medium-appropriate composition | avoid batch template,generic_artwork_surface,"[{""confidence"": 1.0, ""guard_notes"": [], ""guard_status"": ""rule"", ""height"": 1024, ""label"": ""square_artwork"", ""prompt_directive"": ""Use a balanced square artwork canvas only when the caption does not imply a poster, scroll, spread, or panel format."", ""reason"": """", ""source"": ""rule"", ""width"": 1024}]",aas_safe | reference_style | fid_diverse,"Gongbi style formal paired portraits of two royal figures in ornate ceremonial robes, one wearing an elaborate jeweled headdress and the other in a golden dragon robe, set against muted tan silk panels with precise linework and delicate decorative detail."
track1_0872,generic_artwork,caption_content,free_crop_allowed | aspect_variation_allowed | style_variation_allowed,caption-led subject | medium-appropriate composition | avoid batch template,generic_artwork_surface,"[{""confidence"": 1.0, ""guard_notes"": [], ""guard_status"": ""rule"", ""height"": 1024, ""label"": ""square_artwork"", ""prompt_directive"": ""Use a balanced square artwork canvas only when the caption does not imply a poster, scroll, spread, or panel format."", ""reason"": """", ""source"": ""rule"", ""width"": 1024}]",aas_safe | reference_style | fid_diverse,"A serene Ukiyo-e landscape with a winding stream flowing through rocky banks, dense green hills, and trees silhouetted against a dark sky, rendered with bold outlines and textured wave patterns."
track1_0874,generic_artwork,caption_content,free_crop_allowed | aspect_variation_allowed | style_variation_allowed,caption-led subject | medium-appropriate composition | avoid batch template,generic_artwork_surface,"[{""confidence"": 1.0, ""guard_notes"": [], ""guard_status"": ""rule"", ""height"": 1024, ""label"": ""square_artwork"", ""prompt_directive"": ""Use a balanced square artwork canvas only when the caption does not imply a poster, scroll, spread, or panel format."", ""reason"": """", ""source"": ""rule"", ""width"": 1024}]",aas_safe | reference_style | fid_diverse,"Ukiyo-e scene of elegantly dressed women and children gathered in a traditional interior with dolls on a raised platform, tea utensils, and a vase of flowering branches, rendered with delicate linework and muted colors."
track1_0875,generic_artwork,caption_content,free_crop_allowed | aspect_variation_allowed | style_variation_allowed,caption-led subject | medium-appropriate composition | avoid batch template,generic_artwork_surface,"[{""confidence"": 1.0, ""guard_notes"": [], ""guard_status"": ""rule"", ""height"": 1024, ""label"": ""square_artwork"", ""prompt_directive"": ""Use a balanced square artwork canvas only when the caption does not imply a poster, scroll, spread, or panel format."", ""reason"": """", ""source"": ""rule"", ""width"": 1024}]",aas_safe | reference_style | fid_diverse,"A Gongbi painting of robed figures resting among rocks, trees, and a quiet waterside landscape, with delicate linework and muted earthy colors."
track1_0878,generic_artwork,caption_content,free_crop_allowed | aspect_variation_allowed | style_variation_allowed,caption-led subject | medium-appropriate composition | avoid batch template,generic_artwork_surface,"[{""confidence"": 1.0, ""guard_notes"": [], ""guard_status"": ""rule"", ""height"": 1024, ""label"": ""square_artwork"", ""prompt_directive"": ""Use a balanced square artwork canvas only when the caption does not imply a poster, scroll, spread, or panel format."", ""reason"": """", ""source"": ""rule"", ""width"": 1024}]",aas_safe | reference_style | fid_diverse,"Ukiyo-e scene of a woman in layered kimono seated calmly on a wooden veranda beside sliding screens, with delicate linework and a muted pastel palette."
track1_0879,generic_artwork,caption_content,free_crop_allowed | aspect_variation_allowed | style_variation_allowed,caption-led subject | medium-appropriate composition | avoid batch template,generic_artwork_surface,"[{""confidence"": 1.0, ""guard_notes"": [], ""guard_status"": ""rule"", ""height"": 1024, ""label"": ""square_artwork"", ""prompt_directive"": ""Use a balanced square artwork canvas only when the caption does not imply a poster, scroll, spread, or panel format."", ""reason"": """", ""source"": ""rule"", ""width"": 1024}]",aas_safe | reference_style | fid_diverse,"Ukiyo-e scene of elegantly dressed figures in patterned kimonos gathered beneath a tree near a fence, rendered with delicate linework, muted earthy colors, and a calm outdoor atmosphere."
track1_0880,generic_artwork,caption_content,free_crop_allowed | aspect_variation_allowed | style_variation_allowed,caption-led subject | medium-appropriate composition | avoid batch template,painting_or_brushwork_surface,"[{""confidence"": 1.0, ""guard_notes"": [], ""guard_status"": ""rule"", ""height"": 1024, ""label"": ""square_artwork"", ""prompt_directive"": ""Use a balanced square artwork canvas only when the caption does not imply a poster, scroll, spread, or panel format."", ""reason"": """", ""source"": ""rule"", ""width"": 1024}]",aas_safe | reference_style | fid_diverse,"A Gongbi-style scene of several robed figures gathered in a traditional interior with tiled flooring, delicate fine-line brushwork, muted ink tones, and a calm scholarly atmosphere."
track1_0887,generic_artwork,caption_content,free_crop_allowed | aspect_variation_allowed | style_variation_allowed,caption-led subject | medium-appropriate composition | avoid batch template,generic_artwork_surface,"[{""confidence"": 1.0, ""guard_notes"": [], ""guard_status"": ""rule"", ""height"": 1024, ""label"": ""square_artwork"", ""prompt_directive"": ""Use a balanced square artwork canvas only when the caption does not imply a poster, scroll, spread, or panel format."", ""reason"": """", ""source"": ""rule"", ""width"": 1024}]",aas_safe | reference_style | fid_diverse,"Two red-crowned cranes fly above pine trees and stylized clouds against a vivid blue sky in Gongbi style, with fine linework, delicate feather detail, and a serene atmosphere."
track1_0894,generic_artwork,caption_content,free_crop_allowed | aspect_variation_allowed | style_variation_allowed,caption-led subject | medium-appropriate composition | avoid batch template,generic_artwork_surface,"[{""confidence"": 1.0, ""guard_notes"": [], ""guard_status"": ""rule"", ""height"": 1024, ""label"": ""square_artwork"", ""prompt_directive"": ""Use a balanced square artwork canvas only when the caption does not imply a poster, scroll, spread, or panel format."", ""reason"": """", ""source"": ""rule"", ""width"": 1024}]",aas_safe | reference_style | fid_diverse,"Ukiyo-e style portrait of a seated woman in a floral kimono reading a folded letter beside a small potted plant arrangement, rendered with delicate linework and a muted pastel color palette."
track1_0895,generic_artwork,caption_content,free_crop_allowed | aspect_variation_allowed | style_variation_allowed,caption-led subject | medium-appropriate composition | avoid batch template,painting_or_brushwork_surface,"[{""confidence"": 1.0, ""guard_notes"": [], ""guard_status"": ""rule"", ""height"": 1024, ""label"": ""square_artwork"", ""prompt_directive"": ""Use a balanced square artwork canvas only when the caption does not imply a poster, scroll, spread, or panel format."", ""reason"": """", ""source"": ""rule"", ""width"": 1024}]",aas_safe | reference_style | fid_diverse,"Ink and wash painting of a serene sepia-toned landscape with distant mountains, a calm river, sparse trees, and a faint red sun rendered with delicate brushwork."
track1_0896,generic_artwork,caption_content,free_crop_allowed | aspect_variation_allowed | style_variation_allowed,caption-led subject | medium-appropriate composition | avoid batch template,painting_or_brushwork_surface,"[{""confidence"": 1.0, ""guard_notes"": [], ""guard_status"": ""rule"", ""height"": 1024, ""label"": ""square_artwork"", ""prompt_directive"": ""Use a balanced square artwork canvas only when the caption does not imply a poster, scroll, spread, or panel format."", ""reason"": """", ""source"": ""rule"", ""width"": 1024}]",aas_safe | reference_style | fid_diverse,"Abstract black ink line drawing on aged beige paper with elongated mask-like faces and clustered organic figures inside an oval frame, using sparse hatching and rough, expressive contours."
track1_0900,generic_artwork,caption_content,free_crop_allowed | aspect_variation_allowed | style_variation_allowed,caption-led subject | medium-appropriate composition | avoid batch template,generic_artwork_surface,"[{""confidence"": 1.0, ""guard_notes"": [], ""guard_status"": ""rule"", ""height"": 1024, ""label"": ""square_artwork"", ""prompt_directive"": ""Use a balanced square artwork canvas only when the caption does not imply a poster, scroll, spread, or panel format."", ""reason"": """", ""source"": ""rule"", ""width"": 1024}]",aas_safe | reference_style | fid_diverse,"A serene Gongbi landscape with finely detailed pine trees, blue-green rocky hills, distant misty mountains, and small figures nestled among muted earth-toned scenery."
track1_0903,generic_artwork,caption_content,free_crop_allowed | aspect_variation_allowed | style_variation_allowed,caption-led subject | medium-appropriate composition | avoid batch template,painting_or_brushwork_surface,"[{""confidence"": 1.0, ""guard_notes"": [], ""guard_status"": ""rule"", ""height"": 1024, ""label"": ""square_artwork"", ""prompt_directive"": ""Use a balanced square artwork canvas only when the caption does not imply a poster, scroll, spread, or panel format."", ""reason"": """", ""source"": ""rule"", ""width"": 1024}]",aas_safe | reference_style | fid_diverse,"A Gongbi-style traditional Chinese scene with finely outlined robed figures and children gathered beneath a twisting pine tree, rendered in delicate brushwork, muted colors, and a calm garden setting."
track1_0907,generic_artwork,caption_content,free_crop_allowed | aspect_variation_allowed | style_variation_allowed,caption-led subject | medium-appropriate composition | avoid batch template,generic_artwork_surface,"[{""confidence"": 1.0, ""guard_notes"": [], ""guard_status"": ""rule"", ""height"": 1024, ""label"": ""square_artwork"", ""prompt_directive"": ""Use a balanced square artwork canvas only when the caption does not imply a poster, scroll, spread, or panel format."", ""reason"": """", ""source"": ""rule"", ""width"": 1024}]",aas_safe | reference_style | fid_diverse,"A Ukiyo-e woodblock print of an armored samurai in green robes kneeling indoors with a sword at his side, rendered with fine linework and muted pastel colors."
track1_0909,generic_artwork,caption_content,free_crop_allowed | aspect_variation_allowed | style_variation_allowed,caption-led subject | medium-appropriate composition | avoid batch template,painting_or_brushwork_surface,"[{""confidence"": 1.0, ""guard_notes"": [], ""guard_status"": ""rule"", ""height"": 1024, ""label"": ""square_artwork"", ""prompt_directive"": ""Use a balanced square artwork canvas only when the caption does not imply a poster, scroll, spread, or panel format."", ""reason"": """", ""source"": ""rule"", ""width"": 1024}]",aas_safe | reference_style | fid_diverse,"Ink and wash painting of a misty mountain valley with winding fields, dense foreground trees, and small figures on a path, rendered in soft monochrome washes and delicate brushwork."
track1_0910,generic_artwork,caption_content,free_crop_allowed | aspect_variation_allowed | style_variation_allowed,caption-led subject | medium-appropriate composition | avoid batch template,generic_artwork_surface,"[{""confidence"": 1.0, ""guard_notes"": [], ""guard_status"": ""rule"", ""height"": 1024, ""label"": ""square_artwork"", ""prompt_directive"": ""Use a balanced square artwork canvas only when the caption does not imply a poster, scroll, spread, or panel format."", ""reason"": """", ""source"": ""rule"", ""width"": 1024}]",aas_safe | reference_style | fid_diverse,"Ukiyo-e scene of muscular men in patterned garments grappling around a yellow wooden structure beneath gnarled trees, rendered with fine outlines, muted teal and ochre colors, and a dynamic diagonal composition."
track1_0913,generic_artwork,caption_content,free_crop_allowed | aspect_variation_allowed | style_variation_allowed,caption-led subject | medium-appropriate composition | avoid batch template,generic_artwork_surface,"[{""confidence"": 1.0, ""guard_notes"": [], ""guard_status"": ""rule"", ""height"": 1024, ""label"": ""square_artwork"", ""prompt_directive"": ""Use a balanced square artwork canvas only when the caption does not imply a poster, scroll, spread, or panel format."", ""reason"": """", ""source"": ""rule"", ""width"": 1024}]",aas_safe | reference_style | fid_diverse,"Ukiyo-e scene of two women in patterned kimonos attending to a young child inside a traditional room, with delicate linework, muted colors, and a screen decorated with red circular motifs."
track1_0915,generic_artwork,caption_content,free_crop_allowed | aspect_variation_allowed | style_variation_allowed,caption-led subject | medium-appropriate composition | avoid batch template,generic_artwork_surface,"[{""confidence"": 1.0, ""guard_notes"": [], ""guard_status"": ""rule"", ""height"": 1024, ""label"": ""square_artwork"", ""prompt_directive"": ""Use a balanced square artwork canvas only when the caption does not imply a poster, scroll, spread, or panel format."", ""reason"": """", ""source"": ""rule"", ""width"": 1024}]",aas_safe | reference_style | fid_diverse,"Ukiyo-e style scene of two women in patterned kimono walking under a large umbrella in falling snow, with delicate linework, muted earthy colors, and calligraphic text in the background."
track1_0917,generic_artwork,caption_content,free_crop_allowed | aspect_variation_allowed | style_variation_allowed,caption-led subject | medium-appropriate composition | avoid batch template,generic_artwork_surface,"[{""confidence"": 1.0, ""guard_notes"": [], ""guard_status"": ""rule"", ""height"": 1024, ""label"": ""square_artwork"", ""prompt_directive"": ""Use a balanced square artwork canvas only when the caption does not imply a poster, scroll, spread, or panel format."", ""reason"": """", ""source"": ""rule"", ""width"": 1024}]",aas_safe | reference_style | fid_diverse,"A Gongbi painting of an ancient Chinese court scene with a seated noble figure receiving attendants on a palace terrace, rendered with fine linework, delicate colors, and a calm formal atmosphere."
track1_0918,generic_artwork,caption_content,free_crop_allowed | aspect_variation_allowed | style_variation_allowed,caption-led subject | medium-appropriate composition | avoid batch template,generic_artwork_surface,"[{""confidence"": 1.0, ""guard_notes"": [], ""guard_status"": ""rule"", ""height"": 1024, ""label"": ""square_artwork"", ""prompt_directive"": ""Use a balanced square artwork canvas only when the caption does not imply a poster, scroll, spread, or panel format."", ""reason"": """", ""source"": ""rule"", ""width"": 1024}]",aas_safe | reference_style | fid_diverse,"A Ukiyo-e coastal landscape with clustered rooftops, a pagoda-like temple, dark wooded hills, and a calm bay rendered in muted colors and crisp woodblock-style lines."
track1_0921,generic_artwork,caption_content,free_crop_allowed | aspect_variation_allowed | style_variation_allowed,caption-led subject | medium-appropriate composition | avoid batch template,generic_artwork_surface,"[{""confidence"": 1.0, ""guard_notes"": [], ""guard_status"": ""rule"", ""height"": 1024, ""label"": ""square_artwork"", ""prompt_directive"": ""Use a balanced square artwork canvas only when the caption does not imply a poster, scroll, spread, or panel format."", ""reason"": """", ""source"": ""rule"", ""width"": 1024}]",aas_safe | reference_style | fid_diverse,"Abstract minimalist composition with a central black elongated oval form, sharp angular linework, and sparse geometric shapes on a warm beige paper background."
track1_0927,generic_artwork,caption_content,free_crop_allowed | aspect_variation_allowed | style_variation_allowed,caption-led subject | medium-appropriate composition | avoid batch template,generic_artwork_surface,"[{""confidence"": 1.0, ""guard_notes"": [], ""guard_status"": ""rule"", ""height"": 1024, ""label"": ""square_artwork"", ""prompt_directive"": ""Use a balanced square artwork canvas only when the caption does not imply a poster, scroll, spread, or panel format."", ""reason"": """", ""source"": ""rule"", ""width"": 1024}]",aas_safe | reference_style | fid_diverse,"Ukiyo-e scene of white herons wading among purple irises and reeds beside calm water under a pink sunset sky, with delicate linework and flat muted colors."
track1_0932,generic_artwork,caption_content,free_crop_allowed | aspect_variation_allowed | style_variation_allowed,caption-led subject | medium-appropriate composition | avoid batch template,generic_artwork_surface,"[{""confidence"": 1.0, ""guard_notes"": [], ""guard_status"": ""rule"", ""height"": 1024, ""label"": ""square_artwork"", ""prompt_directive"": ""Use a balanced square artwork canvas only when the caption does not imply a poster, scroll, spread, or panel format."", ""reason"": """", ""source"": ""rule"", ""width"": 1024}]",aas_safe | reference_style | fid_diverse,"A serene Gongbi courtyard garden scene with finely outlined figures walking near a pavilion, willow trees, rocks, and a small bridge in muted earthy colors."
track1_0938,generic_artwork,caption_content,free_crop_allowed | aspect_variation_allowed | style_variation_allowed,caption-led subject | medium-appropriate composition | avoid batch template,painting_or_brushwork_surface,"[{""confidence"": 1.0, ""guard_notes"": [], ""guard_status"": ""rule"", ""height"": 1024, ""label"": ""square_artwork"", ""prompt_directive"": ""Use a balanced square artwork canvas only when the caption does not imply a poster, scroll, spread, or panel format."", ""reason"": """", ""source"": ""rule"", ""width"": 1024}]",aas_safe | reference_style | fid_diverse,"Ink and wash painting of a serene riverside landscape with rocky banks, clustered trees, a small pavilion, and misty distant islands rendered in delicate sepia brushwork."
track1_0940,generic_artwork,caption_content,free_crop_allowed | aspect_variation_allowed | style_variation_allowed,caption-led subject | medium-appropriate composition | avoid batch template,generic_artwork_surface,"[{""confidence"": 1.0, ""guard_notes"": [], ""guard_status"": ""rule"", ""height"": 1024, ""label"": ""square_artwork"", ""prompt_directive"": ""Use a balanced square artwork canvas only when the caption does not imply a poster, scroll, spread, or panel format."", ""reason"": """", ""source"": ""rule"", ""width"": 1024}]",aas_safe | reference_style | fid_diverse,"Abstract geometric composition with concentric textured circles, diagonal lines, pale horizontal bars, and small cross marks on a stark black rectangle against a beige paper background."
track1_0942,generic_artwork,caption_content,free_crop_allowed | aspect_variation_allowed | style_variation_allowed,caption-led subject | medium-appropriate composition | avoid batch template,generic_artwork_surface,"[{""confidence"": 1.0, ""guard_notes"": [], ""guard_status"": ""rule"", ""height"": 1024, ""label"": ""square_artwork"", ""prompt_directive"": ""Use a balanced square artwork canvas only when the caption does not imply a poster, scroll, spread, or panel format."", ""reason"": """", ""source"": ""rule"", ""width"": 1024}]",aas_safe | reference_style | fid_diverse,A Gongbi style Chinese scene with finely outlined figures gathered around a low tea table beneath pine trees in a quiet pastoral landscape.
track1_0944,generic_artwork,caption_content,free_crop_allowed | aspect_variation_allowed | style_variation_allowed,caption-led subject | medium-appropriate composition | avoid batch template,painting_or_brushwork_surface,"[{""confidence"": 1.0, ""guard_notes"": [], ""guard_status"": ""rule"", ""height"": 1024, ""label"": ""square_artwork"", ""prompt_directive"": ""Use a balanced square artwork canvas only when the caption does not imply a poster, scroll, spread, or panel format."", ""reason"": """", ""source"": ""rule"", ""width"": 1024}]",aas_safe | reference_style | fid_diverse,"A Gongbi painting of children playing in a tranquil garden landscape with rocks, bamboo, a fence, and soft pale colors defined by delicate fine-line brushwork."
track1_0945,generic_artwork,caption_content,free_crop_allowed | aspect_variation_allowed | style_variation_allowed,caption-led subject | medium-appropriate composition | avoid batch template,generic_artwork_surface,"[{""confidence"": 1.0, ""guard_notes"": [], ""guard_status"": ""rule"", ""height"": 1024, ""label"": ""square_artwork"", ""prompt_directive"": ""Use a balanced square artwork canvas only when the caption does not imply a poster, scroll, spread, or panel format."", ""reason"": """", ""source"": ""rule"", ""width"": 1024}]",aas_safe | reference_style | fid_diverse,"Ukiyo-e scene of three elegantly dressed women in patterned kimonos standing beneath blooming cherry branches, with delicate linework, muted colors, and a calm spring atmosphere."
track1_0949,generic_artwork,caption_content,free_crop_allowed | aspect_variation_allowed | style_variation_allowed,caption-led subject | medium-appropriate composition | avoid batch template,painting_or_brushwork_surface,"[{""confidence"": 1.0, ""guard_notes"": [], ""guard_status"": ""rule"", ""height"": 1024, ""label"": ""square_artwork"", ""prompt_directive"": ""Use a balanced square artwork canvas only when the caption does not imply a poster, scroll, spread, or panel format."", ""reason"": """", ""source"": ""rule"", ""width"": 1024}]",aas_safe | reference_style | fid_diverse,"Abstract ink sketch of a distorted standing figure with oversized arms and fragmented facial features, framed by rough linear borders and dense cross-hatched shadows on aged beige paper."
track1_0952,generic_artwork,caption_content,free_crop_allowed | aspect_variation_allowed | style_variation_allowed,caption-led subject | medium-appropriate composition | avoid batch template,generic_artwork_surface,"[{""confidence"": 1.0, ""guard_notes"": [], ""guard_status"": ""rule"", ""height"": 1024, ""label"": ""square_artwork"", ""prompt_directive"": ""Use a balanced square artwork canvas only when the caption does not imply a poster, scroll, spread, or panel format."", ""reason"": """", ""source"": ""rule"", ""width"": 1024}]",aas_safe | reference_style | fid_diverse,"A Ukiyo-e portrait of an elegant woman in a richly patterned blue kimono within a decorative interior, rendered with flat color blocks, delicate linework, and a muted vintage palette."
track1_0953,scroll_album_paper_support,caption_content | support_surface_required,preserve_support_aspect | medium_texture_variation_allowed | viewpoint_variation_allowed,visible paper support | folds or ruled grid | album or scroll framing,scroll_or_album_paper_support,"[{""confidence"": 1.0, ""guard_notes"": [], ""guard_status"": ""rule"", ""height"": 1024, ""label"": ""square_artwork"", ""prompt_directive"": ""Use a balanced square artwork canvas only when the caption does not imply a poster, scroll, spread, or panel format."", ""reason"": """", ""source"": ""rule"", ""width"": 1024}]",aas_safe | reference_style | fid_diverse,"A black bird perched on a gnarled branch with reddish autumn leaves, rendered in Gongbi style with delicate linework, muted colors, and a calm album-leaf composition."
track1_0954,generic_artwork,caption_content,free_crop_allowed | aspect_variation_allowed | style_variation_allowed,caption-led subject | medium-appropriate composition | avoid batch template,generic_artwork_surface,"[{""confidence"": 1.0, ""guard_notes"": [], ""guard_status"": ""rule"", ""height"": 1024, ""label"": ""square_artwork"", ""prompt_directive"": ""Use a balanced square artwork canvas only when the caption does not imply a poster, scroll, spread, or panel format."", ""reason"": """", ""source"": ""rule"", ""width"": 1024}]",aas_safe | reference_style | fid_diverse,"An Early Renaissance framed half-length portrait of a solemn bearded friar in a pale white robe against a dark red background, with soft shadowed modeling and an aged wooden frame."
track1_0959,generic_artwork,caption_content,free_crop_allowed | aspect_variation_allowed | style_variation_allowed,caption-led subject | medium-appropriate composition | avoid batch template,generic_artwork_surface,"[{""confidence"": 1.0, ""guard_notes"": [], ""guard_status"": ""rule"", ""height"": 1024, ""label"": ""square_artwork"", ""prompt_directive"": ""Use a balanced square artwork canvas only when the caption does not imply a poster, scroll, spread, or panel format."", ""reason"": """", ""source"": ""rule"", ""width"": 1024}]",aas_safe | reference_style | fid_diverse,"An Early Renaissance portrait of a young man in a black cap and dark robe, set before a calm blue sky and distant waterfront landscape with delicate clouds and restrained, clear color tones."
track1_0960,generic_artwork,caption_content,free_crop_allowed | aspect_variation_allowed | style_variation_allowed,caption-led subject | medium-appropriate composition | avoid batch template,generic_artwork_surface,"[{""confidence"": 1.0, ""guard_notes"": [], ""guard_status"": ""rule"", ""height"": 1024, ""label"": ""square_artwork"", ""prompt_directive"": ""Use a balanced square artwork canvas only when the caption does not imply a poster, scroll, spread, or panel format."", ""reason"": """", ""source"": ""rule"", ""width"": 1024}]",aas_safe | reference_style | fid_diverse,"Ukiyo-e scene of two elegantly dressed women and a small attendant near a mountain waterfall and pine trees, rendered with delicate linework, muted earthy colors, and a serene vertical composition."
track1_0961,generic_artwork,caption_content,free_crop_allowed | aspect_variation_allowed | style_variation_allowed,caption-led subject | medium-appropriate composition | avoid batch template,generic_artwork_surface,"[{""confidence"": 1.0, ""guard_notes"": [], ""guard_status"": ""rule"", ""height"": 1024, ""label"": ""square_artwork"", ""prompt_directive"": ""Use a balanced square artwork canvas only when the caption does not imply a poster, scroll, spread, or panel format."", ""reason"": """", ""source"": ""rule"", ""width"": 1024}]",aas_safe | reference_style | fid_diverse,"Ukiyo-e scene of travelers crossing a wooden bridge in heavy rain with large umbrellas, a riverside village and dark trees in the background, rendered with fine diagonal rain lines and muted woodblock colors."
track1_0963,generic_artwork,caption_content,free_crop_allowed | aspect_variation_allowed | style_variation_allowed,caption-led subject | medium-appropriate composition | avoid batch template,generic_artwork_surface,"[{""confidence"": 1.0, ""guard_notes"": [], ""guard_status"": ""rule"", ""height"": 1024, ""label"": ""square_artwork"", ""prompt_directive"": ""Use a balanced square artwork canvas only when the caption does not imply a poster, scroll, spread, or panel format."", ""reason"": """", ""source"": ""rule"", ""width"": 1024}]",aas_safe | reference_style | fid_diverse,"Ukiyo-e scene of two women in patterned kimonos and a young child standing outdoors near tall vertical reeds, with delicate linework and a muted earthy color palette."
track1_0964,generic_artwork,caption_content,free_crop_allowed | aspect_variation_allowed | style_variation_allowed,caption-led subject | medium-appropriate composition | avoid batch template,generic_artwork_surface,"[{""confidence"": 1.0, ""guard_notes"": [], ""guard_status"": ""rule"", ""height"": 1024, ""label"": ""square_artwork"", ""prompt_directive"": ""Use a balanced square artwork canvas only when the caption does not imply a poster, scroll, spread, or panel format."", ""reason"": """", ""source"": ""rule"", ""width"": 1024}]",aas_safe | reference_style | fid_diverse,"A Ukiyo-e scene of three figures standing on a rocky coastal cliff beside blue waves, with tall misty rock formations in the distance, delicate linework, and a muted earthy color palette."
track1_0966,generic_artwork,caption_content,free_crop_allowed | aspect_variation_allowed | style_variation_allowed,caption-led subject | medium-appropriate composition | avoid batch template,painting_or_brushwork_surface,"[{""confidence"": 1.0, ""guard_notes"": [], ""guard_status"": ""rule"", ""height"": 1024, ""label"": ""square_artwork"", ""prompt_directive"": ""Use a balanced square artwork canvas only when the caption does not imply a poster, scroll, spread, or panel format."", ""reason"": """", ""source"": ""rule"", ""width"": 1024}]",aas_safe | reference_style | fid_diverse,"Ink and wash painting of a serene mountain landscape with misty peaks, winding water paths, sparse trees, and soft monochrome brushwork on aged paper."
track1_0975,generic_artwork,caption_content,free_crop_allowed | aspect_variation_allowed | style_variation_allowed,caption-led subject | medium-appropriate composition | avoid batch template,painting_or_brushwork_surface,"[{""confidence"": 1.0, ""guard_notes"": [], ""guard_status"": ""rule"", ""height"": 1024, ""label"": ""square_artwork"", ""prompt_directive"": ""Use a balanced square artwork canvas only when the caption does not imply a poster, scroll, spread, or panel format."", ""reason"": """", ""source"": ""rule"", ""width"": 1024}]",aas_safe | reference_style | fid_diverse,"Ink and wash painting of a serene misty mountain landscape with pine trees, a small pavilion on the hillside, a winding river or lake, and a distant sailboat rendered in delicate brushwork and muted earth tones."
track1_0981,generic_artwork,caption_content,free_crop_allowed | aspect_variation_allowed | style_variation_allowed,caption-led subject | medium-appropriate composition | avoid batch template,generic_artwork_surface,"[{""confidence"": 1.0, ""guard_notes"": [], ""guard_status"": ""rule"", ""height"": 1024, ""label"": ""square_artwork"", ""prompt_directive"": ""Use a balanced square artwork canvas only when the caption does not imply a poster, scroll, spread, or panel format."", ""reason"": """", ""source"": ""rule"", ""width"": 1024}]",aas_safe | reference_style | fid_diverse,"A Baroque religious scene of the Madonna and infant surrounded by kneeling and standing worshippers presenting gifts among shadowed architectural ruins, with dramatic light, muted colors, and flowing drapery."
track1_0982,generic_artwork,caption_content,free_crop_allowed | aspect_variation_allowed | style_variation_allowed,caption-led subject | medium-appropriate composition | avoid batch template,generic_artwork_surface,"[{""confidence"": 1.0, ""guard_notes"": [], ""guard_status"": ""rule"", ""height"": 1024, ""label"": ""square_artwork"", ""prompt_directive"": ""Use a balanced square artwork canvas only when the caption does not imply a poster, scroll, spread, or panel format."", ""reason"": """", ""source"": ""rule"", ""width"": 1024}]",aas_safe | reference_style | fid_diverse,"Abstract black woodcut-like silhouette of a tall organic plant form with wing-shaped leaves, rough vertical texture, and sparse white carved lines on a beige paper background."
track1_0983,generic_artwork,caption_content,free_crop_allowed | aspect_variation_allowed | style_variation_allowed,caption-led subject | medium-appropriate composition | avoid batch template,painting_or_brushwork_surface,"[{""confidence"": 1.0, ""guard_notes"": [], ""guard_status"": ""rule"", ""height"": 1024, ""label"": ""square_artwork"", ""prompt_directive"": ""Use a balanced square artwork canvas only when the caption does not imply a poster, scroll, spread, or panel format."", ""reason"": """", ""source"": ""rule"", ""width"": 1024}]",aas_safe | reference_style | fid_diverse,"Abstract ink line drawing of overlapping fragmented human figures and organic shapes on beige paper, with delicate contour lines, cross-hatching, and a sparse composition."
track1_0988,generic_artwork,caption_content,free_crop_allowed | aspect_variation_allowed | style_variation_allowed,caption-led subject | medium-appropriate composition | avoid batch template,painting_or_brushwork_surface,"[{""confidence"": 1.0, ""guard_notes"": [], ""guard_status"": ""rule"", ""height"": 1024, ""label"": ""square_artwork"", ""prompt_directive"": ""Use a balanced square artwork canvas only when the caption does not imply a poster, scroll, spread, or panel format."", ""reason"": """", ""source"": ""rule"", ""width"": 1024}]",aas_safe | reference_style | fid_diverse,"Ukiyo-e style flowering shrubs with pink and white blossoms, green leaves, and a delicate dragonfly hovering against a muted beige background with fine ink lines and soft colors."
track1_0992,generic_artwork,caption_content,free_crop_allowed | aspect_variation_allowed | style_variation_allowed,caption-led subject | medium-appropriate composition | avoid batch template,generic_artwork_surface,"[{""confidence"": 1.0, ""guard_notes"": [], ""guard_status"": ""rule"", ""height"": 1024, ""label"": ""square_artwork"", ""prompt_directive"": ""Use a balanced square artwork canvas only when the caption does not imply a poster, scroll, spread, or panel format."", ""reason"": """", ""source"": ""rule"", ""width"": 1024}]",aas_safe | reference_style | fid_diverse,"Ukiyo-e scene of three figures in patterned traditional kimono among tall grasses, with muted colors, delicate linework, and a calm outdoor composition."
track1_0993,generic_artwork,caption_content,free_crop_allowed | aspect_variation_allowed | style_variation_allowed,caption-led subject | medium-appropriate composition | avoid batch template,generic_artwork_surface,"[{""confidence"": 1.0, ""guard_notes"": [], ""guard_status"": ""rule"", ""height"": 1024, ""label"": ""square_artwork"", ""prompt_directive"": ""Use a balanced square artwork canvas only when the caption does not imply a poster, scroll, spread, or panel format."", ""reason"": """", ""source"": ""rule"", ""width"": 1024}]",aas_safe | reference_style | fid_diverse,"An Early Renaissance portrait of a solemn middle-aged man in a deep blue robe before rich burgundy drapery, rendered with fine detail, muted colors, and soft modeling of light and shadow."
track1_0997,generic_artwork,caption_content,free_crop_allowed | aspect_variation_allowed | style_variation_allowed,caption-led subject | medium-appropriate composition | avoid batch template,generic_artwork_surface,"[{""confidence"": 1.0, ""guard_notes"": [], ""guard_status"": ""rule"", ""height"": 1024, ""label"": ""square_artwork"", ""prompt_directive"": ""Use a balanced square artwork canvas only when the caption does not imply a poster, scroll, spread, or panel format."", ""reason"": """", ""source"": ""rule"", ""width"": 1024}]",aas_safe | reference_style | fid_diverse,"Ukiyo-e woodblock print of elegantly dressed Japanese figures gathered in an interior before sliding panels with a mountain landscape, rendered with fine linework, muted colors, and a calm theatrical composition."
track1_0717,scroll_album_paper_support,caption_content | support_surface_required | requested_text_policy | relation_logic,preserve_support_aspect | medium_texture_variation_allowed | viewpoint_variation_allowed,medal ribbon | institutional emblem | anniversary composition,propaganda_poster_print | scroll_or_album_paper_support | painting_or_brushwork_surface,"[{""confidence"": 1.0, ""guard_notes"": [], ""guard_status"": ""rule"", ""height"": 1024, ""label"": ""portrait_poster"", ""prompt_directive"": ""Use a portrait poster canvas; keep the full printed poster front-facing and avoid left/right overflow."", ""reason"": """", ""source"": ""rule"", ""width"": 768}]",aas_safe | reference_style | fid_diverse,"A Socialist Realism Soviet poster with two medal-wearing figures holding a commemorative scroll for the 220th anniversary of the USSR Academy of Sciences, framed by bold Cyrillic lettering, pastel watercolor washes, and a formal building below."
track1_0881,naval_aviation_vehicle,caption_content | requested_text_policy | relation_logic,free_crop_allowed | aspect_variation_allowed | style_variation_allowed,uniformed sailor or pilot | ship or vehicle silhouette | transport machinery,propaganda_poster_print,"[{""confidence"": 1.0, ""guard_notes"": [], ""guard_status"": ""rule"", ""height"": 1024, ""label"": ""portrait_poster"", ""prompt_directive"": ""Use a portrait poster canvas; keep the full printed poster front-facing and avoid left/right overflow."", ""reason"": """", ""source"": ""rule"", ""width"": 768}]",aas_safe | reference_style | fid_diverse,"A Socialist Realism propaganda poster of a decorated Soviet pilot holding a flight map before military airplanes in a blue sky, framed by laurel wreaths, red ribbons, bold Cyrillic lettering, and heroic patriotic composition."
track1_0428,battle_tank_cavalry,caption_content | requested_text_policy | relation_logic,free_crop_allowed | aspect_variation_allowed | style_variation_allowed,battlefield depth | armored vehicle | mounted movement | infantry group,propaganda_poster_print,"[{""confidence"": 1.0, ""guard_notes"": [], ""guard_status"": ""rule"", ""height"": 1024, ""label"": ""portrait_poster"", ""prompt_directive"": ""Use a portrait poster canvas; keep the full printed poster front-facing and avoid left/right overflow."", ""reason"": """", ""source"": ""rule"", ""width"": 768}]",aas_safe | reference_style | fid_diverse,"A Socialist Realism propaganda poster with a green Soviet tank bearing a red star advancing across a map with Cyrillic labels and crushing enemy soldiers, rendered in bold graphic lines and a muted wartime palette."
track1_0145,generic_artwork,caption_content | requested_text_policy | relation_logic,free_crop_allowed | aspect_variation_allowed | style_variation_allowed,caption-led subject | medium-appropriate composition | avoid batch template,propaganda_poster_print,"[{""confidence"": 1.0, ""guard_notes"": [], ""guard_status"": ""rule"", ""height"": 1024, ""label"": ""portrait_poster"", ""prompt_directive"": ""Use a portrait poster canvas; keep the full printed poster front-facing and avoid left/right overflow."", ""reason"": """", ""source"": ""rule"", ""width"": 768}]",aas_safe | reference_style | fid_diverse,"Socialist Realism poster of two Soviet border guards standing at a USSR frontier post, one holding a rifle and the other a map, with mountains behind them and bold Cyrillic lettering in a muted vintage color palette."
track1_0750,generic_artwork,caption_content | requested_text_policy,free_crop_allowed | aspect_variation_allowed | style_variation_allowed,caption-led subject | medium-appropriate composition | avoid batch template,propaganda_poster_print,"[{""confidence"": 1.0, ""guard_notes"": [], ""guard_status"": ""rule"", ""height"": 768, ""label"": ""panel_story"", ""prompt_directive"": ""Use a landscape panel-story canvas so the panels fit without side overflow or cropped action."", ""reason"": """", ""source"": ""rule"", ""width"": 1024}]",aas_safe | reference_style | fid_diverse,"A Socialist Realism wartime propaganda poster with comic-like panels of civilians resisting fascist forces through sabotage, explosions, burning vehicles, red flags, Cyrillic slogans, and bold red, black, and pale blue graphic linework."
track1_0235,naval_aviation_vehicle,caption_content | requested_text_policy,free_crop_allowed | aspect_variation_allowed | style_variation_allowed,uniformed sailor or pilot | ship or vehicle silhouette | transport machinery,propaganda_poster_print,"[{""confidence"": 1.0, ""guard_notes"": [], ""guard_status"": ""rule"", ""height"": 1024, ""label"": ""portrait_poster"", ""prompt_directive"": ""Use a portrait poster canvas; keep the full printed poster front-facing and avoid left/right overflow."", ""reason"": """", ""source"": ""rule"", ""width"": 768}]",aas_safe | reference_style | fid_diverse,"Socialist Realism poster of decorated airmen standing beneath red flags and Cyrillic slogans, with formations of airplanes, parachutes, flowers, and a bright patriotic sky rendered in bold colors."
track1_0732,naval_aviation_vehicle,caption_content | relation_logic,free_crop_allowed | aspect_variation_allowed | style_variation_allowed,uniformed sailor or pilot | ship or vehicle silhouette | transport machinery,propaganda_poster_print,"[{""confidence"": 1.0, ""guard_notes"": [], ""guard_status"": ""rule"", ""height"": 1024, ""label"": ""portrait_poster"", ""prompt_directive"": ""Use a portrait poster canvas; keep the full printed poster front-facing and avoid left/right overflow."", ""reason"": """", ""source"": ""rule"", ""width"": 768}]",aas_safe | reference_style | fid_diverse,"A Socialist Realism propaganda poster of children offering flowers to a decorated soldier and a sailor raising a red flag, with ships, cheering figures, bold heroic composition, and a muted pastel palette."
track1_0901,battle_tank_cavalry,caption_content | requested_text_policy | relation_logic,free_crop_allowed | aspect_variation_allowed | style_variation_allowed,battlefield depth | armored vehicle | mounted movement | infantry group,propaganda_poster_print,"[{""confidence"": 1.0, ""guard_notes"": [], ""guard_status"": ""rule"", ""height"": 1024, ""label"": ""portrait_poster"", ""prompt_directive"": ""Use a portrait poster canvas; keep the full printed poster front-facing and avoid left/right overflow."", ""reason"": """", ""source"": ""rule"", ""width"": 768}]",aas_safe | reference_style | fid_diverse,"A Socialist Realism wartime poster with bold Cyrillic typography, showing heroic cavalrymen charging with sabers against fascist soldiers beside a tank in a dynamic, dramatic composition with muted pastel and earthy colors."
track1_0497,surrender_document_tableau,caption_content | requested_text_policy | relation_logic,free_crop_allowed | aspect_variation_allowed | style_variation_allowed,central document | officer figures | formal table arrangement,document_or_tableau_surface,"[{""confidence"": 1.0, ""guard_notes"": [], ""guard_status"": ""rule"", ""height"": 1024, ""label"": ""square_artwork"", ""prompt_directive"": ""Use a balanced square artwork canvas only when the caption does not imply a poster, scroll, spread, or panel format."", ""reason"": """", ""source"": ""rule"", ""width"": 1024}]",aas_safe | reference_style | fid_diverse,"A High Renaissance portrait of a seated young man in a black cap and dark fur-lined robe, holding a rolled document beside a book on a green table against a deep blue background with gold lettering."
track1_0920,generic_artwork,caption_content | requested_text_policy | relation_logic,free_crop_allowed | aspect_variation_allowed | style_variation_allowed,caption-led subject | medium-appropriate composition | avoid batch template,generic_artwork_surface,"[{""confidence"": 1.0, ""guard_notes"": [], ""guard_status"": ""rule"", ""height"": 1024, ""label"": ""square_artwork"", ""prompt_directive"": ""Use a balanced square artwork canvas only when the caption does not imply a poster, scroll, spread, or panel format."", ""reason"": """", ""source"": ""rule"", ""width"": 1024}]",aas_safe | reference_style | fid_diverse,"A Mannerism (Late Renaissance) circular portrait of a bearded man in dark clothing holding a letter beside a small table with papers and seals, set against a warm golden background with painted inscriptions and a solemn mood."
track1_0884,battle_tank_cavalry,caption_content,free_crop_allowed | aspect_variation_allowed | style_variation_allowed,battlefield depth | armored vehicle | mounted movement | infantry group,propaganda_poster_print,"[{""confidence"": 1.0, ""guard_notes"": [], ""guard_status"": ""rule"", ""height"": 1024, ""label"": ""portrait_poster"", ""prompt_directive"": ""Use a portrait poster canvas; keep the full printed poster front-facing and avoid left/right overflow."", ""reason"": """", ""source"": ""rule"", ""width"": 768}]",aas_safe | reference_style | fid_diverse,"A Socialist Realism poster-style scene of tanks rolling through a cheering city parade beneath sweeping red banners, red stars, and a monumental building, painted with bold colors and celebratory dramatic composition."
track1_0048,battle_tank_cavalry,caption_content | relation_logic,free_crop_allowed | aspect_variation_allowed | style_variation_allowed,battlefield depth | armored vehicle | mounted movement | infantry group,generic_artwork_surface,"[{""confidence"": 1.0, ""guard_notes"": [], ""guard_status"": ""rule"", ""height"": 1024, ""label"": ""square_artwork"", ""prompt_directive"": ""Use a balanced square artwork canvas only when the caption does not imply a poster, scroll, spread, or panel format."", ""reason"": """", ""source"": ""rule"", ""width"": 1024}]",aas_safe | reference_style | fid_diverse,"An Early Renaissance religious diptych with Christ carrying the cross and the Crucifixion on the left, and the resurrected Christ in a red cloak holding a banner among soldiers on the right, set in detailed green landscapes with crisp lines and clear, solemn lighting."
track1_0397,generic_artwork,caption_content | requested_text_policy,free_crop_allowed | aspect_variation_allowed | style_variation_allowed,caption-led subject | medium-appropriate composition | avoid batch template,propaganda_poster_print,"[{""confidence"": 1.0, ""guard_notes"": [], ""guard_status"": ""rule"", ""height"": 1024, ""label"": ""portrait_poster"", ""prompt_directive"": ""Use a portrait poster canvas; keep the full printed poster front-facing and avoid left/right overflow."", ""reason"": """", ""source"": ""rule"", ""width"": 768}]",aas_safe | reference_style | fid_diverse,"Abstract typographic poster collage filled with oversized letters, numbers, and layered blocks in teal, green, yellow, and cream, with dense geometric composition and printed text textures."
track1_0196,scroll_album_paper_support,caption_content | support_surface_required | requested_text_policy,preserve_support_aspect | medium_texture_variation_allowed | viewpoint_variation_allowed,visible paper support | folds or ruled grid | album or scroll framing,scroll_or_album_paper_support | painting_or_brushwork_surface,"[{""confidence"": 1.0, ""guard_notes"": [], ""guard_status"": ""rule"", ""height"": 768, ""label"": ""album_spread"", ""prompt_directive"": ""Use a landscape album-spread canvas; keep the page structure visible and front-facing."", ""reason"": """", ""source"": ""rule"", ""width"": 1024}]",aas_safe | reference_style | fid_diverse,"Ink and wash painting of an open album spread with two muted landscape panels featuring misty rocky mountains, dense trees, riverside terrain, delicate brushwork, red seal stamps, and aged paper texture."
track1_0019,battle_tank_cavalry,caption_content,free_crop_allowed | aspect_variation_allowed | style_variation_allowed,battlefield depth | armored vehicle | mounted movement | infantry group,propaganda_poster_print,"[{""confidence"": 1.0, ""guard_notes"": [], ""guard_status"": ""rule"", ""height"": 1024, ""label"": ""portrait_poster"", ""prompt_directive"": ""Use a portrait poster canvas; keep the full printed poster front-facing and avoid left/right overflow."", ""reason"": """", ""source"": ""rule"", ""width"": 768}]",aas_safe | reference_style | fid_diverse,"Socialist Realism poster of four heroic soldiers in tan uniforms standing with rifles against a blue sky, rendered with bold angular brushstrokes, warm earthy colors, and a solemn monumental composition."
track1_0468,generic_artwork,caption_content,free_crop_allowed | aspect_variation_allowed | style_variation_allowed,caption-led subject | medium-appropriate composition | avoid batch template,propaganda_poster_print,"[{""confidence"": 1.0, ""guard_notes"": [], ""guard_status"": ""rule"", ""height"": 1024, ""label"": ""portrait_poster"", ""prompt_directive"": ""Use a portrait poster canvas; keep the full printed poster front-facing and avoid left/right overflow."", ""reason"": """", ""source"": ""rule"", ""width"": 768}]",aas_safe | reference_style | fid_diverse,"A Socialist Realism poster-style scene of a decorated soldier embracing an elderly woman beneath blooming branches, with bold outlines, muted pastel colors, and a solemn victorious homecoming mood."
track1_0140,generic_artwork,caption_content | requested_text_policy,free_crop_allowed | aspect_variation_allowed | style_variation_allowed,caption-led subject | medium-appropriate composition | avoid batch template,painting_or_brushwork_surface,"[{""confidence"": 1.0, ""guard_notes"": [], ""guard_status"": ""rule"", ""height"": 1024, ""label"": ""square_artwork"", ""prompt_directive"": ""Use a balanced square artwork canvas only when the caption does not imply a poster, scroll, spread, or panel format."", ""reason"": """", ""source"": ""rule"", ""width"": 1024}]",aas_safe | reference_style | fid_diverse,"Ukiyo-e style portrait of a woman in a patterned kimono standing beside a small tea stand with a kettle, cup, wooden furnishings, vertical calligraphy, muted colors, and delicate ink linework on aged paper."
track1_0695,generic_artwork,caption_content | relation_logic,free_crop_allowed | aspect_variation_allowed | style_variation_allowed,caption-led subject | medium-appropriate composition | avoid batch template,generic_artwork_surface,"[{""confidence"": 1.0, ""guard_notes"": [], ""guard_status"": ""rule"", ""height"": 1024, ""label"": ""square_artwork"", ""prompt_directive"": ""Use a balanced square artwork canvas only when the caption does not imply a poster, scroll, spread, or panel format."", ""reason"": """", ""source"": ""rule"", ""width"": 1024}]",aas_safe | reference_style | fid_diverse,"A Mannerism (Late Renaissance) sepia-toned study sheet with a robed standing figure holding a chalice and a large cross beside faint landscape figures, paired with a lightly sketched study of standing and reclining figures on aged paper."
track1_0792,scroll_album_paper_support,caption_content | support_surface_required | relation_logic,preserve_support_aspect | medium_texture_variation_allowed | viewpoint_variation_allowed,visible paper support | folds or ruled grid | album or scroll framing,scroll_or_album_paper_support,"[{""confidence"": 1.0, ""guard_notes"": [], ""guard_status"": ""rule"", ""height"": 1024, ""label"": ""square_artwork"", ""prompt_directive"": ""Use a balanced square artwork canvas only when the caption does not imply a poster, scroll, spread, or panel format."", ""reason"": """", ""source"": ""rule"", ""width"": 1024}]",aas_safe | reference_style | fid_diverse,"A Ukiyo-e style portrait of a standing woman in an ornate patterned kimono holding a long scroll, with fine linework, muted colors, and an aged paper background."
track1_0381,generic_artwork,caption_content | requested_text_policy,free_crop_allowed | aspect_variation_allowed | style_variation_allowed,caption-led subject | medium-appropriate composition | avoid batch template,generic_artwork_surface,"[{""confidence"": 1.0, ""guard_notes"": [], ""guard_status"": ""rule"", ""height"": 1024, ""label"": ""square_artwork"", ""prompt_directive"": ""Use a balanced square artwork canvas only when the caption does not imply a poster, scroll, spread, or panel format."", ""reason"": """", ""source"": ""rule"", ""width"": 1024}]",aas_safe | reference_style | fid_diverse,"Ukiyo-e woodblock print of a seated Japanese woman in an elaborate hairstyle and black checkered kimono with floral patterns, set against a pale background with calligraphy and muted colors."
track1_0699,generic_artwork,caption_content | requested_text_policy,free_crop_allowed | aspect_variation_allowed | style_variation_allowed,caption-led subject | medium-appropriate composition | avoid batch template,painting_or_brushwork_surface,"[{""confidence"": 1.0, ""guard_notes"": [], ""guard_status"": ""rule"", ""height"": 1024, ""label"": ""square_artwork"", ""prompt_directive"": ""Use a balanced square artwork canvas only when the caption does not imply a poster, scroll, spread, or panel format."", ""reason"": """", ""source"": ""rule"", ""width"": 1024}]",aas_safe | reference_style | fid_diverse,"Ink and wash painting of bold abstract black brushstroke forms on beige paper with Chinese calligraphy inscriptions, rough dry-brush textures, and a restrained monochrome palette."
track1_0057,generic_artwork,caption_content,free_crop_allowed | aspect_variation_allowed | style_variation_allowed,caption-led subject | medium-appropriate composition | avoid batch template,generic_artwork_surface,"[{""confidence"": 1.0, ""guard_notes"": [], ""guard_status"": ""rule"", ""height"": 1024, ""label"": ""square_artwork"", ""prompt_directive"": ""Use a balanced square artwork canvas only when the caption does not imply a poster, scroll, spread, or panel format."", ""reason"": """", ""source"": ""rule"", ""width"": 1024}]",aas_safe | reference_style | fid_diverse,"A Mannerism (Late Renaissance) triptych altarpiece with a gilded arched wooden frame, showing the Adoration of the Magi before the seated Madonna and Child in an architectural interior, flanked by dark side panels with gold Latin lettering."
track1_0251,commemorative_medal_institution,caption_content,free_crop_allowed | aspect_variation_allowed | style_variation_allowed,medal ribbon | institutional emblem | anniversary composition,generic_artwork_surface,"[{""confidence"": 1.0, ""guard_notes"": [], ""guard_status"": ""rule"", ""height"": 1024, ""label"": ""square_artwork"", ""prompt_directive"": ""Use a balanced square artwork canvas only when the caption does not imply a poster, scroll, spread, or panel format."", ""reason"": """", ""source"": ""rule"", ""width"": 1024}]",aas_safe | reference_style | fid_diverse,"Abstract pencil sketch on aged beige paper with a tall rectangular form and flowing curved ribbon-like lines extending to the right in a sparse, delicate composition."
track1_0543,scroll_album_paper_support,caption_content | support_surface_required,preserve_support_aspect | medium_texture_variation_allowed | viewpoint_variation_allowed,visible paper support | folds or ruled grid | album or scroll framing,scroll_or_album_paper_support,"[{""confidence"": 1.0, ""guard_notes"": [], ""guard_status"": ""rule"", ""height"": 1024, ""label"": ""square_artwork"", ""prompt_directive"": ""Use a balanced square artwork canvas only when the caption does not imply a poster, scroll, spread, or panel format."", ""reason"": """", ""source"": ""rule"", ""width"": 1024}]",aas_safe | reference_style | fid_diverse,"A Baroque antique album page with a circular portrait of a woman in a headscarf, small studies of a grand interior and a nude classical figure, and a red ornamental frieze of scrolling foliage and cherubs."
