all_sources,current_arousal,current_emotion,current_label_issue_count,current_valence,exact_duplicate,failed_transition_count,max_confidence,model_sources,model_support_score,model_vote_count,near_duplicate,proposed_arousal,proposed_emotion,proposed_valence,public_duplicate_support_score,public_style_support_score,rationale,same_arousal,same_quadrant,same_valence,sample_id,support_score,transition,v21_decision,v21_reasons,v21_score,v21_tier
"clip,dinov2,public_clean,public_inclusive,public_near_public_duplicate,siglip2",Low,content,0,Positive,False,20,0.960524,"clip,dinov2,siglip2",2.471994,3,True,Low,calm,Positive,0.960524,0.673441,near_public_duplicate supports calm | near_public_duplicate supports calm,True,True,True,track2_0869,4.105959,content->calm,accept_candidate,public_duplicate_or_near_duplicate_reference,5.351257,reference
"clip,dinov2,public_clean,public_inclusive,public_near_public_duplicate,siglip2",Low,content,0,Positive,False,20,0.967328,"clip,dinov2,siglip2",2.339964,3,True,Low,calm,Positive,0.967328,0.719026,near_public_duplicate supports calm | near_public_duplicate supports calm,True,True,True,track2_0210,4.026318,content->calm,accept_candidate,public_duplicate_or_near_duplicate_reference,5.276848,reference
"clip,dinov2,public_clean,public_inclusive,public_near_public_duplicate,siglip2",Low,content,0,Positive,False,20,0.96074,"clip,dinov2,siglip2",2.41318,3,True,Low,calm,Positive,0.96074,0.625225,near_public_duplicate supports calm | near_public_duplicate supports calm | near_public_duplicate supports calm | near_public_duplicate supports calm | near_public_duplicate supports calm | near_public_duplicate supports calm,True,True,True,track2_0555,3.999145,content->calm,accept_candidate,public_duplicate_or_near_duplicate_reference,5.241133,reference
"clip,dinov2,public_clean,public_inclusive,public_near_public_duplicate,siglip2",Low,content,0,Positive,False,20,0.957695,"clip,dinov2,siglip2",2.250468,3,True,Low,calm,Positive,0.957695,0.701004,near_public_duplicate supports calm | near_public_duplicate supports calm,True,True,True,track2_0871,3.909167,content->calm,accept_candidate,public_duplicate_or_near_duplicate_reference,5.155546,reference
"clip,dinov2,public_clean,public_inclusive,public_near_public_duplicate,siglip2",Low,content,0,Positive,False,20,0.952827,"clip,dinov2,siglip2",2.306019,3,True,Low,calm,Positive,0.952827,0.610013,near_public_duplicate supports calm | near_public_duplicate supports calm,True,True,True,track2_0914,3.868859,content->calm,accept_candidate,public_duplicate_or_near_duplicate_reference,5.107408,reference
"clip,dinov2,public_clean,public_inclusive,public_near_public_duplicate,siglip2",Low,content,0,Positive,False,0,0.950433,"clip,dinov2,siglip2",2.312308,3,True,High,excited,Positive,0.950433,0.573747,near_public_duplicate supports excited | near_public_duplicate supports excited,False,False,True,track2_0382,3.836488,content->excited,accept_candidate,public_duplicate_or_near_duplicate_reference,5.07178,reference
"clip,public_clean,public_inclusive,public_near_public_duplicate,siglip2",High,aroused,0,Positive,False,0,0.954631,"clip,siglip2",0.49765,2,True,Low,calm,Positive,0.954631,0.223716,near_public_duplicate supports calm | near_public_duplicate supports calm,False,False,True,track2_0873,1.675997,aroused->calm,accept_candidate,public_duplicate_or_near_duplicate_reference,2.768046,reference
"clip,dinov2,public_clean,public_inclusive,siglip2",Low,tired,0,Negative,False,0,0.812231,"clip,dinov2,siglip2",2.790692,3,False,Low,calm,Positive,0.0,0.748934,,True,False,False,track2_0505,3.539626,tired->calm,accept_candidate,model_family_and_public_style_consensus,4.26703,consensus
"clip,dinov2,public_clean,public_inclusive,siglip2",Low,content,0,Positive,False,20,0.865907,"clip,dinov2,siglip2",2.597926,3,False,Low,calm,Positive,0.0,0.85504,,True,True,True,track2_0956,3.452966,content->calm,accept_candidate,model_family_and_public_style_consensus,4.192091,consensus
"clip,dinov2,public_clean,public_inclusive,siglip2",Low,content,0,Positive,False,20,0.788351,"clip,dinov2,siglip2",2.674845,3,False,Low,calm,Positive,0.0,0.782795,,True,True,True,track2_0765,3.45764,content->calm,accept_candidate,model_family_and_public_style_consensus,4.185504,consensus
"clip,dinov2,public_clean,public_inclusive,siglip2",Low,content,0,Positive,False,20,0.788968,"clip,dinov2,siglip2",2.674829,3,False,Low,calm,Positive,0.0,0.778564,,True,True,True,track2_0651,3.453393,content->calm,accept_candidate,model_family_and_public_style_consensus,4.18101,consensus
"clip,dinov2,public_clean,public_inclusive,siglip2",Low,content,0,Positive,False,20,0.830776,"clip,dinov2,siglip2",2.618962,3,False,Low,calm,Positive,0.0,0.762277,,True,True,True,track2_0410,3.381239,content->calm,accept_candidate,model_family_and_public_style_consensus,4.11106,consensus
"clip,dinov2,public_clean,public_inclusive,siglip2",Low,content,0,Positive,False,20,0.78318,"clip,dinov2,siglip2",2.663235,3,False,Low,calm,Positive,0.0,0.709141,,True,True,True,track2_0044,3.372376,content->calm,accept_candidate,model_family_and_public_style_consensus,4.09467,consensus
"clip,dinov2,public_clean,public_inclusive,siglip2",Low,content,0,Positive,False,20,0.783169,"clip,dinov2,siglip2",2.617604,3,False,Low,calm,Positive,0.0,0.750502,,True,True,True,track2_0880,3.368106,content->calm,accept_candidate,model_family_and_public_style_consensus,4.093295,consensus
"clip,dinov2,public_clean,public_inclusive,siglip2",Low,content,0,Positive,False,20,0.749026,"clip,dinov2,siglip2",2.586274,3,False,Low,calm,Positive,0.0,0.719396,,True,True,True,track2_0942,3.30567,content->calm,accept_candidate,model_family_and_public_style_consensus,4.02595,consensus
"clip,dinov2,public_clean,public_inclusive,siglip2",Low,content,0,Positive,False,20,0.755085,"clip,dinov2,siglip2",2.551767,3,False,Low,calm,Positive,0.0,0.723905,,True,True,True,track2_0580,3.275672,content->calm,accept_candidate,model_family_and_public_style_consensus,3.996752,consensus
"clip,dinov2,public_clean,public_inclusive,siglip2",Low,content,0,Positive,False,20,0.779179,"clip,dinov2,siglip2",2.523067,3,False,Low,calm,Positive,0.0,0.744238,,True,True,True,track2_0704,3.267305,content->calm,accept_candidate,model_family_and_public_style_consensus,3.991736,consensus
"clip,dinov2,public_clean,public_inclusive,siglip2",Low,content,0,Positive,False,20,0.740614,"clip,dinov2,siglip2",2.508492,3,False,Low,calm,Positive,0.0,0.740614,,True,True,True,track2_0515,3.249106,content->calm,accept_candidate,model_family_and_public_style_consensus,3.970198,consensus
"clip,dinov2,public_clean,public_inclusive,siglip2",Low,content,0,Positive,False,20,0.806466,"clip,dinov2,siglip2",2.629418,3,False,Low,calm,Positive,0.0,0.621628,,True,True,True,track2_0718,3.251046,content->calm,accept_candidate,model_family_and_public_style_consensus,3.969077,consensus
"clip,dinov2,public_clean,public_inclusive,siglip2",Low,content,0,Positive,False,20,0.776759,"clip,dinov2,siglip2",2.508392,3,False,Low,calm,Positive,0.0,0.710486,,True,True,True,track2_0941,3.218878,content->calm,accept_candidate,model_family_and_public_style_consensus,3.940753,consensus
"clip,dinov2,public_clean,public_inclusive,siglip2",Low,content,0,Positive,False,20,0.763472,"clip,dinov2,siglip2",2.475075,3,False,Low,calm,Positive,0.0,0.702784,,True,True,True,track2_0270,3.177859,content->calm,accept_candidate,model_family_and_public_style_consensus,3.898132,consensus
"clip,dinov2,public_clean,public_inclusive,siglip2",Low,tired,0,Negative,False,3,0.822765,"clip,dinov2,siglip2",2.598094,3,False,Low,sad,Negative,0.0,0.531637,,True,True,True,track2_0196,3.129731,tired->sad,accept_candidate,model_family_and_public_style_consensus,3.842767,consensus
"clip,dinov2,public_clean,public_inclusive,siglip2",Low,content,0,Positive,False,20,0.717836,"clip,dinov2,siglip2",2.392913,3,False,Low,calm,Positive,0.0,0.717836,,True,True,True,track2_0280,3.110749,content->calm,accept_candidate,model_family_and_public_style_consensus,3.828424,consensus
"clip,dinov2,public_clean,public_inclusive,siglip2",Low,content,0,Positive,False,20,0.715888,"clip,dinov2,siglip2",2.420368,3,False,Low,calm,Positive,0.0,0.668897,,True,True,True,track2_0809,3.089265,content->calm,accept_candidate,model_family_and_public_style_consensus,3.803359,consensus
"clip,dinov2,public_clean,public_inclusive,siglip2",Low,content,0,Positive,False,20,0.745742,"clip,dinov2,siglip2",2.346549,3,False,Low,calm,Positive,0.0,0.72536,,True,True,True,track2_0443,3.071909,content->calm,accept_candidate,model_family_and_public_style_consensus,3.792344,consensus
"clip,dinov2,public_clean,public_inclusive,siglip2",Low,content,0,Positive,False,20,0.744333,"clip,dinov2,siglip2",2.304232,3,False,Low,calm,Positive,0.0,0.724092,,True,True,True,track2_0169,3.028323,content->calm,accept_candidate,model_family_and_public_style_consensus,3.748556,consensus
"clip,dinov2,public_clean,public_inclusive,siglip2",Low,content,0,Positive,False,20,0.793806,"clip,dinov2,siglip2",2.3847,3,False,Low,calm,Positive,0.0,0.627619,,True,True,True,track2_0099,3.012319,content->calm,accept_candidate,model_family_and_public_style_consensus,3.729757,consensus
"clip,dinov2,public_clean,public_inclusive,siglip2",Low,content,0,Positive,False,20,0.764003,"clip,dinov2,siglip2",2.413591,3,False,Low,calm,Positive,0.0,0.595364,,True,True,True,track2_0996,3.008955,content->calm,accept_candidate,model_family_and_public_style_consensus,3.721751,consensus
"clip,dinov2,public_clean,public_inclusive,siglip2",Low,content,0,Positive,False,20,0.757141,"clip,dinov2,siglip2",2.48509,3,False,Low,calm,Positive,0.0,0.519426,,True,True,True,track2_0455,3.004516,content->calm,accept_candidate,model_family_and_public_style_consensus,3.711447,consensus
"clip,dinov2,public_clean,public_inclusive,siglip2",Low,content,0,Positive,False,20,0.727494,"clip,dinov2,siglip2",2.329194,3,False,Low,calm,Positive,0.0,0.65956,,True,True,True,track2_0832,2.988754,content->calm,accept_candidate,model_family_and_public_style_consensus,3.703123,consensus
"clip,dinov2,public_clean,public_inclusive,siglip2",Low,content,0,Positive,False,20,0.750277,"clip,dinov2,siglip2",2.357018,3,False,Low,calm,Positive,0.0,0.605255,,True,True,True,track2_0557,2.962273,content->calm,accept_candidate,model_family_and_public_style_consensus,3.674663,consensus
"clip,dinov2,public_clean,public_inclusive,siglip2",Low,tired,0,Negative,False,3,0.789427,"clip,dinov2,siglip2",2.311161,3,False,Low,sad,Negative,0.0,0.644926,,True,True,True,track2_0063,2.956087,tired->sad,accept_candidate,model_family_and_public_style_consensus,3.674386,consensus
"clip,dinov2,public_clean,public_inclusive,siglip2",Low,content,0,Positive,False,20,0.69676,"clip,dinov2,siglip2",2.28543,3,False,Low,calm,Positive,0.0,0.669083,,True,True,True,track2_0800,2.954513,content->calm,accept_candidate,model_family_and_public_style_consensus,3.66709,consensus
"clip,dinov2,public_clean,public_inclusive,siglip2",High,annoyed,0,Negative,False,0,0.699742,"clip,dinov2,siglip2",2.360111,3,False,Low,calm,Positive,0.0,0.596491,,False,False,False,track2_0441,2.956602,annoyed->calm,accept_candidate,model_family_and_public_style_consensus,3.664336,consensus
"clip,dinov2,public_clean,public_inclusive,siglip2",Low,content,0,Positive,False,0,0.867206,"clip,dinov2,siglip2",2.43226,3,False,High,excited,Positive,0.0,0.485281,,False,False,True,track2_0779,2.917541,content->excited,accept_candidate,model_family_and_public_style_consensus,3.630887,consensus
"clip,dinov2,public_clean,public_inclusive,siglip2",Low,sad,0,Negative,False,0,0.691262,"clip,dinov2,siglip2",2.224587,3,False,Low,calm,Positive,0.0,0.65955,,True,False,False,track2_0618,2.884137,sad->calm,accept_candidate,model_family_and_public_style_consensus,3.595606,consensus
"clip,dinov2,public_clean,public_inclusive,siglip2",Low,content,0,Positive,False,20,0.752131,"clip,dinov2,siglip2",2.270185,3,False,Low,calm,Positive,0.0,0.609278,,True,True,True,track2_0087,2.879463,content->calm,accept_candidate,model_family_and_public_style_consensus,3.592283,consensus
"clip,dinov2,public_clean,public_inclusive,siglip2",Low,content,0,Positive,False,20,0.696334,"clip,dinov2,siglip2",2.193453,3,False,Low,calm,Positive,0.0,0.636774,,True,True,True,track2_0481,2.830227,content->calm,accept_candidate,model_family_and_public_style_consensus,3.540508,consensus
"clip,dinov2,public_clean,public_inclusive,siglip2",Low,content,0,Positive,False,20,0.712295,"clip,dinov2,siglip2",2.209011,3,False,Low,calm,Positive,0.0,0.614399,,True,True,True,track2_0678,2.82341,content->calm,accept_candidate,model_family_and_public_style_consensus,3.533402,consensus
"clip,dinov2,public_clean,public_inclusive,siglip2",Low,calm,0,Positive,False,0,0.805333,"clip,dinov2,siglip2",2.252189,3,False,Low,tired,Negative,0.0,0.562264,,True,False,False,track2_0925,2.814453,calm->tired,accept_candidate,model_family_and_public_style_consensus,3.528238,consensus
"clip,dinov2,public_clean,public_inclusive,siglip2",Low,content,0,Positive,False,0,0.68756,"clip,dinov2,siglip2",2.220685,3,False,High,excited,Positive,0.0,0.591742,,False,False,True,track2_0998,2.812427,content->excited,accept_candidate,model_family_and_public_style_consensus,3.518854,consensus
"clip,dinov2,public_clean,public_inclusive,siglip2",Low,tired,0,Negative,False,3,0.672189,"clip,dinov2,siglip2",2.285597,3,False,Low,sad,Negative,0.0,0.528192,,True,True,True,track2_0233,2.813789,tired->sad,accept_candidate,model_family_and_public_style_consensus,3.514538,consensus
"clip,dinov2,public_clean,public_inclusive,siglip2",Low,content,0,Positive,False,20,0.703785,"clip,dinov2,siglip2",2.099376,3,False,Low,calm,Positive,0.0,0.639139,,True,True,True,track2_0335,2.738516,content->calm,accept_candidate,model_family_and_public_style_consensus,3.449559,consensus
"clip,dinov2,public_clean,public_inclusive,siglip2",Low,tired,0,Negative,False,0,0.668029,"clip,dinov2,siglip2",2.141863,3,False,Low,bored,Negative,0.0,0.600664,,True,True,True,track2_0504,2.742527,tired->bored,accept_candidate,model_family_and_public_style_consensus,3.448016,consensus
"clip,dinov2,public_clean,public_inclusive,siglip2",Low,content,0,Positive,False,20,0.782145,"clip,dinov2,siglip2",1.982932,3,False,Low,calm,Positive,0.0,0.739249,,True,True,True,track2_0830,2.722182,content->calm,accept_candidate,model_family_and_public_style_consensus,3.446501,consensus
"clip,dinov2,public_clean,public_inclusive,siglip2",Low,content,0,Positive,False,20,0.650887,"clip,dinov2,siglip2",2.05968,3,False,Low,calm,Positive,0.0,0.627748,,True,True,True,track2_0451,2.687428,content->calm,accept_candidate,model_family_and_public_style_consensus,3.393441,consensus
"clip,dinov2,public_clean,public_inclusive,siglip2",Low,content,0,Positive,False,20,0.692411,"clip,dinov2,siglip2",2.071635,3,False,Low,calm,Positive,0.0,0.591704,,True,True,True,track2_0396,2.663339,content->calm,accept_candidate,model_family_and_public_style_consensus,3.370151,consensus
"clip,dinov2,public_clean,public_inclusive,siglip2",High,annoyed,0,Negative,False,0,0.686459,"clip,dinov2,siglip2",2.00115,3,False,Low,calm,Positive,0.0,0.651781,,False,False,False,track2_0806,2.652931,annoyed->calm,accept_candidate,model_family_and_public_style_consensus,3.363472,consensus
"clip,dinov2,public_clean,public_inclusive,siglip2",Low,content,0,Positive,False,20,0.687987,"clip,dinov2,siglip2",2.037142,3,False,Low,calm,Positive,0.0,0.572306,,True,True,True,track2_0442,2.609448,content->calm,accept_candidate,model_family_and_public_style_consensus,3.314548,consensus
"clip,dinov2,public_clean,public_inclusive,siglip2",Low,content,0,Positive,False,20,0.704227,"clip,dinov2,siglip2",2.041333,3,False,Low,calm,Positive,0.0,0.556703,,True,True,True,track2_0681,2.598036,content->calm,accept_candidate,model_family_and_public_style_consensus,3.303343,consensus
"clip,dinov2,public_clean,public_inclusive,siglip2",Low,content,0,Positive,False,20,0.721007,"clip,dinov2,siglip2",1.914395,3,False,Low,calm,Positive,0.0,0.640491,,True,True,True,track2_0052,2.554886,content->calm,accept_candidate,model_family_and_public_style_consensus,3.267401,consensus
"clip,dinov2,public_clean,public_inclusive,siglip2",Low,content,0,Positive,False,20,0.641051,"clip,dinov2,siglip2",1.951445,3,False,Low,calm,Positive,0.0,0.605294,,True,True,True,track2_0781,2.556739,content->calm,accept_candidate,model_family_and_public_style_consensus,3.260394,consensus
"clip,dinov2,public_clean,public_inclusive,siglip2",Low,content,0,Positive,False,20,0.643132,"clip,dinov2,siglip2",1.951327,3,False,Low,calm,Positive,0.0,0.592669,,True,True,True,track2_0899,2.543996,content->calm,accept_candidate,model_family_and_public_style_consensus,3.246933,consensus
"clip,dinov2,public_clean,public_inclusive,siglip2",Low,content,0,Positive,False,20,0.676246,"clip,dinov2,siglip2",2.01325,3,False,Low,calm,Positive,0.0,0.526111,,True,True,True,track2_0020,2.539362,content->calm,accept_candidate,model_family_and_public_style_consensus,3.240289,consensus
"clip,dinov2,public_clean,public_inclusive,siglip2",Low,calm,0,Positive,False,0,0.72914,"clip,dinov2,siglip2",1.832689,3,False,Low,bored,Negative,0.0,0.679063,,True,False,False,track2_0319,2.511752,calm->bored,accept_candidate,model_family_and_public_style_consensus,3.227618,consensus
"clip,dinov2,public_clean,public_inclusive,siglip2",Low,sad,0,Negative,False,0,0.637413,"clip,dinov2,siglip2",1.994005,3,False,Low,calm,Positive,0.0,0.523445,,True,False,False,track2_0627,2.51745,sad->calm,accept_candidate,model_family_and_public_style_consensus,3.215084,consensus
"clip,dinov2,public_clean,public_inclusive,siglip2",Low,content,0,Positive,False,20,0.637835,"clip,dinov2,siglip2",1.932643,3,False,Low,calm,Positive,0.0,0.560192,,True,True,True,track2_0746,2.492835,content->calm,accept_candidate,model_family_and_public_style_consensus,3.193075,consensus
"clip,dinov2,public_clean,public_inclusive,siglip2",Low,content,0,Positive,False,20,0.658936,"clip,dinov2,siglip2",1.977662,3,False,Low,calm,Positive,0.0,0.515069,,True,True,True,track2_0517,2.492731,content->calm,accept_candidate,model_family_and_public_style_consensus,3.191501,consensus
"clip,dinov2,public_clean,public_inclusive,siglip2",High,alarmed,0,Negative,False,0,0.729156,"clip,dinov2,siglip2",1.875804,3,False,Low,sad,Negative,0.0,0.592038,,False,False,True,track2_0030,2.467842,alarmed->sad,accept_candidate,model_family_and_public_style_consensus,3.177617,consensus
"clip,dinov2,public_clean,public_inclusive,siglip2",Low,content,0,Positive,False,20,0.695319,"clip,dinov2,siglip2",1.89383,3,False,Low,calm,Positive,0.0,0.569824,,True,True,True,track2_0437,2.463653,content->calm,accept_candidate,model_family_and_public_style_consensus,3.169166,consensus
"clip,dinov2,public_clean,public_inclusive,siglip2",Low,tired,0,Negative,False,0,0.69046,"clip,dinov2,siglip2",1.837752,3,False,Low,calm,Positive,0.0,0.618481,,True,False,False,track2_0211,2.456233,tired->calm,accept_candidate,model_family_and_public_style_consensus,3.164763,consensus
"clip,dinov2,public_clean,public_inclusive,siglip2",Low,tired,0,Negative,False,3,0.676176,"clip,dinov2,siglip2",1.905413,3,False,Low,sad,Negative,0.0,0.553317,,True,True,True,track2_0930,2.45873,tired->sad,accept_candidate,model_family_and_public_style_consensus,3.161556,consensus
"clip,dinov2,public_clean,public_inclusive,siglip2",Low,content,0,Positive,False,20,0.646089,"clip,dinov2,siglip2",1.882706,3,False,Low,calm,Positive,0.0,0.563871,,True,True,True,track2_0631,2.446578,content->calm,accept_candidate,model_family_and_public_style_consensus,3.147736,consensus
"clip,dinov2,public_clean,public_inclusive,siglip2",Low,content,0,Positive,False,20,0.648318,"clip,dinov2,siglip2",1.93158,3,False,Low,calm,Positive,0.0,0.49539,,True,True,True,track2_0191,2.42697,content->calm,accept_candidate,model_family_and_public_style_consensus,3.123513,consensus
"clip,dinov2,public_clean,public_inclusive,siglip2",Low,content,0,Positive,False,20,0.63165,"clip,dinov2,siglip2",1.924028,3,False,Low,calm,Positive,0.0,0.503491,,True,True,True,track2_0966,2.427519,content->calm,accept_candidate,model_family_and_public_style_consensus,3.123295,consensus
"clip,dinov2,public_clean,public_inclusive,siglip2",Low,content,0,Positive,False,20,0.616764,"clip,dinov2,siglip2",1.865198,3,False,Low,calm,Positive,0.0,0.552514,,True,True,True,track2_0928,2.417712,content->calm,accept_candidate,model_family_and_public_style_consensus,3.115729,consensus
"clip,dinov2,public_clean,public_inclusive,siglip2",Low,tired,0,Negative,False,0,0.700287,"clip,dinov2,siglip2",1.926867,3,False,Low,calm,Positive,0.0,0.48523,,True,False,False,track2_0056,2.412097,tired->calm,accept_candidate,model_family_and_public_style_consensus,3.112086,consensus
"clip,dinov2,public_clean,public_inclusive,siglip2",Low,content,0,Positive,False,20,0.639562,"clip,dinov2,siglip2",1.873494,3,False,Low,calm,Positive,0.0,0.530976,,True,True,True,track2_0994,2.40447,content->calm,accept_candidate,model_family_and_public_style_consensus,3.102803,consensus
"clip,dinov2,public_clean,public_inclusive,siglip2",High,annoyed,0,Negative,False,0,0.666584,"clip,dinov2,siglip2",1.76156,3,False,Low,calm,Positive,0.0,0.62926,,False,False,False,track2_0369,2.39082,annoyed->calm,accept_candidate,model_family_and_public_style_consensus,3.098195,consensus
"clip,dinov2,public_clean,public_inclusive,siglip2",High,excited,0,Positive,False,1,0.669219,"clip,dinov2,siglip2",1.861262,3,False,High,happy,Positive,0.0,0.534506,,True,True,True,track2_0964,2.395768,excited->happy,accept_candidate,model_family_and_public_style_consensus,3.096721,consensus
"clip,dinov2,public_clean,public_inclusive,siglip2",Low,content,0,Positive,False,20,0.671495,"clip,dinov2,siglip2",1.838914,3,False,Low,calm,Positive,0.0,0.544926,,True,True,True,track2_0447,2.38384,content->calm,accept_candidate,model_family_and_public_style_consensus,3.085704,consensus
"clip,dinov2,public_clean,public_inclusive,siglip2",Low,content,0,Positive,False,20,0.650267,"clip,dinov2,siglip2",1.852734,3,False,Low,calm,Positive,0.0,0.528059,,True,True,True,track2_0550,2.380793,content->calm,accept_candidate,model_family_and_public_style_consensus,3.079778,consensus
"clip,dinov2,public_clean,public_inclusive,siglip2",Low,tired,0,Negative,False,0,0.699128,"clip,dinov2,siglip2",1.816079,3,False,Low,bored,Negative,0.0,0.526687,,True,True,True,track2_0575,2.342766,tired->bored,accept_candidate,model_family_and_public_style_consensus,3.045564,consensus
"clip,dinov2,public_clean,public_inclusive,siglip2",High,happy,0,Positive,False,0,0.641081,"clip,dinov2,siglip2",1.849568,3,False,Low,calm,Positive,0.0,0.489769,,False,False,True,track2_0974,2.339337,happy->calm,accept_candidate,model_family_and_public_style_consensus,3.034907,consensus
"clip,dinov2,public_clean,public_inclusive,siglip2",Low,content,0,Positive,False,20,0.595338,"clip,dinov2,siglip2",1.720195,3,False,Low,calm,Positive,0.0,0.595338,,True,True,True,track2_0494,2.315533,content->calm,accept_candidate,model_family_and_public_style_consensus,3.014834,consensus
"clip,dinov2,public_clean,public_inclusive,siglip2",Low,content,0,Positive,False,20,0.614729,"clip,dinov2,siglip2",1.791999,3,False,Low,calm,Positive,0.0,0.526533,,True,True,True,track2_0306,2.318532,content->calm,accept_candidate,model_family_and_public_style_consensus,3.014568,consensus
"clip,dinov2,public_clean,public_inclusive,siglip2",Low,content,0,Positive,False,20,0.549628,"clip,dinov2,siglip2",1.789583,3,False,Low,calm,Positive,0.0,0.531369,,True,True,True,track2_0178,2.320952,content->calm,accept_candidate,model_family_and_public_style_consensus,3.012118,consensus
"clip,dinov2,public_clean,public_inclusive,siglip2",Low,tired,0,Negative,False,0,0.644785,"clip,dinov2,siglip2",1.853406,3,False,Low,calm,Positive,0.0,0.46369,,True,False,False,track2_0345,2.317096,tired->calm,accept_candidate,model_family_and_public_style_consensus,3.011137,consensus
"clip,dinov2,public_clean,public_inclusive,siglip2",Low,tired,0,Negative,False,0,0.548471,"clip,dinov2,siglip2",1.818386,3,False,Low,content,Positive,0.0,0.500883,,True,False,False,track2_0163,2.319269,tired->content,accept_candidate,model_family_and_public_style_consensus,3.008208,consensus
"clip,dinov2,public_clean,public_inclusive,siglip2",Low,content,0,Positive,False,20,0.615703,"clip,dinov2,siglip2",1.796849,3,False,Low,calm,Positive,0.0,0.500202,,True,True,True,track2_0773,2.297052,content->calm,accept_candidate,model_family_and_public_style_consensus,2.991322,consensus
"clip,dinov2,public_clean,public_inclusive,siglip2",Low,content,0,Positive,False,20,0.681114,"clip,dinov2,siglip2",1.805427,3,False,Low,calm,Positive,0.0,0.475688,,True,True,True,track2_0059,2.281115,content->calm,accept_candidate,model_family_and_public_style_consensus,2.978902,consensus
"clip,dinov2,public_clean,public_inclusive,siglip2",Low,content,0,Positive,False,20,0.653439,"clip,dinov2,siglip2",1.607684,3,False,Low,calm,Positive,0.0,0.617638,,True,True,True,track2_0189,2.225322,content->calm,accept_candidate,model_family_and_public_style_consensus,2.930832,consensus
"clip,dinov2,public_clean,public_inclusive,siglip2",Low,content,0,Positive,False,20,0.619083,"clip,dinov2,siglip2",1.670688,3,False,Low,calm,Positive,0.0,0.512519,,True,True,True,track2_0229,2.183206,content->calm,accept_candidate,model_family_and_public_style_consensus,2.878609,consensus
"clip,dinov2,public_clean,public_inclusive,siglip2",Low,content,0,Positive,False,20,0.559317,"clip,dinov2,siglip2",1.722995,3,False,Low,calm,Positive,0.0,0.430027,,True,True,True,track2_0477,2.153022,content->calm,accept_candidate,model_family_and_public_style_consensus,2.837869,consensus
"clip,dinov2,public_clean,public_inclusive,siglip2",Low,content,0,Positive,False,20,0.586282,"clip,dinov2,siglip2",1.713964,3,False,Low,calm,Positive,0.0,0.431368,,True,True,True,track2_0626,2.145332,content->calm,accept_candidate,model_family_and_public_style_consensus,2.83243,consensus
"clip,dinov2,public_clean,public_inclusive,siglip2",Low,content,0,Positive,False,20,0.567638,"clip,dinov2,siglip2",1.566235,3,False,Low,calm,Positive,0.0,0.567638,,True,True,True,track2_0526,2.133873,content->calm,accept_candidate,model_family_and_public_style_consensus,2.829019,consensus
"clip,dinov2,public_clean,public_inclusive,siglip2",Low,tired,0,Negative,False,3,0.578465,"clip,dinov2,siglip2",1.616567,3,False,Low,sad,Negative,0.0,0.499795,,True,True,True,track2_0179,2.116362,tired->sad,accept_candidate,model_family_and_public_style_consensus,2.807625,consensus
"clip,dinov2,public_clean,public_inclusive,siglip2",High,aroused,0,Positive,False,1,0.712512,"clip,dinov2,siglip2",1.812027,3,False,High,excited,Positive,0.0,0.301281,,True,True,True,track2_0982,2.113308,aroused->excited,accept_candidate,model_family_and_public_style_consensus,2.801399,consensus
"clip,dinov2,public_clean,public_inclusive,siglip2",Low,content,0,Positive,False,20,0.551543,"clip,dinov2,siglip2",1.57824,3,False,Low,calm,Positive,0.0,0.522143,,True,True,True,track2_0572,2.100383,content->calm,accept_candidate,model_family_and_public_style_consensus,2.791056,consensus
"clip,dinov2,public_clean,public_inclusive,siglip2",Low,content,0,Positive,False,20,0.648084,"clip,dinov2,siglip2",1.612636,3,False,Low,calm,Positive,0.0,0.457871,,True,True,True,track2_0413,2.070507,content->calm,accept_candidate,model_family_and_public_style_consensus,2.764405,consensus
"clip,dinov2,public_clean,public_inclusive,siglip2",Low,content,0,Positive,False,20,0.564143,"clip,dinov2,siglip2",1.483495,3,False,Low,calm,Positive,0.0,0.564143,,True,True,True,track2_0609,2.047638,content->calm,accept_candidate,model_family_and_public_style_consensus,2.742259,consensus
"clip,dinov2,public_clean,public_inclusive,siglip2",High,happy,0,Positive,False,3,0.549317,"clip,dinov2,siglip2",1.683674,3,False,High,excited,Positive,0.0,0.357904,,True,True,True,track2_0635,2.041578,happy->excited,accept_candidate,model_family_and_public_style_consensus,2.720577,consensus
"clip,dinov2,public_clean,public_inclusive,siglip2",Low,content,0,Positive,False,20,0.62182,"clip,dinov2,siglip2",1.646259,3,False,Low,calm,Positive,0.0,0.383184,,True,True,True,track2_0155,2.029443,content->calm,accept_candidate,model_family_and_public_style_consensus,2.716011,consensus
"clip,dinov2,public_clean,public_inclusive,siglip2",Low,content,0,Positive,False,20,0.493598,"clip,dinov2,siglip2",1.544706,3,False,Low,calm,Positive,0.0,0.457793,,True,True,True,track2_0483,2.002499,content->calm,accept_candidate,model_family_and_public_style_consensus,2.684032,consensus
"clip,dinov2,gemini35,public_inclusive,siglip2",Low,content,0,Positive,False,20,0.85,"clip,dinov2,gemini35,siglip2",2.551428,4,False,Low,calm,Positive,0.0,0.446613,"The gentle poses of the women looking out over the water and the soft, muted colors evoke a sense of quiet, peaceful stillness best described as calm.",True,True,True,track2_0207,2.998041,content->calm,accept_candidate,two_model_family_high_confidence_expansion,3.577304,expansion
"clip,dinov2,gemini35,public_inclusive,siglip2",Low,content,0,Positive,False,20,0.85,"clip,dinov2,gemini35,siglip2",2.395604,4,False,Low,calm,Positive,0.0,0.39335,"The serene landscape featuring Mount Fuji, the still water, and the muted, earthy color palette evoke a sense of calm stillness rather than active contentment.",True,True,True,track2_0269,2.788954,content->calm,accept_candidate,two_model_family_high_confidence_expansion,3.364488,expansion
"clip,gemini35,public_clean,siglip2",Low,content,0,Positive,False,20,0.85,"clip,gemini35,siglip2",2.023733,3,False,Low,calm,Positive,0.0,0.465575,"The quiet, static arrangement of scholarly objects and the muted, earthy color palette evoke a profound sense of calm stillness and meditative peace rather than active contentment.",True,True,True,track2_0777,2.489308,content->calm,accept_candidate,two_model_family_high_confidence_expansion,2.949898,expansion
"clip,public_clean,public_inclusive,siglip2",Low,content,0,Positive,False,20,0.781004,"clip,siglip2",1.827214,2,False,Low,calm,Positive,0.0,0.730978,,True,True,True,track2_0944,2.558192,content->calm,accept_candidate,two_model_family_high_confidence_expansion,2.911841,expansion
"clip,dinov2,public_inclusive,siglip2",Low,content,0,Positive,False,20,0.720516,"clip,dinov2,siglip2",1.909372,3,False,Low,calm,Positive,0.0,0.515208,,True,True,True,track2_0167,2.42458,content->calm,accept_candidate,two_model_family_high_confidence_expansion,2.878286,expansion
"clip,gemini35,public_clean,siglip2",Low,content,0,Positive,False,20,0.85,"clip,gemini35,siglip2",1.92247,3,False,Low,calm,Positive,0.0,0.43652,"The serene, quiet depiction of nature with muted colors and elegant, balanced composition evokes a sense of calm stillness rather than active contentment.",True,True,True,track2_0946,2.35899,content->calm,accept_candidate,two_model_family_high_confidence_expansion,2.817546,expansion
"clip,gemini35,public_clean,siglip2",Low,content,0,Positive,False,20,0.85,"clip,gemini35,siglip2",2.016021,3,False,Low,calm,Positive,0.0,0.324899,"The serene depiction of a boy playing a flute while riding a water buffalo under a tree, rendered in soft ink washes and muted tones, evokes a deep sense of peaceful stillness and calm.",True,True,True,track2_0756,2.34092,content->calm,accept_candidate,two_model_family_high_confidence_expansion,2.791663,expansion
"clip,public_clean,public_inclusive,siglip2",Low,content,0,Positive,False,20,0.762479,"clip,siglip2",1.693818,2,False,Low,calm,Positive,0.0,0.708018,,True,True,True,track2_0271,2.401836,content->calm,accept_candidate,two_model_family_high_confidence_expansion,2.752396,expansion
"clip,public_clean,public_inclusive,siglip2",Low,content,0,Positive,False,20,0.72176,"clip,siglip2",1.58735,2,False,Low,calm,Positive,0.0,0.713399,,True,True,True,track2_0760,2.300749,content->calm,accept_candidate,two_model_family_high_confidence_expansion,2.648428,expansion
"clip,public_clean,public_inclusive,siglip2",Low,content,0,Positive,False,20,0.741931,"clip,siglip2",1.478592,2,False,Low,calm,Positive,0.0,0.693711,,True,True,True,track2_0185,2.172303,content->calm,accept_candidate,two_model_family_high_confidence_expansion,2.520217,expansion
"clip,public_clean,public_inclusive,siglip2",Low,content,0,Positive,False,20,0.747005,"clip,siglip2",1.622913,2,False,Low,calm,Positive,0.0,0.540652,,True,True,True,track2_0125,2.163565,content->calm,accept_candidate,two_model_family_high_confidence_expansion,2.501171,expansion
"clip,gemini35,public_clean,siglip2",Low,content,0,Positive,False,20,0.85,"clip,gemini35,siglip2",1.743457,3,False,Low,calm,Positive,0.0,0.214284,"The serene expression of the woman and the soft, delicate charcoal shading evoke a sense of quiet, peaceful calm rather than active contentment.",True,True,True,track2_0539,1.957741,content->calm,accept_candidate,two_model_family_high_confidence_expansion,2.400741,expansion
"clip,dinov2,public_clean,public_inclusive,siglip2",Low,content,0,Positive,False,20,0.58909,"clip,dinov2,siglip2",1.533724,3,False,Low,calm,Positive,0.0,0.398665,,True,True,True,track2_0795,1.932389,content->calm,accept_candidate,two_model_family_high_confidence_expansion,2.367423,expansion
"clip,dinov2,public_clean,public_inclusive,siglip2",Low,content,0,Positive,False,20,0.541949,"clip,dinov2,siglip2",1.420332,3,False,Low,calm,Positive,0.0,0.456969,,True,True,True,track2_0136,1.877301,content->calm,accept_candidate,two_model_family_high_confidence_expansion,2.312645,expansion
"dinov2,public_clean,public_inclusive,siglip2",High,excited,0,Positive,False,1,0.675357,"dinov2,siglip2",1.418338,2,False,High,happy,Positive,0.0,0.538812,,True,True,True,track2_0263,1.95715,excited->happy,accept_candidate,two_model_family_high_confidence_expansion,2.288895,expansion
"clip,gemini35,public_inclusive",Low,content,0,Positive,False,20,0.85,"clip,gemini35",1.559295,2,False,Low,calm,Positive,0.0,0.39329,"The delicate, precise lines and soft, harmonious colors of the traditional floral painting evoke a sense of quiet stillness and meditative tranquility, making 'calm' a more accurate description than 'content'.",True,True,True,track2_0493,1.952585,content->calm,accept_candidate,two_model_family_high_confidence_expansion,2.288115,expansion
"clip,dinov2,public_inclusive,siglip2",Low,content,0,Positive,False,20,0.481394,"clip,dinov2,siglip2",1.416901,3,False,Low,calm,Positive,0.0,0.441146,,True,True,True,track2_0617,1.858047,content->calm,accept_candidate,two_model_family_high_confidence_expansion,2.287439,expansion
"clip,dinov2,public_clean,public_inclusive,siglip2",Low,calm,0,Positive,False,43,0.528832,"clip,dinov2,siglip2",1.361404,3,False,Low,content,Positive,0.0,0.488165,,True,True,True,track2_0682,1.849569,calm->content,accept_candidate,two_model_family_high_confidence_expansion,2.286047,expansion
"clip,public_clean,public_inclusive,siglip2",Low,content,0,Positive,False,20,0.657103,"clip,siglip2",1.376456,2,False,Low,calm,Positive,0.0,0.554565,,True,True,True,track2_0417,1.931021,content->calm,accept_candidate,two_model_family_high_confidence_expansion,2.262409,expansion
"clip,dinov2,public_clean,public_inclusive,siglip2",Low,tired,0,Negative,False,3,0.458364,"clip,dinov2,siglip2",1.449876,3,False,Low,sad,Negative,0.0,0.376186,,True,True,True,track2_0221,1.826062,tired->sad,accept_candidate,two_model_family_high_confidence_expansion,2.249064,expansion
"gemini35,public_inclusive,siglip2",Low,content,0,Positive,False,20,0.85,"gemini35,siglip2",1.425516,2,False,Low,calm,Positive,0.0,0.480759,"The painting's depiction of a quiet, vast natural landscape with a gently flowing stream and distant mountains evokes a sense of peaceful stillness and tranquility, making 'calm' a more precise fit than 'content'.",True,True,True,track2_0952,1.906275,content->calm,accept_candidate,two_model_family_high_confidence_expansion,2.247928,expansion
"clip,public_clean,public_inclusive,siglip2",Low,content,0,Positive,False,20,0.619667,"clip,siglip2",1.356015,2,False,Low,calm,Positive,0.0,0.54721,,True,True,True,track2_0722,1.903225,content->calm,accept_candidate,two_model_family_high_confidence_expansion,2.231103,expansion
"clip,dinov2,public_clean,public_inclusive,siglip2",High,alarmed,0,Negative,False,0,0.462593,"clip,dinov2,siglip2",1.45544,3,False,High,frustrated,Negative,0.0,0.346449,,True,True,True,track2_0412,1.801889,alarmed->frustrated,accept_candidate,two_model_family_high_confidence_expansion,2.223148,expansion
"clip,dinov2,public_clean,public_inclusive,siglip2",Low,content,0,Positive,False,20,0.461788,"clip,dinov2,siglip2",1.337897,3,False,Low,calm,Positive,0.0,0.443913,,True,True,True,track2_0268,1.78181,content->calm,accept_candidate,two_model_family_high_confidence_expansion,2.209827,expansion
"clip,public_clean,public_inclusive,siglip2",Low,content,0,Positive,False,20,0.609738,"clip,siglip2",1.340604,2,False,Low,calm,Positive,0.0,0.539108,,True,True,True,track2_0009,1.879712,content->calm,accept_candidate,two_model_family_high_confidence_expansion,2.206229,expansion
"clip,gemini35,public_inclusive",Low,content,0,Positive,False,20,0.85,"clip,gemini35",1.416145,2,False,Low,calm,Positive,0.0,0.437155,"The delicate brushwork, balanced composition, and soft, muted colors of this traditional floral painting evoke a sense of meditative stillness and quiet tranquility, making 'calm' a more precise descriptor than 'content'.",True,True,True,track2_0893,1.8533,content->calm,accept_candidate,two_model_family_high_confidence_expansion,2.191901,expansion
"clip,public_clean,public_inclusive,siglip2",Low,content,0,Positive,False,20,0.627228,"clip,siglip2",1.326456,2,False,Low,calm,Positive,0.0,0.534737,,True,True,True,track2_0265,1.861193,content->calm,accept_candidate,two_model_family_high_confidence_expansion,2.188803,expansion
"clip,dinov2,public_clean,public_inclusive,siglip2",Low,content,0,Positive,False,20,0.543763,"clip,dinov2,siglip2",1.435897,3,False,Low,calm,Positive,0.0,0.298382,,True,True,True,track2_0908,1.734279,content->calm,accept_candidate,two_model_family_high_confidence_expansion,2.158667,expansion
"clip,public_clean,public_inclusive,siglip2",Low,content,0,Positive,False,20,0.646543,"clip,siglip2",1.214776,2,False,Low,calm,Positive,0.0,0.564694,,True,True,True,track2_0085,1.77947,content->calm,accept_candidate,two_model_family_high_confidence_expansion,2.110722,expansion
"clip,public_clean,public_inclusive,siglip2",Low,tired,0,Negative,False,3,0.757149,"clip,siglip2",1.365435,2,False,Low,sad,Negative,0.0,0.411769,,True,True,True,track2_0567,1.777204,tired->sad,accept_candidate,two_model_family_high_confidence_expansion,2.1066,expansion
"clip,dinov2,public_clean,public_inclusive,siglip2",Low,content,0,Positive,False,20,0.499861,"clip,dinov2,siglip2",1.372959,3,False,Low,calm,Positive,0.0,0.310378,,True,True,True,track2_0593,1.683337,content->calm,accept_candidate,two_model_family_high_confidence_expansion,2.105052,expansion
"clip,public_clean,public_inclusive,siglip2",Low,content,0,Positive,False,20,0.594827,"clip,siglip2",1.248861,2,False,Low,calm,Positive,0.0,0.521544,,True,True,True,track2_0932,1.770405,content->calm,accept_candidate,two_model_family_high_confidence_expansion,2.094499,expansion
"clip,public_clean,public_inclusive,siglip2",Low,content,0,Positive,False,20,0.573155,"clip,siglip2",1.189664,2,False,Low,calm,Positive,0.0,0.573155,,True,True,True,track2_0926,1.762819,content->calm,accept_candidate,two_model_family_high_confidence_expansion,2.088792,expansion
"clip,public_clean,public_inclusive,siglip2",Low,content,0,Positive,False,20,0.563098,"clip,siglip2",1.215401,2,False,Low,calm,Positive,0.0,0.544812,,True,True,True,track2_0803,1.760213,content->calm,accept_candidate,two_model_family_high_confidence_expansion,2.083398,expansion
"dinov2,public_clean,public_inclusive,siglip2",Low,glad,0,Positive,False,4,0.622961,"dinov2,siglip2",1.164218,2,False,Low,content,Positive,0.0,0.52766,,True,True,True,track2_0818,1.691878,glad->content,accept_candidate,two_model_family_high_confidence_expansion,2.018651,expansion
"clip,gemini35,public_inclusive",Low,content,0,Positive,False,20,0.85,"clip,gemini35",1.450749,2,False,Low,calm,Positive,0.0,0.219179,"The harmonious composition, balanced natural elements, and gentle depiction of travelers on their journey evoke a sense of serene tranquility and calm.",True,True,True,track2_0813,1.669928,content->calm,accept_candidate,two_model_family_high_confidence_expansion,1.993271,expansion
"clip,dinov2,public_clean,public_inclusive,siglip2",High,excited,0,Positive,False,0,0.617989,"clip,dinov2,siglip2",1.802253,3,False,Low,calm,Positive,0.0,0.405046,,False,False,True,track2_0361,2.207299,excited->calm,hold,cross_quadrant_consensus_needs_stronger_support,2.895091,hold
"clip,dinov2,public_clean,public_inclusive,siglip2",Low,sad,0,Negative,False,0,0.604838,"clip,dinov2,siglip2",1.587317,3,False,Low,calm,Positive,0.0,0.567545,,True,False,False,track2_0213,2.154862,sad->calm,hold,cross_quadrant_consensus_needs_stronger_support,2.852977,hold
"clip,dinov2,public_clean,public_inclusive,siglip2",High,alarmed,0,Negative,False,0,0.669499,"clip,dinov2,siglip2",1.572148,3,False,Low,sad,Negative,0.0,0.539972,,False,False,True,track2_0008,2.11212,alarmed->sad,hold,cross_quadrant_consensus_needs_stronger_support,2.813478,hold
"clip,dinov2,public_clean,public_inclusive,siglip2",Low,tired,0,Negative,False,0,0.523817,"clip,dinov2,siglip2",1.599594,3,False,Low,calm,Positive,0.0,0.464723,,True,False,False,track2_0611,2.064317,tired->calm,hold,cross_quadrant_consensus_needs_stronger_support,2.748753,hold
"clip,dinov2,public_clean,public_inclusive,siglip2",Low,sad,0,Negative,False,0,0.517166,"clip,dinov2,siglip2",1.61299,3,False,High,frustrated,Negative,0.0,0.443662,,False,False,True,track2_0943,2.056652,sad->frustrated,hold,cross_quadrant_consensus_needs_stronger_support,2.739082,hold
"clip,dinov2,public_clean,public_inclusive,siglip2",Low,calm,0,Positive,False,0,0.544417,"clip,dinov2,siglip2",1.674921,3,False,High,aroused,Positive,0.0,0.356853,,False,False,True,track2_0665,2.031775,calm->aroused,hold,cross_quadrant_consensus_needs_stronger_support,2.710308,hold
"dinov2,public_clean,public_inclusive,siglip2",Low,calm,0,Positive,False,0,0.726506,"dinov2,siglip2",1.653739,2,False,High,excited,Positive,0.0,0.560392,,False,False,True,track2_0090,2.214131,calm->excited,hold,cross_quadrant_expansion_blocked,2.551479,hold
"clip,dinov2,public_clean,public_inclusive,siglip2",High,alarmed,0,Negative,False,0,0.543856,"clip,dinov2,siglip2",1.419078,3,False,Low,content,Positive,0.0,0.541437,,False,False,False,track2_0646,1.960515,alarmed->content,hold,cross_quadrant_expansion_blocked,2.401924,hold
"clip,dinov2,public_clean,public_inclusive,siglip2",Low,sad,0,Negative,False,0,0.545664,"clip,dinov2,siglip2",1.426785,3,False,Low,calm,Positive,0.0,0.52188,,True,False,False,track2_0669,1.948665,sad->calm,hold,cross_quadrant_expansion_blocked,2.38885,hold
"clip,dinov2,public_clean,public_inclusive,siglip2",Low,calm,0,Positive,False,0,0.745301,"clip,dinov2,siglip2",1.67613,3,False,High,aroused,Positive,0.0,0.249043,,False,False,True,track2_0457,1.925173,calm->aroused,hold,cross_quadrant_expansion_blocked,2.36223,hold
"dinov2,public_clean,public_inclusive,siglip2",Low,tired,0,Negative,False,0,0.621559,"dinov2,siglip2",1.455828,2,False,Low,calm,Positive,0.0,0.569746,,True,False,False,track2_0747,2.025574,tired->calm,hold,cross_quadrant_expansion_blocked,2.355181,hold
"clip,dinov2,public_clean,public_inclusive,siglip2",High,happy,0,Positive,False,0,0.554667,"clip,dinov2,siglip2",1.473236,3,False,Low,calm,Positive,0.0,0.413774,,False,False,True,track2_0431,1.88701,happy->calm,hold,cross_quadrant_expansion_blocked,2.320348,hold
"dinov2,public_clean,public_inclusive,siglip2",Low,tired,0,Negative,False,0,0.807491,"dinov2,siglip2",1.543011,2,False,Low,content,Positive,0.0,0.416161,,True,False,False,track2_0215,1.959172,tired->content,hold,cross_quadrant_expansion_blocked,2.292903,hold
"clip,dinov2,public_clean,public_inclusive",High,aroused,0,Positive,False,0,0.712847,"clip,dinov2",1.562311,2,False,High,annoyed,Negative,0.0,0.398107,,True,False,False,track2_0602,1.960418,aroused->annoyed,hold,cross_quadrant_expansion_blocked,2.285313,hold
"clip,dinov2,public_clean,public_inclusive,siglip2",High,alarmed,0,Negative,False,0,0.573197,"clip,dinov2,siglip2",1.212019,3,False,Low,content,Positive,0.0,0.573197,,False,False,False,track2_0753,1.785216,alarmed->content,hold,cross_quadrant_expansion_blocked,2.231196,hold
"clip,dinov2,public_clean,public_inclusive,siglip2",High,aroused,0,Positive,False,0,0.541944,"clip,dinov2,siglip2",1.508771,3,False,Low,calm,Positive,0.0,0.280978,,False,False,True,track2_0458,1.789748,aroused->calm,hold,cross_quadrant_expansion_blocked,2.212772,hold
"clip,dinov2,public_clean,public_inclusive,siglip2",High,alarmed,0,Negative,False,0,0.532662,"clip,dinov2,siglip2",1.456301,3,False,High,aroused,Positive,0.0,0.324529,,True,False,False,track2_0107,1.78083,alarmed->aroused,hold,cross_quadrant_expansion_blocked,2.20616,hold
"clip,public_clean,public_inclusive,siglip2",High,alarmed,0,Negative,False,0,0.653745,"clip,siglip2",1.410832,2,False,Low,sad,Negative,0.0,0.468605,,False,False,True,track2_0666,1.879437,alarmed->sad,hold,cross_quadrant_expansion_blocked,2.204539,hold
"clip,dinov2,public_clean,public_inclusive,siglip2",Low,tired,0,Negative,False,0,0.46726,"clip,dinov2,siglip2",1.402942,3,False,Low,calm,Positive,0.0,0.357125,,True,False,False,track2_0038,1.760067,tired->calm,hold,cross_quadrant_expansion_blocked,2.182447,hold
"clip,public_clean,public_inclusive,siglip2",High,alarmed,0,Negative,False,0,0.686982,"clip,siglip2",1.23273,2,False,Low,calm,Positive,0.0,0.567834,,False,False,False,track2_0923,1.800564,alarmed->calm,hold,cross_quadrant_expansion_blocked,2.135271,hold
"clip,public_clean,public_inclusive,siglip2",Low,calm,0,Positive,False,0,0.72836,"clip,siglip2",1.320337,2,False,Low,sad,Negative,0.0,0.415589,,True,False,False,track2_0591,1.735926,calm->sad,hold,cross_quadrant_expansion_blocked,2.063286,hold
"clip,public_clean,public_inclusive,siglip2",Low,bored,0,Negative,False,0,0.613388,"clip,siglip2",1.149451,2,False,Low,calm,Positive,0.0,0.528645,,True,False,False,track2_0919,1.678096,bored->calm,hold,cross_quadrant_expansion_blocked,2.004172,hold
"clip,dinov2,siglip2",Low,content,0,Positive,False,20,0.546333,"clip,dinov2,siglip2",1.687261,3,False,Low,calm,Positive,0.0,0.0,,True,True,True,track2_0562,1.687261,content->calm,hold,insufficient_v21_evidence,1.890968,hold
"clip,dinov2,siglip2",Low,content,0,Positive,False,20,0.552119,"clip,dinov2,siglip2",1.680431,3,False,Low,calm,Positive,0.0,0.0,,True,True,True,track2_0748,1.680431,content->calm,hold,insufficient_v21_evidence,1.884601,hold
"clip,dinov2,public_clean,public_inclusive,siglip2",High,annoyed,0,Negative,False,0,0.471844,"clip,dinov2,siglip2",1.301059,3,False,Low,content,Positive,0.0,0.330068,,False,False,False,track2_0910,1.631127,annoyed->content,hold,insufficient_v21_evidence,1.851979,hold
"clip,dinov2,public_clean,public_inclusive,siglip2",Low,content,0,Positive,False,20,0.412757,"clip,dinov2,siglip2",1.238393,3,False,Low,calm,Positive,0.0,0.390383,,True,True,True,track2_0741,1.628775,content->calm,hold,insufficient_v21_evidence,1.849122,hold
"clip,dinov2,public_clean,public_inclusive,siglip2",High,frustrated,0,Negative,False,0,0.451929,"clip,dinov2,siglip2",1.230859,3,False,High,annoyed,Negative,0.0,0.394111,,True,True,True,track2_0359,1.62497,frustrated->annoyed,hold,insufficient_v21_evidence,1.848712,hold
"clip,dinov2,public_clean,public_inclusive,siglip2",Low,calm,0,Positive,False,43,0.424303,"clip,dinov2,siglip2",1.231304,3,False,Low,content,Positive,0.0,0.372948,,True,True,True,track2_0297,1.604252,calm->content,hold,insufficient_v21_evidence,1.824303,hold
"clip,dinov2,public_clean,public_inclusive,siglip2",High,frustrated,0,Negative,False,0,0.433168,"clip,dinov2,siglip2",1.309903,3,False,High,annoyed,Negative,0.0,0.282142,,True,True,True,track2_0726,1.592045,frustrated->annoyed,hold,insufficient_v21_evidence,1.806448,hold
"clip,dinov2,public_clean,public_inclusive,siglip2",Low,sad,0,Negative,False,0,0.413486,"clip,dinov2,siglip2",1.228325,3,False,High,frustrated,Negative,0.0,0.353583,,False,False,True,track2_0599,1.581908,sad->frustrated,hold,insufficient_v21_evidence,1.799738,hold
"clip,public_clean,public_inclusive,siglip2",Low,content,0,Positive,False,20,0.578992,"clip,siglip2",1.082122,2,False,Low,calm,Positive,0.0,0.535846,,True,True,True,track2_0668,1.617968,content->calm,hold,insufficient_v21_evidence,1.741797,hold
"clip,dinov2,siglip2",Low,content,0,Positive,False,20,0.573222,"clip,dinov2,siglip2",1.520818,3,False,Low,calm,Positive,0.0,0.0,,True,True,True,track2_0583,1.520818,content->calm,hold,insufficient_v21_evidence,1.726676,hold
"clip,public_clean,public_inclusive,siglip2",Low,content,0,Positive,False,20,0.527549,"clip,siglip2",1.105031,2,False,Low,calm,Positive,0.0,0.503704,,True,True,True,track2_0134,1.608735,content->calm,hold,insufficient_v21_evidence,1.726198,hold
"dinov2,public_clean,public_inclusive,siglip2",Low,calm,0,Positive,False,43,0.528999,"dinov2,siglip2",1.070216,2,False,Low,content,Positive,0.0,0.528999,,True,True,True,track2_0667,1.599215,calm->content,hold,insufficient_v21_evidence,1.718565,hold
"clip,dinov2,siglip2",Low,content,0,Positive,False,20,0.530698,"clip,dinov2,siglip2",1.509258,3,False,Low,calm,Positive,0.0,0.0,,True,True,True,track2_0202,1.509258,content->calm,hold,insufficient_v21_evidence,1.711714,hold
"clip,dinov2,public_clean,public_inclusive",Low,content,0,Positive,False,20,0.589816,"clip,dinov2",1.069778,2,False,Low,calm,Positive,0.0,0.505094,,True,True,True,track2_0043,1.574872,content->calm,hold,insufficient_v21_evidence,1.697414,hold
"dinov2,public_clean,public_inclusive,siglip2",Low,calm,0,Positive,False,43,0.507523,"dinov2,siglip2",1.063701,2,False,Low,content,Positive,0.0,0.507523,,True,True,True,track2_0318,1.571224,calm->content,hold,insufficient_v21_evidence,1.687352,hold
"dinov2,public_clean,public_inclusive,siglip2",Low,calm,0,Positive,False,43,0.541246,"dinov2,siglip2",1.040056,2,False,Low,content,Positive,0.0,0.510306,,True,True,True,track2_0687,1.550362,calm->content,hold,insufficient_v21_evidence,1.669383,hold
"dinov2,public_clean,public_inclusive,siglip2",Low,content,0,Positive,False,20,0.547985,"dinov2,siglip2",1.106233,2,False,Low,calm,Positive,0.0,0.446324,,True,True,True,track2_0759,1.552557,content->calm,hold,insufficient_v21_evidence,1.667638,hold
"dinov2,public_clean,public_inclusive,siglip2",Low,content,0,Positive,False,20,0.524133,"dinov2,siglip2",1.084745,2,False,Low,calm,Positive,0.0,0.462758,,True,True,True,track2_0900,1.547503,content->calm,hold,insufficient_v21_evidence,1.661827,hold
"dinov2,public_clean,public_inclusive,siglip2",Low,calm,0,Positive,False,43,0.51216,"dinov2,siglip2",1.029047,2,False,Low,content,Positive,0.0,0.51216,,True,True,True,track2_0833,1.541207,calm->content,hold,insufficient_v21_evidence,1.658031,hold
"clip,dinov2,public_clean,public_inclusive,siglip2",Low,tired,0,Negative,False,3,0.499845,"clip,dinov2,siglip2",1.134373,3,False,Low,sad,Negative,0.0,0.285141,,True,True,True,track2_0817,1.419514,tired->sad,hold,insufficient_v21_evidence,1.639461,hold
"clip,dinov2,public_clean,public_inclusive",Low,calm,0,Positive,False,0,0.697109,"clip,dinov2",1.256361,2,False,High,annoyed,Negative,0.0,0.266755,,False,False,False,track2_0976,1.523116,calm->annoyed,hold,insufficient_v21_evidence,1.637558,hold
"dinov2,public_clean,public_inclusive,siglip2",Low,calm,0,Positive,False,43,0.542053,"dinov2,siglip2",1.018857,2,False,Low,content,Positive,0.0,0.500045,,True,True,True,track2_0865,1.518902,calm->content,hold,insufficient_v21_evidence,1.637269,hold
"clip,public_clean,public_inclusive,siglip2",Low,tired,0,Negative,False,0,0.504309,"clip,siglip2",1.008328,2,False,Low,glad,Positive,0.0,0.504309,,True,False,False,track2_0594,1.512637,tired->glad,hold,insufficient_v21_evidence,1.628283,hold
"clip,dinov2,siglip2",Low,content,0,Positive,False,20,0.501494,"clip,dinov2,siglip2",1.421256,3,False,Low,calm,Positive,0.0,0.0,,True,True,True,track2_0791,1.421256,content->calm,hold,insufficient_v21_evidence,1.621376,hold
"clip,public_clean,public_inclusive,siglip2",Low,sad,0,Negative,False,0,0.558513,"clip,siglip2",1.033428,2,False,Low,calm,Positive,0.0,0.461882,,True,False,False,track2_0352,1.49531,sad->calm,hold,insufficient_v21_evidence,1.612323,hold
"dinov2,public_clean,public_inclusive,siglip2",High,aroused,0,Positive,False,1,0.513527,"dinov2,siglip2",1.166266,2,False,High,excited,Positive,0.0,0.336977,,True,True,True,track2_0032,1.503243,aroused->excited,hold,insufficient_v21_evidence,1.607914,hold
"clip,dinov2,public_clean,public_inclusive,siglip2",Low,bored,0,Negative,False,0,0.362644,"clip,dinov2,siglip2",1.055417,3,False,Low,content,Positive,0.0,0.338735,,True,False,False,track2_0188,1.394152,bored->content,hold,insufficient_v21_evidence,1.606875,hold
"clip,public_clean,public_inclusive,siglip2",High,frustrated,0,Negative,False,0,0.495599,"clip,siglip2",1.101177,2,False,High,aroused,Positive,0.0,0.389998,,True,False,False,track2_0993,1.491175,frustrated->aroused,hold,insufficient_v21_evidence,1.598123,hold
"clip,dinov2,public_clean,public_inclusive",High,alarmed,0,Negative,False,0,0.560226,"clip,dinov2",1.206428,2,False,High,excited,Positive,0.0,0.285379,,True,False,False,track2_0721,1.491807,alarmed->excited,hold,insufficient_v21_evidence,1.596602,hold
"dinov2,public_clean,public_inclusive,siglip2",Low,content,0,Positive,False,20,0.491685,"dinov2,siglip2",1.036545,2,False,Low,calm,Positive,0.0,0.445955,,True,True,True,track2_0374,1.4825,content->calm,hold,insufficient_v21_evidence,1.593052,hold
"clip,dinov2,public_clean",Low,content,0,Positive,False,20,0.509092,"clip,dinov2",0.979827,2,False,Low,calm,Positive,0.0,0.487842,,True,True,True,track2_0990,1.467669,content->calm,hold,insufficient_v21_evidence,1.582545,hold
"dinov2,public_clean,public_inclusive,siglip2",High,aroused,0,Positive,False,0,0.52123,"dinov2,siglip2",0.943971,2,False,Low,calm,Positive,0.0,0.52008,,False,False,True,track2_0180,1.464051,aroused->calm,hold,insufficient_v21_evidence,1.582155,hold
"dinov2,public_clean,public_inclusive,siglip2",Low,calm,0,Positive,False,0,0.580313,"dinov2,siglip2",1.089729,2,False,Low,bored,Negative,0.0,0.375062,,True,False,False,track2_0240,1.464791,calm->bored,hold,insufficient_v21_evidence,1.57747,hold
"dinov2,public_clean,public_inclusive,siglip2",Low,content,0,Positive,False,20,0.489423,"dinov2,siglip2",0.98304,2,False,Low,calm,Positive,0.0,0.481375,,True,True,True,track2_0715,1.464415,content->calm,hold,insufficient_v21_evidence,1.577265,hold
"clip,public_clean,public_inclusive,siglip2",Low,tired,0,Negative,False,3,0.542808,"clip,siglip2",1.024468,2,False,Low,sad,Negative,0.0,0.434571,,True,True,True,track2_0537,1.459039,tired->sad,hold,insufficient_v21_evidence,1.572884,hold
"dinov2,public_clean,public_inclusive,siglip2",Low,content,0,Positive,False,0,0.635675,"dinov2,siglip2",1.147233,2,False,High,excited,Positive,0.0,0.31007,,False,False,True,track2_0927,1.457303,content->excited,hold,insufficient_v21_evidence,1.569862,hold
"clip,dinov2,public_clean,public_inclusive,siglip2",High,aroused,0,Positive,False,0,0.436116,"clip,dinov2,siglip2",1.098915,3,False,Low,calm,Positive,0.0,0.256483,,False,False,True,track2_0033,1.355398,aroused->calm,hold,insufficient_v21_evidence,1.568241,hold
"clip,public_clean,siglip2",Low,calm,0,Positive,False,43,0.496216,"clip,siglip2",0.954387,2,False,Low,content,Positive,0.0,0.496216,,True,True,True,track2_0112,1.450603,calm->content,hold,insufficient_v21_evidence,1.565035,hold
"clip,dinov2,siglip2",Low,content,0,Positive,False,0,0.492534,"clip,dinov2,siglip2",1.355054,3,False,High,excited,Positive,0.0,0.0,,False,False,True,track2_0787,1.355054,content->excited,hold,insufficient_v21_evidence,1.554457,hold
"clip,public_clean,public_inclusive,siglip2",Low,tired,0,Negative,False,3,0.593964,"clip,siglip2",1.1445,2,False,Low,sad,Negative,0.0,0.300002,,True,True,True,track2_0031,1.444502,tired->sad,hold,insufficient_v21_evidence,1.553019,hold
"clip,public_clean,public_inclusive,siglip2",Low,calm,0,Positive,False,43,0.520496,"clip,siglip2",0.902181,2,False,Low,content,Positive,0.0,0.520496,,True,True,True,track2_0421,1.422677,calm->content,hold,insufficient_v21_evidence,1.540751,hold
"clip,dinov2,public_clean,public_inclusive,siglip2",High,aroused,0,Positive,False,0,0.339113,"clip,dinov2,siglip2",1.035994,3,False,High,annoyed,Negative,0.0,0.287257,,True,False,False,track2_0301,1.323251,aroused->annoyed,hold,insufficient_v21_evidence,1.530488,hold
"clip,dinov2,public_clean,public_inclusive,siglip2",High,frustrated,0,Negative,False,0,0.406766,"clip,dinov2,siglip2",1.070367,3,False,High,annoyed,Negative,0.0,0.246538,,True,True,True,track2_0620,1.316905,frustrated->annoyed,hold,insufficient_v21_evidence,1.526704,hold
"dinov2,public_clean,public_inclusive,siglip2",Low,calm,0,Positive,False,0,0.477724,"dinov2,siglip2",0.972888,2,False,Low,bored,Negative,0.0,0.443015,,True,False,False,track2_0949,1.415903,calm->bored,hold,insufficient_v21_evidence,1.525132,hold
"clip,public_clean,public_inclusive,siglip2",Low,tired,0,Negative,False,0,0.541665,"clip,siglip2",1.014083,2,False,Low,calm,Positive,0.0,0.383699,,True,False,False,track2_0723,1.397782,tired->calm,hold,insufficient_v21_evidence,1.507974,hold
"clip,public_clean,public_inclusive,siglip2",Low,tired,0,Negative,False,3,0.526181,"clip,siglip2",1.000011,2,False,Low,sad,Negative,0.0,0.397483,,True,True,True,track2_0175,1.397494,tired->sad,hold,insufficient_v21_evidence,1.507412,hold
"clip,public_clean,public_inclusive,siglip2",Low,content,0,Positive,False,20,0.479824,"clip,siglip2",0.963457,2,False,Low,calm,Positive,0.0,0.433026,,True,True,True,track2_0672,1.396483,content->calm,hold,insufficient_v21_evidence,1.505181,hold
"dinov2,public_inclusive,siglip2",Low,content,0,Positive,False,20,0.499021,"dinov2,siglip2",0.985152,2,False,Low,calm,Positive,0.0,0.407245,,True,True,True,track2_0133,1.392397,content->calm,hold,insufficient_v21_evidence,1.500826,hold
"dinov2,public_clean,public_inclusive,siglip2",Low,calm,0,Positive,False,0,0.534213,"dinov2,siglip2",0.892387,2,False,Low,sad,Negative,0.0,0.482889,,True,False,False,track2_0796,1.375276,calm->sad,hold,insufficient_v21_evidence,1.491815,hold
"dinov2,public_clean,public_inclusive,siglip2",Low,calm,0,Positive,False,0,0.528438,"dinov2,siglip2",1.074336,2,False,High,frustrated,Negative,0.0,0.309297,,False,False,False,track2_0138,1.383633,calm->frustrated,hold,insufficient_v21_evidence,1.487559,hold
"clip,public_clean,public_inclusive,siglip2",High,alarmed,0,Negative,False,0,0.603135,"clip,siglip2",1.053942,2,False,Low,calm,Positive,0.0,0.321958,,False,False,False,track2_0890,1.3759,alarmed->calm,hold,insufficient_v21_evidence,1.486688,hold
"clip,dinov2",Low,content,0,Positive,False,0,0.745742,"clip,dinov2",1.364568,2,False,High,happy,Positive,0.0,0.0,,False,False,True,track2_0770,1.364568,content->happy,hold,insufficient_v21_evidence,1.464227,hold
"clip,public_clean,public_inclusive,siglip2",Low,tired,0,Negative,False,3,0.441275,"clip,siglip2",0.969854,2,False,Low,sad,Negative,0.0,0.386534,,True,True,True,track2_0977,1.356388,tired->sad,hold,insufficient_v21_evidence,1.458747,hold
"clip,dinov2,public_inclusive,siglip2",High,annoyed,0,Negative,False,0,0.366323,"clip,dinov2,siglip2",0.972187,3,False,Low,calm,Positive,0.0,0.271964,,False,False,False,track2_0842,1.244151,annoyed->calm,hold,insufficient_v21_evidence,1.452494,hold
"dinov2,public_clean,public_inclusive,siglip2",Low,sad,0,Negative,False,0,0.675462,"dinov2,siglip2",1.100944,2,False,High,alarmed,Negative,0.0,0.240337,,False,False,True,track2_0891,1.341281,sad->alarmed,hold,insufficient_v21_evidence,1.452142,hold
"dinov2,public_clean,public_inclusive,siglip2",High,frustrated,0,Negative,False,0,0.652307,"dinov2,siglip2",1.050102,2,False,High,annoyed,Negative,0.0,0.285424,,True,True,True,track2_0922,1.335526,frustrated->annoyed,hold,insufficient_v21_evidence,1.44769,hold
"clip,public_clean,public_inclusive,siglip2",Low,calm,0,Positive,False,0,0.496405,"clip,siglip2",0.941603,2,False,Low,bored,Negative,0.0,0.394173,,True,False,False,track2_0836,1.335776,calm->bored,hold,insufficient_v21_evidence,1.443081,hold
"clip,dinov2,public_clean,siglip2",Low,tired,0,Negative,False,0,0.4248,"clip,dinov2,siglip2",1.035173,3,False,Low,content,Positive,0.0,0.198806,,True,False,False,track2_0884,1.23398,tired->content,hold,insufficient_v21_evidence,1.44188,hold
"clip,dinov2,public_inclusive",Low,content,0,Positive,False,20,0.520777,"clip,dinov2",0.887366,2,False,Low,calm,Positive,0.0,0.428347,,True,True,True,track2_0489,1.315713,content->calm,hold,insufficient_v21_evidence,1.427359,hold
"dinov2,public_clean,public_inclusive,siglip2",High,alarmed,0,Negative,False,0,0.521482,"dinov2,siglip2",0.879286,2,False,High,excited,Positive,0.0,0.431417,,True,False,False,track2_0728,1.310703,alarmed->excited,hold,insufficient_v21_evidence,1.422621,hold
"dinov2,public_clean,public_inclusive,siglip2",High,annoyed,0,Negative,False,0,0.483612,"dinov2,siglip2",0.944341,2,False,Low,calm,Positive,0.0,0.369947,,False,False,False,track2_0336,1.314288,annoyed->calm,hold,insufficient_v21_evidence,1.418873,hold
"clip,dinov2,public_clean,public_inclusive",Low,tired,0,Negative,False,0,0.503692,"clip,dinov2",0.789764,2,False,Low,calm,Positive,0.0,0.503692,,True,False,False,track2_0150,1.293456,tired->calm,hold,insufficient_v21_evidence,1.40901,hold
"clip,public_clean,public_inclusive,siglip2",High,frustrated,0,Negative,False,0,0.461323,"clip,siglip2",0.964709,2,False,Low,bored,Negative,0.0,0.339725,,False,False,True,track2_0876,1.304434,frustrated->bored,hold,insufficient_v21_evidence,1.405121,hold
"dinov2,public_clean,public_inclusive,siglip2",Low,calm,0,Positive,False,0,0.491099,"dinov2,siglip2",0.928114,2,False,Low,bored,Negative,0.0,0.371542,,True,False,False,track2_0829,1.299656,calm->bored,hold,insufficient_v21_evidence,1.404952,hold
"clip,public_clean,public_inclusive,siglip2",Low,content,0,Positive,False,20,0.453753,"clip,siglip2",0.971856,2,False,Low,calm,Positive,0.0,0.330218,,True,True,True,track2_0561,1.302074,content->calm,hold,insufficient_v21_evidence,1.40149,hold
"clip,dinov2",Low,content,0,Positive,False,20,0.581301,"clip,dinov2",1.309964,2,False,Low,calm,Positive,0.0,0.0,,True,True,True,track2_0137,1.309964,content->calm,hold,insufficient_v21_evidence,1.396468,hold
"clip,public_clean,public_inclusive,siglip2",High,aroused,0,Positive,False,0,0.492143,"clip,siglip2",0.859989,2,False,Low,sad,Negative,0.0,0.418537,,False,False,False,track2_0549,1.278526,aroused->sad,hold,insufficient_v21_evidence,1.387195,hold
"clip,dinov2,public_clean,public_inclusive",Low,bored,0,Negative,False,0,0.490768,"clip,dinov2",0.928825,2,False,Low,glad,Positive,0.0,0.350435,,True,False,False,track2_0848,1.27926,bored->glad,hold,insufficient_v21_evidence,1.383052,hold
"clip,public_inclusive,siglip2",High,frustrated,0,Negative,False,0,0.469569,"clip,siglip2",0.913683,2,False,High,excited,Positive,0.0,0.33696,,True,False,False,track2_0256,1.250643,frustrated->excited,hold,insufficient_v21_evidence,1.351796,hold
"clip,dinov2",Low,sad,0,Negative,False,0,0.582213,"clip,dinov2",1.25474,2,False,Low,content,Positive,0.0,0.0,,True,False,False,track2_0098,1.25474,sad->content,hold,insufficient_v21_evidence,1.341317,hold
"dinov2,public_clean,public_inclusive,siglip2",Low,calm,0,Positive,False,0,0.453597,"dinov2,siglip2",0.807538,2,False,High,alarmed,Negative,0.0,0.420263,,False,False,False,track2_0735,1.227801,calm->alarmed,hold,insufficient_v21_evidence,1.333507,hold
"clip,public_clean,public_inclusive,siglip2",Low,calm,0,Positive,False,43,0.449393,"clip,siglip2",0.851759,2,False,Low,content,Positive,0.0,0.362808,,True,True,True,track2_0950,1.214567,calm->content,hold,insufficient_v21_evidence,1.315915,hold
"gemini35,public_clean",Low,content,0,Positive,False,20,0.85,gemini35,0.9375,1,False,Low,calm,Positive,0.0,0.362206,"The delicate, flowing lines, soft muted colors, and gentle, suspended motion of the butterfly over the flowers evoke a profound sense of quietude and peaceful stillness, making 'calm' a more precise descriptor than 'content'.",True,True,True,track2_0322,1.299706,content->calm,hold,insufficient_v21_evidence,1.31306,hold
"dinov2,public_clean,public_inclusive,siglip2",High,alarmed,0,Negative,False,0,0.428472,"dinov2,siglip2",0.865922,2,False,High,frustrated,Negative,0.0,0.348379,,True,True,True,track2_0364,1.214301,alarmed->frustrated,hold,insufficient_v21_evidence,1.312965,hold
"dinov2,public_clean",Low,calm,0,Positive,False,43,0.684666,dinov2,0.782748,1,False,Low,content,Positive,0.0,0.51441,,True,True,True,track2_0347,1.297159,calm->content,hold,insufficient_v21_evidence,1.307941,hold
"clip,dinov2",High,aroused,0,Positive,False,0,0.582785,"clip,dinov2",1.210802,2,False,Low,calm,Positive,0.0,0.0,,False,False,True,track2_0733,1.210802,aroused->calm,hold,insufficient_v21_evidence,1.297425,hold
"clip,public_clean,public_inclusive,siglip2",Low,calm,0,Positive,False,0,0.597918,"clip,siglip2",0.952406,2,False,Low,bored,Negative,0.0,0.234501,,True,False,False,track2_0414,1.186907,calm->bored,hold,insufficient_v21_evidence,1.291156,hold
"clip,dinov2,public_clean,public_inclusive",Low,sad,0,Negative,False,0,0.463123,"clip,dinov2",0.938387,2,False,Low,calm,Positive,0.0,0.257129,,True,False,False,track2_0275,1.195516,sad->calm,hold,insufficient_v21_evidence,1.290565,hold
"dinov2,public_clean,public_inclusive,siglip2",Low,calm,0,Positive,False,43,0.481251,"dinov2,siglip2",0.695913,2,False,Low,content,Positive,0.0,0.47957,,True,True,True,track2_0019,1.175483,calm->content,hold,insufficient_v21_evidence,1.287553,hold
"dinov2,public_clean,public_inclusive,siglip2",Low,content,0,Positive,False,20,0.45193,"dinov2,siglip2",0.775587,2,False,Low,calm,Positive,0.0,0.404708,,True,True,True,track2_0351,1.180295,content->calm,hold,insufficient_v21_evidence,1.284779,hold
"dinov2,public_clean,public_inclusive,siglip2",Low,content,0,Positive,False,20,0.404007,"dinov2,siglip2",0.799585,2,False,Low,calm,Positive,0.0,0.385795,,True,True,True,track2_0201,1.18538,content->calm,hold,insufficient_v21_evidence,1.284706,hold
"dinov2,public_clean,public_inclusive,siglip2",Low,tired,0,Negative,False,3,0.400515,"dinov2,siglip2",0.878054,2,False,Low,sad,Negative,0.0,0.311446,,True,True,True,track2_0857,1.1895,tired->sad,hold,insufficient_v21_evidence,1.283342,hold
"clip,dinov2",Low,sad,0,Negative,False,0,0.638893,"clip,dinov2",1.171869,2,False,Low,calm,Positive,0.0,0.0,,True,False,False,track2_0696,1.171869,sad->calm,hold,insufficient_v21_evidence,1.26298,hold
"clip,public_clean,public_inclusive,siglip2",High,alarmed,0,Negative,False,0,0.412021,"clip,siglip2",0.876504,2,False,High,aroused,Positive,0.0,0.288495,,True,False,False,track2_0536,1.164999,alarmed->aroused,hold,insufficient_v21_evidence,1.258155,hold
"dinov2,public_clean,public_inclusive,siglip2",Low,calm,0,Positive,False,43,0.46662,"dinov2,siglip2",0.809235,2,False,Low,content,Positive,0.0,0.339542,,True,True,True,track2_0622,1.148777,calm->content,hold,insufficient_v21_evidence,1.249875,hold
"clip,dinov2",Low,content,0,Positive,False,20,0.560775,"clip,dinov2",1.156802,2,False,Low,calm,Positive,0.0,0.0,,True,True,True,track2_0592,1.156802,content->calm,hold,insufficient_v21_evidence,1.241664,hold
"clip,dinov2",Low,content,0,Positive,False,20,0.58501,"clip,dinov2",1.153105,2,False,Low,calm,Positive,0.0,0.0,,True,True,True,track2_0076,1.153105,content->calm,hold,insufficient_v21_evidence,1.239906,hold
"dinov2,public_inclusive,siglip2",High,annoyed,0,Negative,False,0,0.395784,"dinov2,siglip2",0.744039,2,False,Low,calm,Positive,0.0,0.395784,,False,False,False,track2_0531,1.139823,annoyed->calm,hold,insufficient_v21_evidence,1.239191,hold
"dinov2,public_inclusive,siglip2",High,annoyed,0,Negative,False,0,0.429702,"dinov2,siglip2",0.872712,2,False,High,aroused,Positive,0.0,0.27116,,True,False,False,track2_0907,1.143872,annoyed->aroused,hold,insufficient_v21_evidence,1.237229,hold
"clip,dinov2",Low,calm,0,Positive,False,0,0.677588,"clip,dinov2",1.140453,2,False,High,alarmed,Negative,0.0,0.0,,False,False,False,track2_0145,1.140453,calm->alarmed,hold,insufficient_v21_evidence,1.23466,hold
"dinov2,public_inclusive,siglip2",Low,content,0,Positive,False,20,0.405588,"dinov2,siglip2",0.791484,2,False,Low,calm,Positive,0.0,0.340648,,True,True,True,track2_0601,1.132132,content->calm,hold,insufficient_v21_evidence,1.228424,hold
"public_clean,public_inclusive,siglip2",Low,calm,0,Positive,False,43,0.581814,siglip2,0.661001,1,False,Low,content,Positive,0.0,0.557417,,True,True,True,track2_0566,1.218418,calm->content,hold,insufficient_v21_evidence,1.223982,hold
"clip,dinov2,public_clean,public_inclusive",High,excited,0,Positive,False,0,0.41245,"clip,dinov2",0.838578,2,False,Low,calm,Positive,0.0,0.290307,,False,False,True,track2_0449,1.128885,excited->calm,hold,insufficient_v21_evidence,1.222202,hold
"clip,public_clean,public_inclusive,siglip2",Low,calm,0,Positive,False,0,0.443495,"clip,siglip2",0.847517,2,False,Low,sad,Negative,0.0,0.272069,,True,False,False,track2_0386,1.119585,calm->sad,hold,insufficient_v21_evidence,1.214109,hold
"public_clean,public_inclusive,siglip2",Low,calm,0,Positive,False,0,0.583704,siglip2,0.607057,1,False,Low,sad,Negative,0.0,0.583704,,True,False,False,track2_0752,1.190761,calm->sad,hold,insufficient_v21_evidence,1.198317,hold
"dinov2,public_clean,public_inclusive,siglip2",High,frustrated,0,Negative,False,0,0.39617,"dinov2,siglip2",0.812212,2,False,High,annoyed,Negative,0.0,0.29291,,True,True,True,track2_0896,1.105122,frustrated->annoyed,hold,insufficient_v21_evidence,1.197319,hold
"dinov2,public_clean,public_inclusive,siglip2",Low,content,0,Positive,False,20,0.453488,"dinov2,siglip2",0.753422,2,False,Low,calm,Positive,0.0,0.332764,,True,True,True,track2_0329,1.086186,content->calm,hold,insufficient_v21_evidence,1.185759,hold
"clip,public_clean,public_inclusive,siglip2",Low,content,0,Positive,False,20,0.415058,"clip,siglip2",0.766156,2,False,Low,calm,Positive,0.0,0.319474,,True,True,True,track2_0433,1.08563,content->calm,hold,insufficient_v21_evidence,1.181198,hold
"public_clean,public_inclusive,siglip2",Low,content,0,Positive,False,20,0.584288,siglip2,0.642859,1,False,Low,calm,Positive,0.0,0.529287,,True,True,True,track2_0690,1.172146,content->calm,hold,insufficient_v21_evidence,1.175939,hold
"clip,public_clean,public_inclusive,siglip2",Low,content,0,Positive,False,20,0.378657,"clip,siglip2",0.696088,2,False,Low,calm,Positive,0.0,0.378657,,True,True,True,track2_0608,1.074745,content->calm,hold,insufficient_v21_evidence,1.171544,hold
"clip,dinov2,public_clean,public_inclusive",High,aroused,0,Positive,False,0,0.388626,"clip,dinov2",0.743985,2,False,High,frustrated,Negative,0.0,0.331804,,True,False,False,track2_0598,1.075789,aroused->frustrated,hold,insufficient_v21_evidence,1.170105,hold
"clip,public_clean,public_inclusive,siglip2",Low,content,0,Positive,False,0,0.396059,"clip,siglip2",0.779672,2,False,High,annoyed,Negative,0.0,0.294835,,False,False,False,track2_0581,1.074507,content->annoyed,hold,insufficient_v21_evidence,1.16683,hold
"clip,dinov2",Low,content,0,Positive,False,0,0.560077,"clip,dinov2",1.081496,2,False,Low,tired,Negative,0.0,0.0,,True,False,False,track2_0862,1.081496,content->tired,hold,insufficient_v21_evidence,1.166302,hold
"dinov2,public_clean,public_inclusive,siglip2",High,happy,0,Positive,False,0,0.445021,"dinov2,siglip2",0.803907,2,False,Low,content,Positive,0.0,0.267853,,False,False,True,track2_0011,1.07176,happy->content,hold,insufficient_v21_evidence,1.166111,hold
"clip,dinov2,siglip2",High,alarmed,0,Negative,False,0,0.402533,"clip,dinov2,siglip2",0.964114,3,False,Low,calm,Positive,0.0,0.0,,False,False,False,track2_0999,0.964114,alarmed->calm,hold,insufficient_v21_evidence,1.156317,hold
"clip,siglip2",Low,content,0,Positive,False,20,0.536671,"clip,siglip2",1.070759,2,False,Low,calm,Positive,0.0,0.0,,True,True,True,track2_0738,1.070759,content->calm,hold,insufficient_v21_evidence,1.153693,hold
"clip,siglip2",Low,content,0,Positive,False,20,0.535235,"clip,siglip2",1.068467,2,False,Low,calm,Positive,0.0,0.0,,True,True,True,track2_0551,1.068467,content->calm,hold,insufficient_v21_evidence,1.151286,hold
"dinov2,public_inclusive",Low,calm,0,Positive,False,43,0.59719,dinov2,0.6662,1,False,Low,content,Positive,0.0,0.477974,,True,True,True,track2_0346,1.144174,calm->content,hold,insufficient_v21_evidence,1.145407,hold
"gemini35,public_clean",Low,content,0,Positive,False,20,0.85,gemini35,0.9375,1,False,Low,calm,Positive,0.0,0.204858,"The quiet, observational activity of the figures combined with the flat, harmonious colors and clean lines of the woodblock print evokes a sense of calm stillness.",True,True,True,track2_0127,1.142358,content->calm,hold,insufficient_v21_evidence,1.144698,hold
"clip,public_clean,public_inclusive,siglip2",High,alarmed,0,Negative,False,0,0.408087,"clip,siglip2",0.860289,2,False,High,annoyed,Negative,0.0,0.192918,,True,True,True,track2_0853,1.053207,alarmed->annoyed,hold,insufficient_v21_evidence,1.139358,hold
"dinov2,public_clean",High,frustrated,0,Negative,False,0,0.658113,dinov2,0.792973,1,False,High,happy,Positive,0.0,0.347866,,True,False,False,track2_0256,1.140839,frustrated->happy,hold,insufficient_v21_evidence,1.137839,hold
"dinov2,public_clean,public_inclusive",Low,calm,0,Positive,False,43,0.587518,dinov2,0.637065,1,False,Low,content,Positive,0.0,0.496833,,True,True,True,track2_0278,1.133898,calm->content,hold,insufficient_v21_evidence,1.135678,hold
"clip,public_clean,public_inclusive,siglip2",Low,tired,0,Negative,False,0,0.351748,"clip,siglip2",0.758239,2,False,Low,calm,Positive,0.0,0.28602,,True,False,False,track2_0349,1.044259,tired->calm,hold,insufficient_v21_evidence,1.13242,hold
"dinov2,public_clean,public_inclusive,siglip2",Low,content,0,Positive,False,0,0.414066,"dinov2,siglip2",0.76323,2,False,Low,tired,Negative,0.0,0.275052,,True,False,False,track2_0370,1.038282,content->tired,hold,insufficient_v21_evidence,1.130661,hold
"dinov2,public_clean,public_inclusive,siglip2",High,annoyed,0,Negative,False,0,0.459965,"dinov2,siglip2",0.779039,2,False,High,excited,Positive,0.0,0.253268,,True,False,False,track2_0205,1.032307,annoyed->excited,hold,insufficient_v21_evidence,1.126833,hold
"dinov2,public_clean,public_inclusive,siglip2",High,alarmed,0,Negative,False,0,0.373869,"dinov2,siglip2",0.801584,2,False,Low,tired,Negative,0.0,0.238173,,False,False,True,track2_0963,1.039757,alarmed->tired,hold,insufficient_v21_evidence,1.126339,hold
"clip,public_clean,public_inclusive,siglip2",Low,calm,0,Positive,False,0,0.376933,"clip,siglip2",0.708332,2,False,Low,sad,Negative,0.0,0.324528,,True,False,False,track2_0881,1.03286,calm->sad,hold,insufficient_v21_evidence,1.125732,hold
"dinov2,public_clean,public_inclusive,siglip2",High,alarmed,0,Negative,False,0,0.355368,"dinov2,siglip2",0.768038,2,False,High,frustrated,Negative,0.0,0.268224,,True,True,True,track2_0120,1.036262,alarmed->frustrated,hold,insufficient_v21_evidence,1.123467,hold
"clip,public_clean,public_inclusive,siglip2",High,aroused,0,Positive,False,1,0.384455,"clip,siglip2",0.654409,2,False,High,excited,Positive,0.0,0.371,,True,True,True,track2_0356,1.025409,aroused->excited,hold,insufficient_v21_evidence,1.122135,hold
"clip,public_clean,public_inclusive,siglip2",Low,content,0,Positive,False,0,0.386169,"clip,siglip2",0.738236,2,False,Low,sad,Negative,0.0,0.290063,,True,False,False,track2_0027,1.028299,content->sad,hold,insufficient_v21_evidence,1.119497,hold
"clip,siglip2",Low,content,0,Positive,False,20,0.531495,"clip,siglip2",1.03556,2,False,Low,calm,Positive,0.0,0.0,,True,True,True,track2_0144,1.03556,content->calm,hold,insufficient_v21_evidence,1.11808,hold
"public_clean,public_inclusive,siglip2",Low,calm,0,Positive,False,43,0.544396,siglip2,0.604187,1,False,Low,content,Positive,0.0,0.510127,,True,True,True,track2_0955,1.114314,calm->content,hold,insufficient_v21_evidence,1.113575,hold
"gemini35,public_clean",High,excited,0,Positive,False,0,0.8,gemini35,0.875,1,False,Low,content,Positive,0.0,0.23083,"The serene, stylized depiction of the figures with neutral facial expressions and the muted color palette evoke a sense of peaceful contentment rather than high-arousal excitement.",False,False,True,track2_0142,1.10583,excited->content,hold,insufficient_v21_evidence,1.105988,hold
"clip,public_clean,public_inclusive,siglip2",Low,calm,0,Positive,False,0,0.383182,"clip,siglip2",0.670846,2,False,High,excited,Positive,0.0,0.336104,,False,False,True,track2_0388,1.00695,calm->excited,hold,insufficient_v21_evidence,1.101132,hold
"public_clean,public_inclusive,siglip2",Low,calm,0,Positive,False,43,0.548888,siglip2,0.540867,1,False,Low,content,Positive,0.0,0.548888,,True,True,True,track2_0495,1.089755,calm->content,hold,insufficient_v21_evidence,1.092088,hold
"gemini35,public_clean",Low,calm,0,Positive,False,0,0.85,gemini35,0.9375,1,False,High,annoyed,Negative,0.0,0.154563,"The furrowed brows, sharp sideways glances, and tense facial expressions of both figures convey a strong sense of dramatic tension and annoyance rather than calmness.",False,False,False,track2_0460,1.092063,calm->annoyed,hold,insufficient_v21_evidence,1.090882,hold
"clip,public_clean,public_inclusive,siglip2",High,annoyed,0,Negative,False,0,0.344943,"clip,siglip2",0.728933,2,False,Low,tired,Negative,0.0,0.272227,,False,False,True,track2_0491,1.00116,annoyed->tired,hold,insufficient_v21_evidence,1.087811,hold
"clip,public_clean,public_inclusive,siglip2",Low,calm,0,Positive,False,0,0.329586,"clip,siglip2",0.740614,2,False,High,excited,Positive,0.0,0.26226,,False,False,True,track2_0228,1.002873,calm->excited,hold,insufficient_v21_evidence,1.087598,hold
"dinov2,public_clean,public_inclusive,siglip2",High,alarmed,0,Negative,False,0,0.39043,"dinov2,siglip2",0.757574,2,False,High,frustrated,Negative,0.0,0.239017,,True,True,True,track2_0921,0.996591,alarmed->frustrated,hold,insufficient_v21_evidence,1.084557,hold
"public_clean,public_inclusive,siglip2",Low,content,0,Positive,False,20,0.553525,siglip2,0.524712,1,False,Low,calm,Positive,0.0,0.553525,,True,True,True,track2_0838,1.078237,content->calm,hold,insufficient_v21_evidence,1.081266,hold
"gemini35,public_inclusive",High,aroused,0,Positive,False,0,0.8,gemini35,0.875,1,False,High,alarmed,Negative,0.0,0.20311,The fierce expression of the warrior and the ominous dragon claw emerging from dark clouds evoke a sense of dramatic tension and alarm rather than positive arousal.,True,False,False,track2_0733,1.07811,aroused->alarmed,hold,insufficient_v21_evidence,1.076328,hold
"public_clean,public_inclusive,siglip2",Low,content,0,Positive,False,20,0.556358,siglip2,0.515572,1,False,Low,calm,Positive,0.0,0.556358,,True,True,True,track2_0135,1.071929,content->calm,hold,insufficient_v21_evidence,1.075383,hold
"public_clean,public_inclusive,siglip2",Low,content,0,Positive,False,20,0.543923,siglip2,0.586417,1,False,Low,calm,Positive,0.0,0.488112,,True,True,True,track2_0250,1.074528,content->calm,hold,insufficient_v21_evidence,1.07221,hold
"clip,dinov2",High,alarmed,0,Negative,False,0,0.485649,"clip,dinov2",0.992717,2,False,High,excited,Positive,0.0,0.0,,True,False,False,track2_0132,0.992717,alarmed->excited,hold,insufficient_v21_evidence,1.071569,hold
"clip,dinov2",High,annoyed,0,Negative,False,0,0.533509,"clip,dinov2",0.983872,2,False,Low,calm,Positive,0.0,0.0,,False,False,False,track2_0623,0.983872,annoyed->calm,hold,insufficient_v21_evidence,1.066553,hold
"clip,dinov2",Low,content,0,Positive,False,20,0.480115,"clip,dinov2",0.988115,2,False,Low,calm,Positive,0.0,0.0,,True,True,True,track2_0529,0.988115,content->calm,hold,insufficient_v21_evidence,1.066524,hold
"public_clean,public_inclusive,siglip2",Low,calm,0,Positive,False,43,0.547622,siglip2,0.509019,1,False,Low,content,Positive,0.0,0.547622,,True,True,True,track2_0147,1.056641,calm->content,hold,insufficient_v21_evidence,1.058784,hold
"clip,public_clean,public_inclusive,siglip2",High,frustrated,0,Negative,False,0,0.330112,"clip,siglip2",0.636319,2,False,Low,bored,Negative,0.0,0.330112,,False,False,True,track2_0839,0.966431,frustrated->bored,hold,insufficient_v21_evidence,1.055948,hold
"dinov2,public_clean,public_inclusive",High,aroused,0,Positive,False,0,0.667138,dinov2,0.79354,1,False,Low,bored,Negative,0.0,0.268404,,False,False,False,track2_0070,1.061945,aroused->bored,hold,insufficient_v21_evidence,1.054104,hold
"clip,public_clean,public_inclusive,siglip2",High,alarmed,0,Negative,False,0,0.374582,"clip,siglip2",0.713266,2,False,High,frustrated,Negative,0.0,0.250184,,True,True,True,track2_0812,0.96345,alarmed->frustrated,hold,insufficient_v21_evidence,1.050929,hold
"clip,dinov2",High,alarmed,0,Negative,False,0,0.628104,"clip,dinov2",0.959167,2,False,Low,sad,Negative,0.0,0.0,,False,False,True,track2_0480,0.959167,alarmed->sad,hold,insufficient_v21_evidence,1.049415,hold
"dinov2,public_inclusive,siglip2",Low,content,0,Positive,False,0,0.419205,"dinov2,siglip2",0.676602,2,False,High,excited,Positive,0.0,0.27884,,False,False,True,track2_0439,0.955442,content->excited,hold,insufficient_v21_evidence,1.048497,hold
"clip,dinov2",Low,content,0,Positive,False,20,0.470655,"clip,dinov2",0.963275,2,False,Low,calm,Positive,0.0,0.0,,True,True,True,track2_0639,0.963275,content->calm,hold,insufficient_v21_evidence,1.040927,hold
public_near_public_duplicate,Low,calm,0,Positive,False,43,0.953972,,0.0,0,True,Low,content,Positive,0.953972,0.0,near_public_duplicate supports content,True,True,True,track2_0161,0.953972,calm->content,hold,insufficient_v21_evidence,1.040164,hold
"public_clean,public_inclusive,siglip2",High,frustrated,0,Negative,False,0,0.576824,siglip2,0.696329,1,False,Low,bored,Negative,0.0,0.350916,,False,False,True,track2_0520,1.047245,frustrated->bored,hold,insufficient_v21_evidence,1.037955,hold
public_near_public_duplicate,High,frustrated,0,Negative,False,0,0.951928,,0.0,0,True,High,alarmed,Negative,0.951928,0.0,near_public_duplicate supports alarmed | near_public_duplicate supports alarmed,True,True,True,track2_0726,0.951928,frustrated->alarmed,hold,insufficient_v21_evidence,1.037506,hold
public_near_public_duplicate,Low,calm,0,Positive,False,43,0.951786,,0.0,0,True,Low,content,Positive,0.951786,0.0,near_public_duplicate supports content,True,True,True,track2_0577,0.951786,calm->content,hold,insufficient_v21_evidence,1.037322,hold
"clip,dinov2,public_clean,public_inclusive",Low,tired,0,Negative,False,3,0.352789,"clip,dinov2",0.695081,2,False,Low,sad,Negative,0.0,0.255913,,True,True,True,track2_0596,0.950994,tired->sad,hold,insufficient_v21_evidence,1.037131,hold
public_near_public_duplicate,Low,calm,0,Positive,False,43,0.951001,,0.0,0,True,Low,content,Positive,0.951001,0.0,near_public_duplicate supports content,True,True,True,track2_0785,0.951001,calm->content,hold,insufficient_v21_evidence,1.036301,hold
"clip,public_clean,public_inclusive,siglip2",High,frustrated,0,Negative,False,0,0.345402,"clip,siglip2",0.703142,2,False,Low,tired,Negative,0.0,0.246845,,False,False,True,track2_0251,0.949987,frustrated->tired,hold,insufficient_v21_evidence,1.034898,hold
"clip,dinov2,public_clean,public_inclusive",Low,calm,0,Positive,False,43,0.316044,"clip,dinov2",0.626941,2,False,Low,content,Positive,0.0,0.316044,,True,True,True,track2_0141,0.942985,calm->content,hold,insufficient_v21_evidence,1.030392,hold
"clip,dinov2",Low,content,0,Positive,False,20,0.470424,"clip,dinov2",0.952233,2,False,Low,calm,Positive,0.0,0.0,,True,True,True,track2_0471,0.952233,content->calm,hold,insufficient_v21_evidence,1.029867,hold
"clip,dinov2,siglip2",Low,sad,0,Negative,False,0,0.277661,"clip,dinov2,siglip2",0.847501,3,False,High,frustrated,Negative,0.0,0.0,,False,False,True,track2_0545,0.847501,sad->frustrated,hold,insufficient_v21_evidence,1.029714,hold
"clip,public_clean,public_inclusive,siglip2",High,alarmed,0,Negative,False,0,0.356263,"clip,siglip2",0.665798,2,False,High,frustrated,Negative,0.0,0.274462,,True,True,True,track2_0912,0.94026,alarmed->frustrated,hold,insufficient_v21_evidence,1.027973,hold
"clip,dinov2",High,frustrated,0,Negative,False,0,0.419679,"clip,dinov2",0.947457,2,False,Low,tired,Negative,0.0,0.0,,False,False,True,track2_0440,0.947457,frustrated->tired,hold,insufficient_v21_evidence,1.021031,hold
"clip,public_clean,public_inclusive,siglip2",Low,content,0,Positive,False,20,0.306238,"clip,siglip2",0.64339,2,False,Low,calm,Positive,0.0,0.291608,,True,True,True,track2_0771,0.934998,content->calm,hold,insufficient_v21_evidence,1.01991,hold
"clip,dinov2",Low,content,0,Positive,False,20,0.473706,"clip,dinov2",0.9411,2,False,Low,calm,Positive,0.0,0.0,,True,True,True,track2_0324,0.9411,content->calm,hold,insufficient_v21_evidence,1.018996,hold
"public_clean,public_inclusive,siglip2",Low,content,0,Positive,False,0,0.494296,siglip2,0.530545,1,False,High,excited,Positive,0.0,0.494296,,False,False,True,track2_0770,1.024841,content->excited,hold,insufficient_v21_evidence,1.018985,hold
"dinov2,public_clean,public_inclusive,siglip2",Low,calm,0,Positive,False,0,0.312804,"dinov2,siglip2",0.620988,2,False,High,excited,Positive,0.0,0.303497,,False,False,True,track2_0506,0.924485,calm->excited,hold,insufficient_v21_evidence,1.010754,hold
"clip,dinov2,public_clean,public_inclusive",Low,calm,0,Positive,False,0,0.332934,"clip,dinov2",0.683381,2,False,High,frustrated,Negative,0.0,0.236417,,False,False,False,track2_0783,0.919798,calm->frustrated,hold,insufficient_v21_evidence,1.002982,hold
"clip,dinov2",High,annoyed,0,Negative,False,0,0.557645,"clip,dinov2",0.912117,2,False,Low,calm,Positive,0.0,0.0,,False,False,False,track2_0573,0.912117,annoyed->calm,hold,insufficient_v21_evidence,0.996729,hold
"clip,public_clean,public_inclusive,siglip2",High,annoyed,0,Negative,False,0,0.3878,"clip,siglip2",0.702441,2,False,High,excited,Positive,0.0,0.206348,,True,False,False,track2_0789,0.908788,annoyed->excited,hold,insufficient_v21_evidence,0.994256,hold
"clip,siglip2",Low,calm,0,Positive,False,0,0.525281,"clip,siglip2",0.909522,2,False,High,alarmed,Negative,0.0,0.0,,False,False,False,track2_0459,0.909522,calm->alarmed,hold,insufficient_v21_evidence,0.991544,hold
"clip,dinov2,public_clean,public_inclusive",Low,calm,0,Positive,False,0,0.411987,"clip,dinov2",0.689607,2,False,Low,bored,Negative,0.0,0.211356,,True,False,False,track2_0315,0.900962,calm->bored,hold,insufficient_v21_evidence,0.988716,hold
"dinov2,public_clean,public_inclusive,siglip2",High,frustrated,0,Negative,False,0,0.29615,"dinov2,siglip2",0.636714,2,False,Low,calm,Positive,0.0,0.266494,,False,False,False,track2_0096,0.903208,frustrated->calm,hold,insufficient_v21_evidence,0.985555,hold
"clip,public_clean,public_inclusive,siglip2",High,frustrated,0,Negative,False,0,0.319453,"clip,siglip2",0.62487,2,False,High,annoyed,Negative,0.0,0.269202,,True,True,True,track2_0981,0.894073,frustrated->annoyed,hold,insufficient_v21_evidence,0.978473,hold
"public_clean,public_inclusive,siglip2",High,annoyed,0,Negative,False,0,0.475372,siglip2,0.520859,1,False,Low,calm,Positive,0.0,0.462156,,False,False,False,track2_0825,0.983015,annoyed->calm,hold,insufficient_v21_evidence,0.973396,hold
"clip,public_clean,siglip2",Low,calm,0,Positive,False,43,0.386382,"clip,siglip2",0.655332,2,False,Low,content,Positive,0.0,0.229235,,True,True,True,track2_0986,0.884567,calm->content,hold,insufficient_v21_evidence,0.971524,hold
"public_clean,public_inclusive,siglip2",Low,calm,0,Positive,False,43,0.490488,siglip2,0.510606,1,False,Low,content,Positive,0.0,0.464369,,True,True,True,track2_0945,0.974975,calm->content,hold,insufficient_v21_evidence,0.96672,hold
"dinov2,public_clean,public_inclusive,siglip2",High,happy,0,Positive,False,3,0.309677,"dinov2,siglip2",0.634467,2,False,High,excited,Positive,0.0,0.239995,,True,True,True,track2_0453,0.874462,happy->excited,hold,insufficient_v21_evidence,0.956036,hold
"dinov2,public_clean,public_inclusive,siglip2",Low,content,0,Positive,False,0,0.331117,"dinov2,siglip2",0.633126,2,False,High,excited,Positive,0.0,0.237616,,False,False,True,track2_0816,0.870742,content->excited,hold,insufficient_v21_evidence,0.953864,hold
"clip,public_clean,public_inclusive",Low,content,0,Positive,False,0,0.469156,clip,0.540802,1,False,Low,tired,Negative,0.0,0.418531,,True,False,False,track2_0123,0.959333,content->tired,hold,insufficient_v21_evidence,0.946163,hold
"public_inclusive,siglip2",High,alarmed,0,Negative,False,0,0.479178,siglip2,0.518076,1,False,Low,calm,Positive,0.0,0.436285,,False,False,False,track2_0425,0.954361,alarmed->calm,hold,insufficient_v21_evidence,0.943235,hold
"clip,public_clean,public_inclusive,siglip2",Low,content,0,Positive,False,0,0.292329,"clip,siglip2",0.565766,2,False,High,excited,Positive,0.0,0.277145,,False,False,True,track2_0820,0.842911,content->excited,hold,insufficient_v21_evidence,0.925697,hold
gemini35,Low,tired,0,Negative,False,0,0.85,gemini35,0.9375,1,False,Low,calm,Positive,0.0,0.0,"The peaceful solitude of the rustic mountain cabins and the majestic, quiet peaks under soft, diffused light evoke a sense of serene calmness rather than tiredness.",True,False,False,track2_0037,0.9375,tired->calm,hold,insufficient_v21_evidence,0.9255,hold
gemini35,High,annoyed,0,Negative,False,0,0.85,gemini35,0.9375,1,False,Low,calm,Positive,0.0,0.0,"The balanced composition, flowing organic curves, and quiet monochromatic pencil shading evoke a sense of peace and stability, making 'calm' a much more fitting description than 'annoyed'.",False,False,False,track2_0547,0.9375,annoyed->calm,hold,insufficient_v21_evidence,0.9255,hold
"clip,public_clean,public_inclusive,siglip2",Low,bored,0,Negative,False,0,0.359904,"clip,siglip2",0.5997,2,False,Low,tired,Negative,0.0,0.238482,,True,True,True,track2_0231,0.838182,bored->tired,hold,insufficient_v21_evidence,0.923668,hold
"clip,dinov2",Low,content,0,Positive,False,20,0.503716,"clip,dinov2",0.839242,2,False,Low,calm,Positive,0.0,0.0,,True,True,True,track2_0540,0.839242,content->calm,hold,insufficient_v21_evidence,0.919539,hold
"clip,dinov2,public_clean,public_inclusive",High,annoyed,0,Negative,False,0,0.316594,"clip,dinov2",0.616727,2,False,Low,bored,Negative,0.0,0.218082,,False,False,True,track2_0418,0.834809,annoyed->bored,hold,insufficient_v21_evidence,0.915402,hold
"clip,dinov2",Low,sad,0,Negative,False,0,0.515983,"clip,dinov2",0.831671,2,False,Low,calm,Positive,0.0,0.0,,True,False,False,track2_0435,0.831671,sad->calm,hold,insufficient_v21_evidence,0.91295,hold
"public_clean,public_inclusive,siglip2",Low,calm,0,Positive,False,43,0.452791,siglip2,0.472219,1,False,Low,content,Positive,0.0,0.452791,,True,True,True,track2_0392,0.92501,calm->content,hold,insufficient_v21_evidence,0.912929,hold
"clip,dinov2",High,annoyed,0,Negative,False,0,0.43263,"clip,dinov2",0.836433,2,False,Low,calm,Positive,0.0,0.0,,False,False,False,track2_0801,0.836433,annoyed->calm,hold,insufficient_v21_evidence,0.911043,hold
"public_clean,public_inclusive,siglip2",Low,content,0,Positive,False,20,0.454377,siglip2,0.465533,1,False,Low,calm,Positive,0.0,0.449673,,True,True,True,track2_0961,0.915206,content->calm,hold,insufficient_v21_evidence,0.903033,hold
"clip,public_clean,public_inclusive,siglip2",Low,tired,0,Negative,False,3,0.275147,"clip,siglip2",0.569355,2,False,Low,sad,Negative,0.0,0.253134,,True,True,True,track2_0694,0.822489,tired->sad,hold,insufficient_v21_evidence,0.90222,hold
"public_clean,public_inclusive,siglip2",Low,glad,0,Positive,False,4,0.456577,siglip2,0.448188,1,False,Low,content,Positive,0.0,0.456577,,True,True,True,track2_0957,0.904765,glad->content,hold,insufficient_v21_evidence,0.893252,hold
"public_inclusive,siglip2",Low,content,0,Positive,False,20,0.47109,siglip2,0.480662,1,False,Low,calm,Positive,0.0,0.42361,,True,True,True,track2_0298,0.904273,content->calm,hold,insufficient_v21_evidence,0.891613,hold
"public_inclusive,siglip2",Low,content,0,Positive,False,20,0.462419,siglip2,0.468322,1,False,Low,calm,Positive,0.0,0.434184,,True,True,True,track2_0377,0.902505,content->calm,hold,insufficient_v21_evidence,0.889891,hold
"clip,dinov2,public_clean,public_inclusive",Low,calm,0,Positive,False,0,0.301288,"clip,dinov2",0.562599,2,False,High,frustrated,Negative,0.0,0.233965,,False,False,False,track2_0713,0.796564,calm->frustrated,hold,insufficient_v21_evidence,0.877045,hold
"clip,public_clean,public_inclusive,siglip2",Low,content,0,Positive,False,0,0.27793,"clip,siglip2",0.561191,2,False,High,annoyed,Negative,0.0,0.236505,,False,False,False,track2_0379,0.797696,content->annoyed,hold,insufficient_v21_evidence,0.876486,hold
"clip,dinov2",Low,sad,0,Negative,False,0,0.461171,"clip,dinov2",0.796623,2,False,Low,calm,Positive,0.0,0.0,,True,False,False,track2_0325,0.796623,sad->calm,hold,insufficient_v21_evidence,0.873517,hold
"public_clean,public_inclusive,siglip2",Low,content,0,Positive,False,0,0.472692,siglip2,0.528777,1,False,High,annoyed,Negative,0.0,0.351415,,False,False,False,track2_0532,0.880192,content->annoyed,hold,insufficient_v21_evidence,0.862606,hold
"public_clean,public_inclusive,siglip2",High,alarmed,0,Negative,False,0,0.445983,siglip2,0.526388,1,False,High,annoyed,Negative,0.0,0.353199,,True,True,True,track2_0380,0.879587,alarmed->annoyed,hold,insufficient_v21_evidence,0.85999,hold
gemini35,Low,tired,0,Negative,False,0,0.8,gemini35,0.875,1,False,Low,calm,Positive,0.0,0.0,"The antique, sepia-toned landscape and serene classical figures evoke a peaceful, quiet atmosphere best described as calm rather than tired.",True,False,False,track2_0884,0.875,tired->calm,hold,insufficient_v21_evidence,0.859,hold
"dinov2,public_inclusive",Low,calm,0,Positive,False,43,0.447466,dinov2,0.421518,1,False,Low,content,Positive,0.0,0.447466,,True,True,True,track2_0960,0.868984,calm->content,hold,insufficient_v21_evidence,0.856104,hold
"dinov2,siglip2",Low,tired,0,Negative,False,0,0.432824,"dinov2,siglip2",0.779729,2,False,Low,content,Positive,0.0,0.0,,True,False,False,track2_0331,0.779729,tired->content,hold,insufficient_v21_evidence,0.854355,hold
"clip,public_clean,public_inclusive,siglip2",Low,calm,0,Positive,False,0,0.300601,"clip,siglip2",0.583149,2,False,High,frustrated,Negative,0.0,0.193374,,False,False,False,track2_0395,0.776523,calm->frustrated,hold,insufficient_v21_evidence,0.854107,hold
"dinov2,public_clean,public_inclusive",Low,content,0,Positive,False,20,0.438572,dinov2,0.416411,1,False,Low,calm,Positive,0.0,0.438572,,True,True,True,track2_0882,0.854983,content->calm,hold,insufficient_v21_evidence,0.840769,hold
"clip,public_clean,public_inclusive,siglip2",Low,content,0,Positive,False,0,0.301946,"clip,siglip2",0.533106,2,False,High,excited,Positive,0.0,0.226664,,False,False,True,track2_0165,0.759769,content->excited,hold,insufficient_v21_evidence,0.839791,hold
"clip,public_clean,public_inclusive,siglip2",High,alarmed,0,Negative,False,0,0.312392,"clip,siglip2",0.576231,2,False,Low,tired,Negative,0.0,0.185403,,False,False,True,track2_0151,0.761634,alarmed->tired,hold,insufficient_v21_evidence,0.839604,hold
"clip,dinov2",High,aroused,0,Positive,False,0,0.3732,"clip,dinov2",0.769373,2,False,High,annoyed,Negative,0.0,0.0,,True,False,False,track2_0983,0.769373,aroused->annoyed,hold,insufficient_v21_evidence,0.839229,hold
dinov2,Low,calm,0,Positive,False,0,0.709779,dinov2,0.855259,1,False,Low,bored,Negative,0.0,0.0,,True,False,False,track2_0953,0.855259,calm->bored,hold,insufficient_v21_evidence,0.832041,hold
"clip,dinov2",High,alarmed,0,Negative,False,0,0.439115,"clip,dinov2",0.754461,2,False,Low,bored,Negative,0.0,0.0,,False,False,True,track2_0241,0.754461,alarmed->bored,hold,insufficient_v21_evidence,0.82959,hold
"public_clean,public_inclusive,siglip2",Low,sad,0,Negative,False,0,0.451472,siglip2,0.499797,1,False,Low,calm,Positive,0.0,0.345725,,True,False,False,track2_0717,0.845522,sad->calm,hold,insufficient_v21_evidence,0.825841,hold
dinov2,Low,calm,0,Positive,False,0,0.703688,dinov2,0.848163,1,False,Low,bored,Negative,0.0,0.0,,True,False,False,track2_0371,0.848163,calm->bored,hold,insufficient_v21_evidence,0.824458,hold
"clip,dinov2",Low,content,0,Positive,False,20,0.440267,"clip,dinov2",0.737413,2,False,Low,calm,Positive,0.0,0.0,,True,True,True,track2_0656,0.737413,content->calm,hold,insufficient_v21_evidence,0.812634,hold
"public_clean,public_inclusive,siglip2",Low,calm,0,Positive,False,43,0.413181,siglip2,0.431114,1,False,Low,content,Positive,0.0,0.396543,,True,True,True,track2_0238,0.827657,calm->content,hold,insufficient_v21_evidence,0.808469,hold
"public_clean,public_inclusive,siglip2",Low,calm,0,Positive,False,43,0.428426,siglip2,0.449086,1,False,Low,content,Positive,0.0,0.375403,,True,True,True,track2_0060,0.824489,calm->content,hold,insufficient_v21_evidence,0.805041,hold
"public_clean,siglip2",Low,calm,0,Positive,False,43,0.419851,siglip2,0.434914,1,False,Low,content,Positive,0.0,0.388132,,True,True,True,track2_0438,0.823046,calm->content,hold,insufficient_v21_evidence,0.803803,hold
"clip,dinov2",Low,calm,0,Positive,False,0,0.352683,"clip,dinov2",0.735281,2,False,Low,tired,Negative,0.0,0.0,,True,False,False,track2_0204,0.735281,calm->tired,hold,insufficient_v21_evidence,0.803496,hold
"public_clean,public_inclusive,siglip2",High,alarmed,0,Negative,False,0,0.43682,siglip2,0.520087,1,False,Low,sad,Negative,0.0,0.303654,,False,False,True,track2_0878,0.82374,alarmed->sad,hold,insufficient_v21_evidence,0.799941,hold
dinov2,Low,content,0,Positive,False,0,0.671506,dinov2,0.819263,1,False,High,aroused,Positive,0.0,0.0,,False,False,True,track2_0123,0.819263,content->aroused,hold,insufficient_v21_evidence,0.792983,hold
"public_clean,public_inclusive,siglip2",Low,calm,0,Positive,False,0,0.415755,siglip2,0.477096,1,False,Low,bored,Negative,0.0,0.33698,,True,False,False,track2_0802,0.814076,calm->bored,hold,insufficient_v21_evidence,0.790925,hold
"public_clean,public_inclusive,siglip2",Low,content,0,Positive,False,0,0.431854,siglip2,0.489695,1,False,Low,bored,Negative,0.0,0.323643,,True,False,False,track2_0782,0.813338,content->bored,hold,insufficient_v21_evidence,0.790541,hold
"public_clean,public_inclusive,siglip2",High,alarmed,0,Negative,False,0,0.439768,siglip2,0.513374,1,False,Low,glad,Positive,0.0,0.290397,,False,False,False,track2_0649,0.803771,alarmed->glad,hold,insufficient_v21_evidence,0.77928,hold
dinov2,Low,calm,0,Positive,False,0,0.664748,dinov2,0.802903,1,False,High,happy,Positive,0.0,0.0,,False,False,True,track2_0357,0.802903,calm->happy,hold,insufficient_v21_evidence,0.776083,hold
"clip,siglip2",High,frustrated,0,Negative,False,0,0.419306,"clip,siglip2",0.700836,2,False,High,aroused,Positive,0.0,0.0,,True,False,False,track2_0039,0.700836,frustrated->aroused,hold,insufficient_v21_evidence,0.77438,hold
"clip,siglip2",Low,calm,0,Positive,False,0,0.351691,"clip,siglip2",0.706027,2,False,High,excited,Positive,0.0,0.0,,False,False,True,track2_0879,0.706027,calm->excited,hold,insufficient_v21_evidence,0.774162,hold
"clip,public_clean,public_inclusive,siglip2",Low,calm,0,Positive,False,0,0.25855,"clip,siglip2",0.488561,2,False,Low,bored,Negative,0.0,0.209636,,True,False,False,track2_0358,0.698198,calm->bored,hold,insufficient_v21_evidence,0.773557,hold
"clip,public_clean,public_inclusive",Low,content,0,Positive,False,20,0.437734,clip,0.469961,1,False,Low,calm,Positive,0.0,0.321074,,True,True,True,track2_0929,0.791035,content->calm,hold,insufficient_v21_evidence,0.768529,hold
"public_clean,public_inclusive,siglip2",Low,sad,0,Negative,False,0,0.412461,siglip2,0.471531,1,False,High,frustrated,Negative,0.0,0.320738,,False,False,True,track2_0804,0.792269,sad->frustrated,hold,insufficient_v21_evidence,0.767718,hold
"dinov2,siglip2",Low,calm,0,Positive,False,0,0.373294,"dinov2,siglip2",0.690403,2,False,High,aroused,Positive,0.0,0.0,,False,False,True,track2_0556,0.690403,calm->aroused,hold,insufficient_v21_evidence,0.760267,hold
"dinov2,public_clean,public_inclusive",Low,content,0,Positive,False,20,0.461739,dinov2,0.513032,1,False,Low,calm,Positive,0.0,0.269726,,True,True,True,track2_0103,0.782758,content->calm,hold,insufficient_v21_evidence,0.758578,hold
"clip,public_clean",Low,calm,0,Positive,False,43,0.419682,clip,0.355697,1,False,Low,content,Positive,0.0,0.419682,,True,True,True,track2_0772,0.775379,calm->content,hold,insufficient_v21_evidence,0.758331,hold
dinov2,Low,content,0,Positive,False,0,0.650911,dinov2,0.783403,1,False,High,happy,Positive,0.0,0.0,,False,False,True,track2_0057,0.783403,content->happy,hold,insufficient_v21_evidence,0.755476,hold
"clip,dinov2",Low,content,0,Positive,False,20,0.362701,"clip,dinov2",0.681989,2,False,Low,calm,Positive,0.0,0.0,,True,True,True,track2_0855,0.681989,content->calm,hold,insufficient_v21_evidence,0.751005,hold
"public_clean,public_inclusive,siglip2",High,alarmed,0,Negative,False,0,0.391269,siglip2,0.436402,1,False,Low,content,Positive,0.0,0.337925,,False,False,False,track2_0732,0.774327,alarmed->content,hold,insufficient_v21_evidence,0.749283,hold
"clip,dinov2",High,alarmed,0,Negative,False,0,0.375444,"clip,dinov2",0.679141,2,False,High,annoyed,Negative,0.0,0.0,,True,True,True,track2_0479,0.679141,alarmed->annoyed,hold,insufficient_v21_evidence,0.749177,hold
"clip,siglip2",Low,bored,0,Negative,False,0,0.328419,"clip,siglip2",0.681851,2,False,Low,calm,Positive,0.0,0.0,,True,False,False,track2_0934,0.681851,bored->calm,hold,insufficient_v21_evidence,0.748125,hold
"clip,dinov2",Low,calm,0,Positive,False,0,0.335357,"clip,dinov2",0.680362,2,False,Low,bored,Negative,0.0,0.0,,True,False,False,track2_0206,0.680362,calm->bored,hold,insufficient_v21_evidence,0.747191,hold
"public_clean,public_inclusive,siglip2",Low,content,0,Positive,False,5,0.385191,siglip2,0.440488,1,False,Low,glad,Positive,0.0,0.33012,,True,True,True,track2_0862,0.770608,content->glad,hold,insufficient_v21_evidence,0.744532,hold
"public_clean,public_inclusive,siglip2",High,annoyed,0,Negative,False,0,0.405892,siglip2,0.348927,1,False,Low,content,Positive,0.0,0.405892,,False,False,False,track2_0573,0.754819,annoyed->content,hold,insufficient_v21_evidence,0.735703,hold
"clip,public_clean",Low,tired,0,Negative,False,0,0.42536,clip,0.446493,1,False,Low,content,Positive,0.0,0.304053,,True,False,False,track2_0037,0.750547,tired->content,hold,insufficient_v21_evidence,0.72586,hold
dinov2,Low,calm,0,Positive,False,0,0.63532,dinov2,0.754172,1,False,Low,sad,Negative,0.0,0.0,,True,False,False,track2_0404,0.754172,calm->sad,hold,insufficient_v21_evidence,0.724998,hold
"public_clean,public_inclusive,siglip2",Low,content,0,Positive,False,0,0.419693,siglip2,0.487571,1,False,High,annoyed,Negative,0.0,0.264058,,False,False,False,track2_0131,0.751629,content->annoyed,hold,insufficient_v21_evidence,0.723688,hold
"clip,dinov2",Low,content,0,Positive,False,20,0.353425,"clip,dinov2",0.651245,2,False,Low,calm,Positive,0.0,0.0,,True,True,True,track2_0448,0.651245,content->calm,hold,insufficient_v21_evidence,0.719519,hold
"clip,dinov2",High,frustrated,0,Negative,False,0,0.328966,"clip,dinov2",0.652455,2,False,Low,tired,Negative,0.0,0.0,,False,False,True,track2_0708,0.652455,frustrated->tired,hold,insufficient_v21_evidence,0.718772,hold
"clip,dinov2",High,frustrated,0,Negative,False,0,0.337771,"clip,dinov2",0.64757,2,False,High,annoyed,Negative,0.0,0.0,,True,True,True,track2_0249,0.64757,frustrated->annoyed,hold,insufficient_v21_evidence,0.714592,hold
dinov2,Low,calm,0,Positive,False,0,0.621727,dinov2,0.740549,1,False,Low,sad,Negative,0.0,0.0,,True,False,False,track2_0128,0.740549,calm->sad,hold,insufficient_v21_evidence,0.710287,hold
"public_clean,public_inclusive,siglip2",High,alarmed,0,Negative,False,0,0.398727,siglip2,0.46551,1,False,Low,sad,Negative,0.0,0.267699,,False,False,True,track2_0176,0.73321,alarmed->sad,hold,insufficient_v21_evidence,0.703847,hold
"dinov2,siglip2",Low,content,0,Positive,False,20,0.333561,"dinov2,siglip2",0.636718,2,False,Low,calm,Positive,0.0,0.0,,True,True,True,track2_0219,0.636718,content->calm,hold,insufficient_v21_evidence,0.703403,hold
"public_clean,public_inclusive,siglip2",Low,sad,0,Negative,False,0,0.359512,siglip2,0.368739,1,False,Low,glad,Positive,0.0,0.359512,,True,False,False,track2_0014,0.728252,sad->glad,hold,insufficient_v21_evidence,0.702179,hold
"public_inclusive,siglip2",Low,content,0,Positive,False,20,0.382312,siglip2,0.386838,1,False,Low,calm,Positive,0.0,0.337415,,True,True,True,track2_0367,0.724253,content->calm,hold,insufficient_v21_evidence,0.698457,hold
clip,Low,calm,0,Positive,False,0,0.602849,clip,0.721572,1,False,Low,sad,Negative,0.0,0.0,,True,False,False,track2_0543,0.721572,calm->sad,hold,insufficient_v21_evidence,0.6898,hold
dinov2,High,alarmed,0,Negative,False,0,0.594274,dinov2,0.715959,1,False,High,happy,Positive,0.0,0.0,,True,False,False,track2_0649,0.715959,alarmed->happy,hold,insufficient_v21_evidence,0.683501,hold
"dinov2,public_clean,public_inclusive",High,aroused,0,Positive,False,0,0.379552,dinov2,0.437026,1,False,High,frustrated,Negative,0.0,0.275602,,True,False,False,track2_0916,0.712627,aroused->frustrated,hold,insufficient_v21_evidence,0.682283,hold
"public_clean,public_inclusive,siglip2",Low,content,0,Positive,False,0,0.395431,siglip2,0.436369,1,False,High,excited,Positive,0.0,0.274627,,False,False,True,track2_0855,0.710996,content->excited,hold,insufficient_v21_evidence,0.681854,hold
"dinov2,siglip2",Low,content,0,Positive,False,0,0.3177,"dinov2,siglip2",0.615403,2,False,High,happy,Positive,0.0,0.0,,False,False,True,track2_0813,0.615403,content->happy,hold,insufficient_v21_evidence,0.680819,hold
"public_clean,public_inclusive,siglip2",Low,sad,0,Negative,False,0,0.348498,siglip2,0.399299,1,False,High,frustrated,Negative,0.0,0.307212,,False,False,True,track2_0750,0.706511,sad->frustrated,hold,insufficient_v21_evidence,0.675896,hold
dinov2,Low,bored,0,Negative,False,0,0.588272,dinov2,0.706979,1,False,High,aroused,Positive,0.0,0.0,,False,False,False,track2_0934,0.706979,bored->aroused,hold,insufficient_v21_evidence,0.674041,hold
"public_clean,public_inclusive,siglip2",High,happy,0,Positive,False,0,0.360165,siglip2,0.371937,1,False,High,annoyed,Negative,0.0,0.328013,,True,False,False,track2_0316,0.69995,happy->annoyed,hold,insufficient_v21_evidence,0.671724,hold
dinov2,Low,tired,0,Negative,False,3,0.585808,dinov2,0.70443,1,False,Low,sad,Negative,0.0,0.0,,True,True,True,track2_0711,0.70443,tired->sad,hold,insufficient_v21_evidence,0.671295,hold
"public_clean,public_inclusive,siglip2",Low,sad,0,Negative,False,0,0.354347,siglip2,0.376703,1,False,Low,content,Positive,0.0,0.323226,,True,False,False,track2_0001,0.699929,sad->content,hold,insufficient_v21_evidence,0.670903,hold
"clip,public_clean,public_inclusive",Low,calm,0,Positive,False,0,0.338676,clip,0.380624,1,False,Low,sad,Negative,0.0,0.318368,,True,False,False,track2_0025,0.698991,calm->sad,hold,insufficient_v21_evidence,0.668371,hold
dinov2,Low,calm,0,Positive,False,0,0.587284,dinov2,0.700353,1,False,Low,bored,Negative,0.0,0.0,,True,False,False,track2_0674,0.700353,calm->bored,hold,insufficient_v21_evidence,0.667336,hold
"public_clean,public_inclusive,siglip2",Low,content,0,Positive,False,0,0.335788,siglip2,0.389687,1,False,Low,bored,Negative,0.0,0.306914,,True,False,False,track2_0973,0.696601,content->bored,hold,insufficient_v21_evidence,0.664948,hold
"public_clean,public_inclusive,siglip2",Low,calm,0,Positive,False,43,0.361339,siglip2,0.408969,1,False,Low,content,Positive,0.0,0.286816,,True,True,True,track2_0360,0.695785,calm->content,hold,insufficient_v21_evidence,0.664769,hold
"public_clean,public_inclusive,siglip2",High,excited,0,Positive,False,0,0.344805,siglip2,0.384978,1,False,Low,bored,Negative,0.0,0.305789,,False,False,False,track2_0554,0.690767,excited->bored,hold,insufficient_v21_evidence,0.659757,hold
"public_clean,public_inclusive,siglip2",Low,tired,0,Negative,False,0,0.357566,siglip2,0.328343,1,False,Low,content,Positive,0.0,0.357566,,True,False,False,track2_0629,0.685909,tired->content,hold,insufficient_v21_evidence,0.659544,hold
"dinov2,public_clean,public_inclusive",High,frustrated,0,Negative,False,0,0.42539,dinov2,0.472191,1,False,High,annoyed,Negative,0.0,0.217555,,True,True,True,track2_0729,0.689746,frustrated->annoyed,hold,insufficient_v21_evidence,0.659006,hold
"public_clean,public_inclusive,siglip2",High,frustrated,0,Negative,False,0,0.33735,siglip2,0.372253,1,False,High,excited,Positive,0.0,0.317189,,True,False,False,track2_0486,0.689442,frustrated->excited,hold,insufficient_v21_evidence,0.658633,hold
"public_clean,public_inclusive,siglip2",High,alarmed,0,Negative,False,0,0.375455,siglip2,0.42784,1,False,Low,sad,Negative,0.0,0.261397,,False,False,True,track2_0989,0.689237,alarmed->sad,hold,insufficient_v21_evidence,0.657571,hold
"clip,public_clean,public_inclusive",Low,calm,0,Positive,False,0,0.412706,clip,0.473641,1,False,High,frustrated,Negative,0.0,0.215708,,False,False,False,track2_0556,0.689349,calm->frustrated,hold,insufficient_v21_evidence,0.657465,hold
dinov2,High,aroused,0,Positive,False,1,0.572724,dinov2,0.689145,1,False,High,excited,Positive,0.0,0.0,,True,True,True,track2_0542,0.689145,aroused->excited,hold,insufficient_v21_evidence,0.654963,hold
"dinov2,public_clean,public_inclusive",Low,sad,0,Negative,False,0,0.369912,dinov2,0.393762,1,False,High,aroused,Positive,0.0,0.28302,,False,False,False,track2_0235,0.676782,sad->aroused,hold,insufficient_v21_evidence,0.646186,hold
dinov2,Low,calm,0,Positive,False,0,0.589766,dinov2,0.67164,1,False,Low,bored,Negative,0.0,0.0,,True,False,False,track2_0465,0.67164,calm->bored,hold,insufficient_v21_evidence,0.638821,hold
"public_clean,public_inclusive,siglip2",Low,content,0,Positive,False,0,0.315872,siglip2,0.354205,1,False,High,excited,Positive,0.0,0.315872,,False,False,True,track2_0628,0.670077,content->excited,hold,insufficient_v21_evidence,0.637458,hold
"public_clean,public_inclusive,siglip2",High,alarmed,0,Negative,False,0,0.336294,siglip2,0.365385,1,False,Low,bored,Negative,0.0,0.303346,,False,False,True,track2_0582,0.668732,alarmed->bored,hold,insufficient_v21_evidence,0.63687,hold
dinov2,Low,sad,0,Negative,False,0,0.55763,dinov2,0.672103,1,False,High,happy,Positive,0.0,0.0,,False,False,False,track2_0717,0.672103,sad->happy,hold,insufficient_v21_evidence,0.636713,hold
"clip,siglip2",Low,calm,0,Positive,False,0,0.325571,"clip,siglip2",0.567614,2,False,Low,bored,Negative,0.0,0.0,,True,False,False,track2_0383,0.567614,calm->bored,hold,insufficient_v21_evidence,0.63366,hold
dinov2,Low,bored,0,Negative,False,0,0.555592,dinov2,0.662388,1,False,High,aroused,Positive,0.0,0.0,,False,False,False,track2_0071,0.662388,bored->aroused,hold,insufficient_v21_evidence,0.626835,hold
"clip,dinov2",Low,content,0,Positive,False,0,0.295975,"clip,dinov2",0.562145,2,False,High,annoyed,Negative,0.0,0.0,,False,False,False,track2_0004,0.562145,content->annoyed,hold,insufficient_v21_evidence,0.625823,hold
"public_clean,siglip2",Low,calm,0,Positive,False,0,0.347566,siglip2,0.354072,1,False,High,happy,Positive,0.0,0.301067,,False,False,True,track2_0171,0.655139,calm->happy,hold,insufficient_v21_evidence,0.624019,hold
"dinov2,public_clean",High,alarmed,0,Negative,False,0,0.375793,dinov2,0.271536,1,False,Low,content,Positive,0.0,0.375793,,False,False,False,track2_0425,0.647329,alarmed->content,hold,insufficient_v21_evidence,0.623698,hold
"public_clean,public_inclusive,siglip2",Low,calm,0,Positive,False,0,0.318962,siglip2,0.365941,1,False,High,frustrated,Negative,0.0,0.290553,,False,False,False,track2_0108,0.656494,calm->frustrated,hold,insufficient_v21_evidence,0.62235,hold
"clip,dinov2",Low,calm,0,Positive,False,0,0.269611,"clip,dinov2",0.560458,2,False,High,annoyed,Negative,0.0,0.0,,False,False,False,track2_0730,0.560458,calm->annoyed,hold,insufficient_v21_evidence,0.622027,hold
"clip,public_clean",Low,content,0,Positive,False,0,0.363517,clip,0.391073,1,False,High,happy,Positive,0.0,0.262744,,False,False,True,track2_0439,0.653817,content->happy,hold,insufficient_v21_evidence,0.62129,hold
"public_clean,public_inclusive,siglip2",High,aroused,0,Positive,False,0,0.34849,siglip2,0.388911,1,False,High,frustrated,Negative,0.0,0.264141,,True,False,False,track2_0983,0.653052,aroused->frustrated,hold,insufficient_v21_evidence,0.619421,hold
dinov2,High,excited,0,Positive,False,0,0.571104,dinov2,0.647596,1,False,Low,calm,Positive,0.0,0.0,,False,False,True,track2_0488,0.647596,excited->calm,hold,insufficient_v21_evidence,0.613284,hold
"public_clean,siglip2",Low,content,0,Positive,False,0,0.325667,siglip2,0.326413,1,False,High,happy,Positive,0.0,0.318268,,False,False,True,track2_0739,0.644681,content->happy,hold,insufficient_v21_evidence,0.613013,hold
dinov2,Low,calm,0,Positive,False,0,0.54804,dinov2,0.643275,1,False,Low,sad,Negative,0.0,0.0,,True,False,False,track2_0159,0.643275,calm->sad,hold,insufficient_v21_evidence,0.607118,hold
"public_clean,public_inclusive,siglip2",High,alarmed,0,Negative,False,0,0.328778,siglip2,0.361027,1,False,High,annoyed,Negative,0.0,0.280161,,True,True,True,track2_0132,0.641188,alarmed->annoyed,hold,insufficient_v21_evidence,0.607102,hold
dinov2,High,frustrated,0,Negative,False,0,0.543822,dinov2,0.642245,1,False,High,aroused,Positive,0.0,0.0,,True,False,False,track2_0486,0.642245,frustrated->aroused,hold,insufficient_v21_evidence,0.605751,hold
"public_clean,public_inclusive,siglip2",High,alarmed,0,Negative,False,0,0.321902,siglip2,0.363067,1,False,Low,sad,Negative,0.0,0.276377,,False,False,True,track2_0565,0.639444,alarmed->sad,hold,insufficient_v21_evidence,0.604543,hold
"public_clean,public_inclusive,siglip2",Low,glad,0,Positive,False,4,0.330368,siglip2,0.348547,1,False,Low,content,Positive,0.0,0.287692,,True,True,True,track2_0237,0.636239,glad->content,hold,insufficient_v21_evidence,0.602807,hold
"clip,dinov2",High,alarmed,0,Negative,False,0,0.274532,"clip,dinov2",0.538451,2,False,High,frustrated,Negative,0.0,0.0,,True,True,True,track2_0582,0.538451,alarmed->frustrated,hold,insufficient_v21_evidence,0.600414,hold
clip,High,frustrated,0,Negative,False,0,0.538276,clip,0.634168,1,False,High,annoyed,Negative,0.0,0.0,,True,True,True,track2_0767,0.634168,frustrated->annoyed,hold,insufficient_v21_evidence,0.59723,hold
dinov2,Low,content,0,Positive,False,0,0.548575,dinov2,0.631735,1,False,Low,bored,Negative,0.0,0.0,,True,False,False,track2_0756,0.631735,content->bored,hold,insufficient_v21_evidence,0.595621,hold
dinov2,Low,sad,0,Negative,False,0,0.53423,dinov2,0.631574,1,False,High,aroused,Positive,0.0,0.0,,False,False,False,track2_0508,0.631574,sad->aroused,hold,insufficient_v21_evidence,0.594312,hold
dinov2,High,aroused,0,Positive,False,0,0.521992,dinov2,0.626312,1,False,High,frustrated,Negative,0.0,0.0,,True,False,False,track2_0394,0.626312,aroused->frustrated,hold,insufficient_v21_evidence,0.588071,hold
dinov2,Low,calm,0,Positive,False,0,0.524842,dinov2,0.623094,1,False,High,aroused,Positive,0.0,0.0,,False,False,True,track2_0228,0.623094,calm->aroused,hold,insufficient_v21_evidence,0.585081,hold
"public_clean,public_inclusive,siglip2",Low,tired,0,Negative,False,0,0.329018,siglip2,0.350371,1,False,High,frustrated,Negative,0.0,0.267286,,False,False,True,track2_0048,0.617657,tired->frustrated,hold,insufficient_v21_evidence,0.582688,hold
dinov2,High,frustrated,0,Negative,False,0,0.525214,dinov2,0.619887,1,False,Low,bored,Negative,0.0,0.0,,False,False,True,track2_0774,0.619887,frustrated->bored,hold,insufficient_v21_evidence,0.581904,hold
"public_clean,public_inclusive,siglip2",Low,calm,0,Positive,False,43,0.330462,siglip2,0.371697,1,False,Low,content,Positive,0.0,0.243475,,True,True,True,track2_0227,0.615172,calm->content,hold,insufficient_v21_evidence,0.578652,hold
"public_clean,public_inclusive,siglip2",High,frustrated,0,Negative,False,0,0.302012,siglip2,0.324829,1,False,Low,sad,Negative,0.0,0.287233,,False,False,True,track2_0245,0.612062,frustrated->sad,hold,insufficient_v21_evidence,0.576329,hold
dinov2,Low,content,0,Positive,False,20,0.560184,dinov2,0.610434,1,False,Low,calm,Positive,0.0,0.0,,True,True,True,track2_0755,0.610434,content->calm,hold,insufficient_v21_evidence,0.575249,hold
"public_clean,public_inclusive,siglip2",High,frustrated,0,Negative,False,0,0.317455,siglip2,0.337526,1,False,High,excited,Positive,0.0,0.265564,,True,False,False,track2_0114,0.60309,frustrated->excited,hold,insufficient_v21_evidence,0.567076,hold
dinov2,Low,sad,0,Negative,False,0,0.524513,dinov2,0.602243,1,False,High,alarmed,Negative,0.0,0.0,,False,False,True,track2_0533,0.602243,sad->alarmed,hold,insufficient_v21_evidence,0.564204,hold
"clip,public_clean,public_inclusive",High,aroused,0,Positive,False,1,0.314059,clip,0.350423,1,False,High,excited,Positive,0.0,0.247956,,True,True,True,track2_0095,0.598379,aroused->excited,hold,insufficient_v21_evidence,0.560861,hold
"dinov2,public_clean",Low,calm,0,Positive,False,0,0.364822,dinov2,0.415497,1,False,High,aroused,Positive,0.0,0.182496,,False,False,True,track2_0462,0.597993,calm->aroused,hold,insufficient_v21_evidence,0.559953,hold
dinov2,High,frustrated,0,Negative,False,0,0.535265,dinov2,0.596388,1,False,High,annoyed,Negative,0.0,0.0,,True,True,True,track2_0170,0.596388,frustrated->annoyed,hold,insufficient_v21_evidence,0.559209,hold
"public_clean,public_inclusive,siglip2",Low,sad,0,Negative,False,0,0.306404,siglip2,0.324968,1,False,High,frustrated,Negative,0.0,0.26937,,False,False,True,track2_0693,0.594337,sad->frustrated,hold,insufficient_v21_evidence,0.557705,hold
"public_clean,public_inclusive,siglip2",High,frustrated,0,Negative,False,0,0.324003,siglip2,0.348985,1,False,High,excited,Positive,0.0,0.244598,,True,False,False,track2_0574,0.593583,frustrated->excited,hold,insufficient_v21_evidence,0.556625,hold
"public_inclusive,siglip2",Low,tired,0,Negative,False,3,0.306929,siglip2,0.31227,1,False,Low,sad,Negative,0.0,0.279987,,True,True,True,track2_0037,0.592257,tired->sad,hold,insufficient_v21_evidence,0.55641,hold
"public_clean,public_inclusive,siglip2",Low,sad,0,Negative,False,0,0.295043,siglip2,0.297068,1,False,Low,content,Positive,0.0,0.295043,,True,False,False,track2_0435,0.592111,sad->content,hold,insufficient_v21_evidence,0.556367,hold
"public_clean,public_inclusive,siglip2",Low,calm,0,Positive,False,0,0.329836,siglip2,0.379885,1,False,High,aroused,Positive,0.0,0.214714,,False,False,True,track2_0375,0.594599,calm->aroused,hold,insufficient_v21_evidence,0.556016,hold
clip,Low,content,0,Positive,False,5,0.52652,clip,0.587136,1,False,Low,glad,Positive,0.0,0.0,,True,True,True,track2_0434,0.587136,content->glad,hold,insufficient_v21_evidence,0.549258,hold
dinov2,High,frustrated,0,Negative,False,0,0.498968,dinov2,0.583147,1,False,High,aroused,Positive,0.0,0.0,,True,False,False,track2_0981,0.583147,frustrated->aroused,hold,insufficient_v21_evidence,0.543064,hold
dinov2,Low,content,0,Positive,False,0,0.511534,dinov2,0.580196,1,False,High,happy,Positive,0.0,0.0,,False,False,True,track2_0258,0.580196,content->happy,hold,insufficient_v21_evidence,0.541119,hold
clip,Low,calm,0,Positive,False,43,0.50638,clip,0.578857,1,False,Low,content,Positive,0.0,0.0,,True,True,True,track2_0985,0.578857,calm->content,hold,insufficient_v21_evidence,0.539367,hold
dinov2,Low,content,0,Positive,False,20,0.539795,dinov2,0.573878,1,False,Low,calm,Positive,0.0,0.0,,True,True,True,track2_0634,0.573878,content->calm,hold,insufficient_v21_evidence,0.537062,hold
clip,Low,calm,0,Positive,False,43,0.541152,clip,0.569261,1,False,Low,content,Positive,0.0,0.0,,True,True,True,track2_0886,0.569261,calm->content,hold,insufficient_v21_evidence,0.532553,hold
dinov2,Low,calm,0,Positive,False,0,0.50176,dinov2,0.570064,1,False,High,alarmed,Negative,0.0,0.0,,False,False,False,track2_0887,0.570064,calm->alarmed,hold,insufficient_v21_evidence,0.530205,hold
dinov2,Low,calm,0,Positive,False,0,0.482489,dinov2,0.569496,1,False,High,aroused,Positive,0.0,0.0,,False,False,True,track2_0625,0.569496,calm->aroused,hold,insufficient_v21_evidence,0.528095,hold
"public_clean,public_inclusive,siglip2",Low,content,0,Positive,False,0,0.295894,siglip2,0.333306,1,False,High,annoyed,Negative,0.0,0.233813,,False,False,False,track2_0012,0.567119,content->annoyed,hold,insufficient_v21_evidence,0.527157,hold
"public_clean,public_inclusive,siglip2",High,frustrated,0,Negative,False,0,0.306393,siglip2,0.309195,1,False,High,aroused,Positive,0.0,0.255101,,True,False,False,track2_0192,0.564296,frustrated->aroused,hold,insufficient_v21_evidence,0.526665,hold
dinov2,Low,calm,0,Positive,False,43,0.536171,dinov2,0.563256,1,False,Low,content,Positive,0.0,0.0,,True,True,True,track2_0530,0.563256,calm->content,hold,insufficient_v21_evidence,0.52615,hold
"public_clean,siglip2",High,annoyed,0,Negative,False,0,0.338451,siglip2,0.376317,1,False,High,happy,Positive,0.0,0.188868,,True,False,False,track2_0623,0.565185,annoyed->happy,hold,insufficient_v21_evidence,0.525482,hold
dinov2,Low,calm,0,Positive,False,43,0.505515,dinov2,0.56432,1,False,Low,content,Positive,0.0,0.0,,True,True,True,track2_0160,0.56432,calm->content,hold,insufficient_v21_evidence,0.524761,hold
"public_clean,public_inclusive,siglip2",Low,calm,0,Positive,False,0,0.273515,siglip2,0.289399,1,False,Low,bored,Negative,0.0,0.273515,,True,False,False,track2_0535,0.562914,calm->bored,hold,insufficient_v21_evidence,0.523941,hold
clip,Low,content,0,Positive,False,20,0.52843,clip,0.561153,1,False,Low,calm,Positive,0.0,0.0,,True,True,True,track2_0662,0.561153,content->calm,hold,insufficient_v21_evidence,0.523427,hold
"dinov2,public_clean,public_inclusive",High,frustrated,0,Negative,False,0,0.311528,dinov2,0.326882,1,False,Low,bored,Negative,0.0,0.234351,,False,False,True,track2_0499,0.561233,frustrated->bored,hold,insufficient_v21_evidence,0.52256,hold
dinov2,Low,calm,0,Positive,False,43,0.533583,dinov2,0.559496,1,False,Low,content,Positive,0.0,0.0,,True,True,True,track2_0709,0.559496,calm->content,hold,insufficient_v21_evidence,0.522183,hold
dinov2,Low,content,0,Positive,False,20,0.523021,dinov2,0.559774,1,False,Low,calm,Positive,0.0,0.0,,True,True,True,track2_0604,0.559774,content->calm,hold,insufficient_v21_evidence,0.521616,hold
dinov2,Low,content,0,Positive,False,20,0.511389,dinov2,0.559914,1,False,Low,calm,Positive,0.0,0.0,,True,True,True,track2_0022,0.559914,content->calm,hold,insufficient_v21_evidence,0.520825,hold
clip,Low,content,0,Positive,False,20,0.531234,clip,0.556237,1,False,Low,calm,Positive,0.0,0.0,,True,True,True,track2_0513,0.556237,content->calm,hold,insufficient_v21_evidence,0.518736,hold
"clip,public_clean",High,annoyed,0,Negative,False,0,0.343853,clip,0.195617,1,False,Low,content,Positive,0.0,0.343853,,False,False,False,track2_0531,0.53947,annoyed->content,hold,insufficient_v21_evidence,0.511048,hold
dinov2,Low,calm,0,Positive,False,0,0.483584,dinov2,0.551416,1,False,Low,sad,Negative,0.0,0.0,,True,False,False,track2_0472,0.551416,calm->sad,hold,insufficient_v21_evidence,0.510103,hold
clip,Low,content,0,Positive,False,5,0.484595,clip,0.54797,1,False,Low,glad,Positive,0.0,0.0,,True,True,True,track2_0604,0.54797,content->glad,hold,insufficient_v21_evidence,0.506738,hold
dinov2,High,frustrated,0,Negative,False,0,0.466538,dinov2,0.548397,1,False,High,annoyed,Negative,0.0,0.0,,True,True,True,track2_0839,0.548397,frustrated->annoyed,hold,insufficient_v21_evidence,0.50572,hold
dinov2,Low,tired,0,Negative,False,3,0.477076,dinov2,0.54509,1,False,Low,sad,Negative,0.0,0.0,,True,True,True,track2_0048,0.54509,tired->sad,hold,insufficient_v21_evidence,0.503256,hold
dinov2,Low,calm,0,Positive,False,43,0.488009,dinov2,0.543095,1,False,Low,content,Positive,0.0,0.0,,True,True,True,track2_0612,0.543095,calm->content,hold,insufficient_v21_evidence,0.502136,hold
dinov2,Low,content,0,Positive,False,0,0.480396,dinov2,0.543278,1,False,Low,bored,Negative,0.0,0.0,,True,False,False,track2_0844,0.543278,content->bored,hold,insufficient_v21_evidence,0.50171,hold
clip,Low,calm,0,Positive,False,0,0.469607,clip,0.54363,1,False,Low,tired,Negative,0.0,0.0,,True,False,False,track2_0535,0.54363,calm->tired,hold,insufficient_v21_evidence,0.501199,hold
clip,Low,sad,0,Negative,False,0,0.484885,clip,0.536064,1,False,Low,bored,Negative,0.0,0.0,,True,True,True,track2_0811,0.536064,sad->bored,hold,insufficient_v21_evidence,0.494855,hold
"public_clean,public_inclusive,siglip2",Low,calm,0,Positive,False,0,0.286036,siglip2,0.290379,1,False,Low,sad,Negative,0.0,0.244436,,True,False,False,track2_0985,0.534815,calm->sad,hold,insufficient_v21_evidence,0.494808,hold
dinov2,Low,calm,0,Positive,False,43,0.517912,dinov2,0.533373,1,False,Low,content,Positive,0.0,0.0,,True,True,True,track2_0260,0.533373,calm->content,hold,insufficient_v21_evidence,0.494806,hold
"public_clean,public_inclusive,siglip2",High,alarmed,0,Negative,False,0,0.262681,siglip2,0.271994,1,False,High,excited,Positive,0.0,0.262681,,True,False,False,track2_0661,0.534675,alarmed->excited,hold,insufficient_v21_evidence,0.494077,hold
dinov2,High,alarmed,0,Negative,False,0,0.450504,dinov2,0.534212,1,False,Low,calm,Positive,0.0,0.0,,False,False,False,track2_0536,0.534212,alarmed->calm,hold,insufficient_v21_evidence,0.490252,hold
"public_clean,public_inclusive,siglip2",High,alarmed,0,Negative,False,0,0.270376,siglip2,0.259205,1,False,Low,bored,Negative,0.0,0.270376,,False,False,True,track2_0480,0.529581,alarmed->bored,hold,insufficient_v21_evidence,0.490137,hold
"public_clean,public_inclusive,siglip2",High,annoyed,0,Negative,False,0,0.264294,siglip2,0.266085,1,False,Low,content,Positive,0.0,0.264294,,False,False,False,track2_0801,0.530379,annoyed->content,hold,insufficient_v21_evidence,0.490023,hold
"public_clean,siglip2",High,aroused,0,Positive,False,0,0.302253,siglip2,0.329632,1,False,Low,bored,Negative,0.0,0.201622,,False,False,False,track2_0733,0.531254,aroused->bored,hold,insufficient_v21_evidence,0.489548,hold
dinov2,Low,bored,0,Negative,False,0,0.49761,dinov2,0.529408,1,False,Low,tired,Negative,0.0,0.0,,True,True,True,track2_0919,0.529408,bored->tired,hold,insufficient_v21_evidence,0.489217,hold
siglip2,Low,calm,0,Positive,False,43,0.51545,siglip2,0.526179,1,False,Low,content,Positive,0.0,0.0,,True,True,True,track2_0920,0.526179,calm->content,hold,insufficient_v21_evidence,0.487415,hold
dinov2,Low,calm,0,Positive,False,43,0.508579,dinov2,0.522507,1,False,Low,content,Positive,0.0,0.0,,True,True,True,track2_0047,0.522507,calm->content,hold,insufficient_v21_evidence,0.483193,hold
dinov2,Low,calm,0,Positive,False,43,0.488991,dinov2,0.522948,1,False,Low,content,Positive,0.0,0.0,,True,True,True,track2_0485,0.522948,calm->content,hold,insufficient_v21_evidence,0.482067,hold
clip,Low,content,0,Positive,False,20,0.495091,clip,0.521573,1,False,Low,calm,Positive,0.0,0.0,,True,True,True,track2_0049,0.521573,content->calm,hold,insufficient_v21_evidence,0.48118,hold
dinov2,Low,content,0,Positive,False,20,0.506516,dinov2,0.520244,1,False,Low,calm,Positive,0.0,0.0,,True,True,True,track2_0067,0.520244,content->calm,hold,insufficient_v21_evidence,0.480765,hold
dinov2,High,frustrated,0,Negative,False,0,0.468957,dinov2,0.522253,1,False,High,excited,Positive,0.0,0.0,,True,False,False,track2_0828,0.522253,frustrated->excited,hold,insufficient_v21_evidence,0.47977,hold
dinov2,High,frustrated,0,Negative,False,0,0.447253,dinov2,0.523062,1,False,High,excited,Positive,0.0,0.0,,True,False,False,track2_0039,0.523062,frustrated->excited,hold,insufficient_v21_evidence,0.478842,hold
dinov2,Low,content,0,Positive,False,0,0.454675,dinov2,0.522309,1,False,Low,bored,Negative,0.0,0.0,,True,False,False,track2_0843,0.522309,content->bored,hold,insufficient_v21_evidence,0.478683,hold
dinov2,Low,calm,0,Positive,False,0,0.458991,dinov2,0.521315,1,False,Low,bored,Negative,0.0,0.0,,True,False,False,track2_0805,0.521315,calm->bored,hold,insufficient_v21_evidence,0.478034,hold
"public_clean,public_inclusive,siglip2",Low,content,0,Positive,False,0,0.285752,siglip2,0.228274,1,False,Low,tired,Negative,0.0,0.285752,,True,False,False,track2_0317,0.514026,content->tired,hold,insufficient_v21_evidence,0.476889,hold
dinov2,Low,content,0,Positive,False,20,0.469731,dinov2,0.518629,1,False,Low,calm,Positive,0.0,0.0,,True,True,True,track2_0581,0.518629,content->calm,hold,insufficient_v21_evidence,0.476207,hold
clip,Low,content,0,Positive,False,20,0.489219,clip,0.511817,1,False,Low,calm,Positive,0.0,0.0,,True,True,True,track2_0181,0.511817,content->calm,hold,insufficient_v21_evidence,0.470955,hold
dinov2,Low,calm,0,Positive,False,43,0.485001,dinov2,0.509419,1,False,Low,content,Positive,0.0,0.0,,True,True,True,track2_0845,0.509419,calm->content,hold,insufficient_v21_evidence,0.468219,hold
dinov2,Low,content,0,Positive,False,20,0.488774,dinov2,0.508919,1,False,Low,calm,Positive,0.0,0.0,,True,True,True,track2_0290,0.508919,content->calm,hold,insufficient_v21_evidence,0.468021,hold
"clip,dinov2",High,alarmed,0,Negative,False,0,0.214834,"clip,dinov2",0.408948,2,False,High,excited,Positive,0.0,0.0,,True,False,False,track2_0378,0.408948,alarmed->excited,hold,insufficient_v21_evidence,0.466135,hold
dinov2,Low,tired,0,Negative,False,3,0.445266,dinov2,0.510382,1,False,Low,sad,Negative,0.0,0.0,,True,True,True,track2_0629,0.510382,tired->sad,hold,insufficient_v21_evidence,0.466003,hold
clip,Low,tired,0,Negative,False,0,0.432374,clip,0.508538,1,False,Low,bored,Negative,0.0,0.0,,True,True,True,track2_0331,0.508538,tired->bored,hold,insufficient_v21_evidence,0.463128,hold
clip,Low,content,0,Positive,False,20,0.495364,clip,0.502958,1,False,Low,calm,Positive,0.0,0.0,,True,True,True,track2_0058,0.502958,content->calm,hold,insufficient_v21_evidence,0.462587,hold
dinov2,High,annoyed,0,Negative,False,0,0.446155,dinov2,0.506279,1,False,High,excited,Positive,0.0,0.0,,True,False,False,track2_0670,0.506279,annoyed->excited,hold,insufficient_v21_evidence,0.461971,hold
clip,Low,content,0,Positive,False,20,0.488643,clip,0.502729,1,False,Low,calm,Positive,0.0,0.0,,True,True,True,track2_0355,0.502729,content->calm,hold,insufficient_v21_evidence,0.46182,hold
dinov2,Low,content,0,Positive,False,20,0.481551,dinov2,0.503267,1,False,Low,calm,Positive,0.0,0.0,,True,True,True,track2_0614,0.503267,content->calm,hold,insufficient_v21_evidence,0.461791,hold
siglip2,Low,tired,0,Negative,False,0,0.492131,siglip2,0.502153,1,False,Low,content,Positive,0.0,0.0,,True,False,False,track2_0150,0.502153,tired->content,hold,insufficient_v21_evidence,0.461523,hold
"clip,public_clean,public_inclusive",Low,calm,0,Positive,False,43,0.266216,clip,0.280183,1,False,Low,content,Positive,0.0,0.224144,,True,True,True,track2_0991,0.504327,calm->content,hold,insufficient_v21_evidence,0.461314,hold
dinov2,Low,tired,0,Negative,False,0,0.448293,dinov2,0.501243,1,False,Low,calm,Positive,0.0,0.0,,True,False,False,track2_0175,0.501243,tired->calm,hold,insufficient_v21_evidence,0.457106,hold
clip,Low,sad,0,Negative,False,0,0.477998,clip,0.494461,1,False,Low,calm,Positive,0.0,0.0,,True,False,False,track2_0014,0.494461,sad->calm,hold,insufficient_v21_evidence,0.452701,hold
clip,Low,calm,0,Positive,False,0,0.424573,clip,0.498161,1,False,Low,bored,Negative,0.0,0.0,,True,False,False,track2_0462,0.498161,calm->bored,hold,insufficient_v21_evidence,0.452127,hold
dinov2,Low,content,0,Positive,False,0,0.425538,dinov2,0.497348,1,False,High,aroused,Positive,0.0,0.0,,False,False,True,track2_0308,0.497348,content->aroused,hold,insufficient_v21_evidence,0.451391,hold
clip,Low,content,0,Positive,False,0,0.445602,clip,0.49476,1,False,Low,bored,Negative,0.0,0.0,,True,False,False,track2_0370,0.49476,content->bored,hold,insufficient_v21_evidence,0.450408,hold
dinov2,Low,sad,0,Negative,False,0,0.446962,dinov2,0.493597,1,False,Low,content,Positive,0.0,0.0,,True,False,False,track2_0014,0.493597,sad->content,hold,insufficient_v21_evidence,0.449354,hold
dinov2,Low,calm,0,Positive,False,0,0.438318,dinov2,0.492847,1,False,Low,bored,Negative,0.0,0.0,,True,False,False,track2_0824,0.492847,calm->bored,hold,insufficient_v21_evidence,0.447912,hold
dinov2,High,frustrated,0,Negative,False,0,0.438185,dinov2,0.491325,1,False,Low,tired,Negative,0.0,0.0,,False,False,True,track2_0579,0.491325,frustrated->tired,hold,insufficient_v21_evidence,0.44638,hold
clip,Low,calm,0,Positive,False,43,0.46775,clip,0.487876,1,False,Low,content,Positive,0.0,0.0,,True,True,True,track2_0257,0.487876,calm->content,hold,insufficient_v21_evidence,0.445296,hold
"public_clean,public_inclusive,siglip2",High,alarmed,0,Negative,False,0,0.253256,siglip2,0.275857,1,False,High,frustrated,Negative,0.0,0.213532,,True,True,True,track2_0799,0.489389,alarmed->frustrated,hold,insufficient_v21_evidence,0.444597,hold
dinov2,Low,tired,0,Negative,False,0,0.438406,dinov2,0.488457,1,False,High,aroused,Positive,0.0,0.0,,False,False,False,track2_0694,0.488457,tired->aroused,hold,insufficient_v21_evidence,0.443529,hold
dinov2,Low,content,0,Positive,False,0,0.414777,dinov2,0.488832,1,False,High,aroused,Positive,0.0,0.0,,False,False,True,track2_0282,0.488832,content->aroused,hold,insufficient_v21_evidence,0.442014,hold
clip,High,excited,0,Positive,False,0,0.457198,clip,0.485381,1,False,Low,glad,Positive,0.0,0.0,,False,False,True,track2_0263,0.485381,excited->glad,hold,insufficient_v21_evidence,0.441957,hold
siglip2,Low,content,0,Positive,False,0,0.442883,siglip2,0.484897,1,False,Low,tired,Negative,0.0,0.0,,True,False,False,track2_0630,0.484897,content->tired,hold,insufficient_v21_evidence,0.440328,hold
dinov2,Low,calm,0,Positive,False,0,0.43657,dinov2,0.483864,1,False,Low,tired,Negative,0.0,0.0,,True,False,False,track2_0894,0.483864,calm->tired,hold,insufficient_v21_evidence,0.43879,hold
dinov2,High,alarmed,0,Negative,False,0,0.435049,dinov2,0.479964,1,False,Low,bored,Negative,0.0,0.0,,False,False,True,track2_0106,0.479964,alarmed->bored,hold,insufficient_v21_evidence,0.434768,hold
clip,Low,content,0,Positive,False,20,0.462507,clip,0.473942,1,False,Low,calm,Positive,0.0,0.0,,True,True,True,track2_0428,0.473942,content->calm,hold,insufficient_v21_evidence,0.430943,hold
"public_clean,public_inclusive,siglip2",High,aroused,0,Positive,False,0,0.236635,siglip2,0.244367,1,False,Low,content,Positive,0.0,0.23116,,False,False,True,track2_0372,0.475527,aroused->content,hold,insufficient_v21_evidence,0.430639,hold
"clip,public_clean,public_inclusive",High,frustrated,0,Negative,False,0,0.265176,clip,0.288821,1,False,Low,bored,Negative,0.0,0.187321,,False,False,True,track2_0041,0.476142,frustrated->bored,hold,insufficient_v21_evidence,0.430469,hold
"public_inclusive,siglip2",Low,calm,0,Positive,False,0,0.251774,siglip2,0.277979,1,False,High,excited,Positive,0.0,0.197185,,False,False,True,track2_0462,0.475164,calm->excited,hold,insufficient_v21_evidence,0.429109,hold
clip,Low,sad,0,Negative,False,0,0.43758,clip,0.473898,1,False,High,alarmed,Negative,0.0,0.0,,False,False,True,track2_0804,0.473898,sad->alarmed,hold,insufficient_v21_evidence,0.428904,hold
"public_inclusive,siglip2",High,alarmed,0,Negative,False,0,0.25624,siglip2,0.283174,1,False,High,annoyed,Negative,0.0,0.191719,,True,True,True,track2_0423,0.474893,alarmed->annoyed,hold,insufficient_v21_evidence,0.428813,hold
dinov2,High,annoyed,0,Negative,False,0,0.436251,dinov2,0.473126,1,False,Low,calm,Positive,0.0,0.0,,False,False,False,track2_0187,0.473126,annoyed->calm,hold,insufficient_v21_evidence,0.428026,hold
clip,Low,content,0,Positive,False,5,0.428052,clip,0.469503,1,False,Low,glad,Positive,0.0,0.0,,True,True,True,track2_0057,0.469503,content->glad,hold,insufficient_v21_evidence,0.423747,hold
dinov2,Low,calm,0,Positive,False,0,0.416779,dinov2,0.467655,1,False,High,aroused,Positive,0.0,0.0,,False,False,True,track2_0386,0.467655,calm->aroused,hold,insufficient_v21_evidence,0.420997,hold
dinov2,Low,calm,0,Positive,False,43,0.460274,dinov2,0.461449,1,False,Low,content,Positive,0.0,0.0,,True,True,True,track2_0776,0.461449,calm->content,hold,insufficient_v21_evidence,0.418271,hold
clip,High,excited,0,Positive,False,1,0.419733,clip,0.462192,1,False,High,happy,Positive,0.0,0.0,,True,True,True,track2_0366,0.462192,excited->happy,hold,insufficient_v21_evidence,0.415771,hold
siglip2,Low,bored,0,Negative,False,0,0.404712,siglip2,0.462215,1,False,Low,tired,Negative,0.0,0.0,,True,True,True,track2_0273,0.462215,bored->tired,hold,insufficient_v21_evidence,0.414592,hold
clip,Low,content,0,Positive,False,20,0.456804,clip,0.457762,1,False,Low,calm,Positive,0.0,0.0,,True,True,True,track2_0931,0.457762,content->calm,hold,insufficient_v21_evidence,0.414306,hold
"public_clean,public_inclusive,siglip2",High,frustrated,0,Negative,False,0,0.232466,siglip2,0.233062,1,False,High,annoyed,Negative,0.0,0.226638,,True,True,True,track2_0440,0.4597,frustrated->annoyed,hold,insufficient_v21_evidence,0.414162,hold
clip,High,frustrated,0,Negative,False,0,0.3969,clip,0.46236,1,False,High,aroused,Positive,0.0,0.0,,True,False,False,track2_0520,0.46236,frustrated->aroused,hold,insufficient_v21_evidence,0.414112,hold
dinov2,Low,sad,0,Negative,False,0,0.412776,dinov2,0.460022,1,False,High,aroused,Positive,0.0,0.0,,False,False,False,track2_0226,0.460022,sad->aroused,hold,insufficient_v21_evidence,0.413044,hold
dinov2,Low,calm,0,Positive,False,0,0.402006,dinov2,0.459791,1,False,Low,sad,Negative,0.0,0.0,,True,False,False,track2_0954,0.459791,calm->sad,hold,insufficient_v21_evidence,0.411951,hold
dinov2,Low,calm,0,Positive,False,0,0.400341,dinov2,0.458086,1,False,Low,tired,Negative,0.0,0.0,,True,False,False,track2_0227,0.458086,calm->tired,hold,insufficient_v21_evidence,0.410113,hold
"public_clean,public_inclusive",Low,calm,0,Positive,False,43,0.52839,,0.0,0,False,Low,content,Positive,0.0,0.52839,,True,True,True,track2_0405,0.52839,calm->content,hold,insufficient_v21_evidence,0.407649,hold
clip,Low,content,0,Positive,False,20,0.407741,clip,0.45368,1,False,Low,calm,Positive,0.0,0.0,,True,True,True,track2_0973,0.45368,content->calm,hold,insufficient_v21_evidence,0.406299,hold
dinov2,Low,tired,0,Negative,False,0,0.42407,dinov2,0.451833,1,False,High,happy,Positive,0.0,0.0,,False,False,False,track2_0349,0.451833,tired->happy,hold,insufficient_v21_evidence,0.405759,hold
"public_clean,public_inclusive,siglip2",High,frustrated,0,Negative,False,0,0.232281,siglip2,0.236404,1,False,High,alarmed,Negative,0.0,0.215186,,True,True,True,track2_0223,0.45159,frustrated->alarmed,hold,insufficient_v21_evidence,0.405236,hold
"public_clean,public_inclusive,siglip2",High,aroused,0,Positive,False,0,0.231954,siglip2,0.240041,1,False,Low,bored,Negative,0.0,0.210992,,False,False,False,track2_0224,0.451033,aroused->bored,hold,insufficient_v21_evidence,0.404359,hold
clip,Low,calm,0,Positive,False,43,0.440539,clip,0.446295,1,False,Low,content,Positive,0.0,0.0,,True,True,True,track2_0289,0.446295,calm->content,hold,insufficient_v21_evidence,0.401538,hold
"public_clean,public_inclusive,siglip2",High,alarmed,0,Negative,False,0,0.251436,siglip2,0.28717,1,False,High,annoyed,Negative,0.0,0.157558,,True,True,True,track2_0769,0.444728,alarmed->annoyed,hold,insufficient_v21_evidence,0.395872,hold
dinov2,Low,content,0,Positive,False,0,0.402692,dinov2,0.436323,1,False,Low,tired,Negative,0.0,0.0,,True,False,False,track2_0561,0.436323,content->tired,hold,insufficient_v21_evidence,0.388538,hold
dinov2,High,alarmed,0,Negative,False,0,0.380761,dinov2,0.437813,1,False,High,excited,Positive,0.0,0.0,,True,False,False,track2_0890,0.437813,alarmed->excited,hold,insufficient_v21_evidence,0.388274,hold
clip,Low,tired,0,Negative,False,3,0.428918,clip,0.433619,1,False,Low,sad,Negative,0.0,0.0,,True,True,True,track2_0215,0.433619,tired->sad,hold,insufficient_v21_evidence,0.387932,hold
"public_clean,public_inclusive,siglip2",High,aroused,0,Positive,False,0,0.218682,siglip2,0.228937,1,False,Low,calm,Positive,0.0,0.205265,,False,False,True,track2_0140,0.434202,aroused->calm,hold,insufficient_v21_evidence,0.386065,hold
dinov2,Low,calm,0,Positive,False,0,0.39012,dinov2,0.434847,1,False,High,annoyed,Negative,0.0,0.0,,False,False,False,track2_0395,0.434847,calm->annoyed,hold,insufficient_v21_evidence,0.386057,hold
dinov2,Low,calm,0,Positive,False,0,0.41232,dinov2,0.431421,1,False,Low,tired,Negative,0.0,0.0,,True,False,False,track2_0074,0.431421,calm->tired,hold,insufficient_v21_evidence,0.384407,hold
dinov2,Low,content,0,Positive,False,0,0.40168,dinov2,0.431887,1,False,Low,sad,Negative,0.0,0.0,,True,False,False,track2_0125,0.431887,content->sad,hold,insufficient_v21_evidence,0.384021,hold
dinov2,Low,content,0,Positive,False,20,0.42031,dinov2,0.430021,1,False,Low,calm,Positive,0.0,0.0,,True,True,True,track2_0376,0.430021,content->calm,hold,insufficient_v21_evidence,0.383646,hold
"public_clean,public_inclusive,siglip2",High,frustrated,0,Negative,False,0,0.232072,siglip2,0.246981,1,False,Low,tired,Negative,0.0,0.184021,,False,False,True,track2_0621,0.431002,frustrated->tired,hold,insufficient_v21_evidence,0.382449,hold
dinov2,Low,content,0,Positive,False,0,0.385018,dinov2,0.430323,1,False,High,excited,Positive,0.0,0.0,,False,False,True,track2_0433,0.430323,content->excited,hold,insufficient_v21_evidence,0.381124,hold
clip,High,alarmed,0,Negative,False,0,0.387015,clip,0.428656,1,False,Low,bored,Negative,0.0,0.0,,False,False,True,track2_0565,0.428656,alarmed->bored,hold,insufficient_v21_evidence,0.379617,hold
dinov2,Low,content,0,Positive,False,0,0.375737,dinov2,0.429495,1,False,High,aroused,Positive,0.0,0.0,,False,False,True,track2_0782,0.429495,content->aroused,hold,insufficient_v21_evidence,0.379554,hold
dinov2,High,frustrated,0,Negative,False,0,0.387851,dinov2,0.427405,1,False,High,excited,Positive,0.0,0.0,,True,False,False,track2_0677,0.427405,frustrated->excited,hold,insufficient_v21_evidence,0.378433,hold
dinov2,Low,calm,0,Positive,False,0,0.377693,dinov2,0.426547,1,False,High,excited,Positive,0.0,0.0,,False,False,True,track2_0559,0.426547,calm->excited,hold,insufficient_v21_evidence,0.376762,hold
clip,High,aroused,0,Positive,False,0,0.376406,clip,0.423915,1,False,Low,tired,Negative,0.0,0.0,,False,False,False,track2_0140,0.423915,aroused->tired,hold,insufficient_v21_evidence,0.374027,hold
dinov2,Low,tired,0,Negative,False,0,0.406337,dinov2,0.421068,1,False,Low,calm,Positive,0.0,0.0,,True,False,False,track2_0537,0.421068,tired->calm,hold,insufficient_v21_evidence,0.373575,hold
dinov2,Low,calm,0,Positive,False,0,0.382586,dinov2,0.422853,1,False,Low,bored,Negative,0.0,0.0,,True,False,False,track2_0438,0.422853,calm->bored,hold,insufficient_v21_evidence,0.37346,hold
clip,Low,calm,0,Positive,False,2,0.389498,clip,0.422196,1,False,Low,glad,Positive,0.0,0.0,,True,True,True,track2_0622,0.422196,calm->glad,hold,insufficient_v21_evidence,0.373356,hold
clip,High,annoyed,0,Negative,False,0,0.368205,clip,0.423841,1,False,High,aroused,Positive,0.0,0.0,,True,False,False,track2_0205,0.423841,annoyed->aroused,hold,insufficient_v21_evidence,0.373297,hold
dinov2,Low,calm,0,Positive,False,0,0.413062,dinov2,0.419378,1,False,Low,bored,Negative,0.0,0.0,,True,False,False,track2_0406,0.419378,calm->bored,hold,insufficient_v21_evidence,0.372423,hold
clip,High,frustrated,0,Negative,False,0,0.404666,clip,0.419484,1,False,High,annoyed,Negative,0.0,0.0,,True,True,True,track2_0641,0.419484,frustrated->annoyed,hold,insufficient_v21_evidence,0.371857,hold
dinov2,Low,glad,0,Positive,False,1,0.409438,dinov2,0.418812,1,False,Low,calm,Positive,0.0,0.0,,True,True,True,track2_0957,0.418812,glad->calm,hold,insufficient_v21_evidence,0.371567,hold
siglip2,Low,bored,0,Negative,False,0,0.362778,siglip2,0.421271,1,False,High,annoyed,Negative,0.0,0.0,,False,False,True,track2_0619,0.421271,bored->annoyed,hold,insufficient_v21_evidence,0.370293,hold
dinov2,Low,content,0,Positive,False,0,0.373137,dinov2,0.420297,1,False,High,happy,Positive,0.0,0.0,,False,False,True,track2_0792,0.420297,content->happy,hold,insufficient_v21_evidence,0.370148,hold
"public_clean,public_inclusive,siglip2",High,happy,0,Positive,False,3,0.216012,siglip2,0.224033,1,False,High,excited,Positive,0.0,0.194281,,True,True,True,track2_0152,0.418314,happy->excited,hold,insufficient_v21_evidence,0.369195,hold
dinov2,Low,calm,0,Positive,False,0,0.370171,dinov2,0.418905,1,False,Low,tired,Negative,0.0,0.0,,True,False,False,track2_0566,0.418905,calm->tired,hold,insufficient_v21_evidence,0.368519,hold
clip,Low,tired,0,Negative,False,0,0.389003,clip,0.413187,1,False,Low,calm,Positive,0.0,0.0,,True,False,False,track2_0629,0.413187,tired->calm,hold,insufficient_v21_evidence,0.364307,hold
clip,Low,calm,0,Positive,False,43,0.406034,clip,0.411482,1,False,Low,content,Positive,0.0,0.0,,True,True,True,track2_0244,0.411482,calm->content,hold,insufficient_v21_evidence,0.363965,hold
dinov2,Low,calm,0,Positive,False,0,0.383319,dinov2,0.412182,1,False,Low,tired,Negative,0.0,0.0,,True,False,False,track2_0242,0.412182,calm->tired,hold,insufficient_v21_evidence,0.362848,hold
clip,Low,content,0,Positive,False,0,0.362148,clip,0.413867,1,False,Low,sad,Negative,0.0,0.0,,True,False,False,track2_0317,0.413867,content->sad,hold,insufficient_v21_evidence,0.362839,hold
clip,Low,calm,0,Positive,False,0,0.366911,clip,0.413143,1,False,Low,bored,Negative,0.0,0.0,,True,False,False,track2_0227,0.413143,calm->bored,hold,insufficient_v21_evidence,0.362496,hold
"public_clean,siglip2",High,alarmed,0,Negative,False,0,0.22456,siglip2,0.230448,1,False,High,annoyed,Negative,0.0,0.181121,,True,True,True,track2_0106,0.411569,alarmed->annoyed,hold,insufficient_v21_evidence,0.362212,hold
clip,Low,content,0,Positive,False,20,0.374555,clip,0.409893,1,False,Low,calm,Positive,0.0,0.0,,True,True,True,track2_0790,0.409893,content->calm,hold,insufficient_v21_evidence,0.359857,hold
dinov2,Low,glad,0,Positive,False,1,0.374524,dinov2,0.409228,1,False,Low,calm,Positive,0.0,0.0,,True,True,True,track2_0913,0.409228,glad->calm,hold,insufficient_v21_evidence,0.35919,hold
dinov2,Low,calm,0,Positive,False,43,0.391927,dinov2,0.407232,1,False,Low,content,Positive,0.0,0.0,,True,True,True,track2_0522,0.407232,calm->content,hold,insufficient_v21_evidence,0.358586,hold
siglip2,Low,content,0,Positive,False,0,0.371669,siglip2,0.407482,1,False,Low,sad,Negative,0.0,0.0,,True,False,False,track2_0123,0.407482,content->sad,hold,insufficient_v21_evidence,0.357216,hold
clip,Low,content,0,Positive,False,20,0.397117,clip,0.402283,1,False,Low,calm,Positive,0.0,0.0,,True,True,True,track2_0739,0.402283,content->calm,hold,insufficient_v21_evidence,0.354052,hold
"public_clean,public_inclusive,siglip2",Low,calm,0,Positive,False,0,0.208155,siglip2,0.21529,1,False,Low,bored,Negative,0.0,0.188726,,True,False,False,track2_0145,0.404016,calm->bored,hold,insufficient_v21_evidence,0.353879,hold
dinov2,Low,content,0,Positive,False,20,0.396055,dinov2,0.399891,1,False,Low,calm,Positive,0.0,0.0,,True,True,True,track2_0852,0.399891,content->calm,hold,insufficient_v21_evidence,0.351575,hold
clip,High,alarmed,0,Negative,False,0,0.371665,clip,0.401443,1,False,High,happy,Positive,0.0,0.0,,True,False,False,track2_0425,0.401443,alarmed->happy,hold,insufficient_v21_evidence,0.351176,hold
dinov2,Low,calm,0,Positive,False,0,0.370117,dinov2,0.40144,1,False,High,excited,Positive,0.0,0.0,,False,False,True,track2_0986,0.40144,calm->excited,hold,insufficient_v21_evidence,0.351049,hold
dinov2,Low,content,0,Positive,False,0,0.353522,dinov2,0.400002,1,False,High,happy,Positive,0.0,0.0,,False,False,True,track2_0127,0.400002,content->happy,hold,insufficient_v21_evidence,0.348284,hold
clip,Low,tired,0,Negative,False,0,0.383565,clip,0.393299,1,False,Low,bored,Negative,0.0,0.0,,True,True,True,track2_0711,0.393299,tired->bored,hold,insufficient_v21_evidence,0.343984,hold
dinov2,Low,calm,0,Positive,False,43,0.377886,dinov2,0.392241,1,False,Low,content,Positive,0.0,0.0,,True,True,True,track2_0775,0.392241,calm->content,hold,insufficient_v21_evidence,0.342472,hold
"public_clean,public_inclusive",Low,calm,0,Positive,False,43,0.471134,,0.0,0,False,Low,content,Positive,0.0,0.471134,,True,True,True,track2_0786,0.471134,calm->content,hold,insufficient_v21_evidence,0.341804,hold
clip,High,alarmed,0,Negative,False,0,0.383459,clip,0.390562,1,False,Low,calm,Positive,0.0,0.0,,False,False,False,track2_0963,0.390562,alarmed->calm,hold,insufficient_v21_evidence,0.341239,hold
dinov2,High,alarmed,0,Negative,False,0,0.357387,dinov2,0.392512,1,False,High,aroused,Positive,0.0,0.0,,True,False,False,track2_0423,0.392512,alarmed->aroused,hold,insufficient_v21_evidence,0.341103,hold
public_clean,Low,calm,0,Positive,False,43,0.468915,,0.0,0,False,Low,content,Positive,0.0,0.468915,,True,True,True,track2_0745,0.468915,calm->content,hold,insufficient_v21_evidence,0.339252,hold
"public_clean,public_inclusive,siglip2",Low,calm,0,Positive,False,0,0.206933,siglip2,0.211737,1,False,High,frustrated,Negative,0.0,0.174945,,False,False,False,track2_0730,0.386682,calm->frustrated,hold,insufficient_v21_evidence,0.335483,hold
siglip2,High,alarmed,0,Negative,False,0,0.359073,siglip2,0.385639,1,False,High,aroused,Positive,0.0,0.0,,True,False,False,track2_0721,0.385639,alarmed->aroused,hold,insufficient_v21_evidence,0.334365,hold
dinov2,High,aroused,0,Positive,False,0,0.354802,dinov2,0.385672,1,False,High,frustrated,Negative,0.0,0.0,,True,False,False,track2_0332,0.385672,aroused->frustrated,hold,insufficient_v21_evidence,0.334056,hold
clip,High,frustrated,0,Negative,False,0,0.366503,clip,0.383689,1,False,High,annoyed,Negative,0.0,0.0,,True,True,True,track2_0724,0.383689,frustrated->annoyed,hold,insufficient_v21_evidence,0.333009,hold
dinov2,Low,calm,0,Positive,False,0,0.341947,dinov2,0.383864,1,False,High,annoyed,Negative,0.0,0.0,,False,False,False,track2_0149,0.383864,calm->annoyed,hold,insufficient_v21_evidence,0.33122,hold
siglip2,Low,sad,0,Negative,False,0,0.371577,siglip2,0.380777,1,False,Low,content,Positive,0.0,0.0,,True,False,False,track2_0275,0.380777,sad->content,hold,insufficient_v21_evidence,0.330503,hold
clip,High,excited,0,Positive,False,0,0.335635,clip,0.383269,1,False,Low,bored,Negative,0.0,0.0,,False,False,False,track2_0142,0.383269,excited->bored,hold,insufficient_v21_evidence,0.33012,hold
dinov2,Low,calm,0,Positive,False,0,0.364559,dinov2,0.379852,1,False,Low,tired,Negative,0.0,0.0,,True,False,False,track2_0740,0.379852,calm->tired,hold,insufficient_v21_evidence,0.329017,hold
dinov2,Low,calm,0,Positive,False,0,0.336708,dinov2,0.381514,1,False,High,annoyed,Negative,0.0,0.0,,False,False,False,track2_0005,0.381514,calm->annoyed,hold,insufficient_v21_evidence,0.328451,hold
dinov2,High,aroused,0,Positive,False,1,0.361351,dinov2,0.376952,1,False,High,excited,Positive,0.0,0.0,,True,True,True,track2_0603,0.376952,aroused->excited,hold,insufficient_v21_evidence,0.32586,hold
dinov2,Low,content,0,Positive,False,0,0.342854,dinov2,0.378032,1,False,Low,tired,Negative,0.0,0.0,,True,False,False,track2_0085,0.378032,content->tired,hold,insufficient_v21_evidence,0.32546,hold
dinov2,Low,calm,0,Positive,False,43,0.373615,dinov2,0.375474,1,False,Low,content,Positive,0.0,0.0,,True,True,True,track2_0707,0.375474,calm->content,hold,insufficient_v21_evidence,0.325363,hold
siglip2,High,aroused,0,Positive,False,0,0.361567,siglip2,0.374893,1,False,High,annoyed,Negative,0.0,0.0,,True,False,False,track2_0598,0.374893,aroused->annoyed,hold,insufficient_v21_evidence,0.323818,hold
siglip2,High,aroused,0,Positive,False,0,0.355304,siglip2,0.374987,1,False,High,frustrated,Negative,0.0,0.0,,True,False,False,track2_0602,0.374987,aroused->frustrated,hold,insufficient_v21_evidence,0.323411,hold
siglip2,Low,tired,0,Negative,False,3,0.35897,siglip2,0.374088,1,False,Low,sad,Negative,0.0,0.0,,True,True,True,track2_0895,0.374088,tired->sad,hold,insufficient_v21_evidence,0.322806,hold
siglip2,Low,content,0,Positive,False,0,0.330526,siglip2,0.375663,1,False,High,excited,Positive,0.0,0.0,,False,False,True,track2_0103,0.375663,content->excited,hold,insufficient_v21_evidence,0.322105,hold
dinov2,High,aroused,0,Positive,False,0,0.349072,dinov2,0.373198,1,False,High,annoyed,Negative,0.0,0.0,,True,False,False,track2_0549,0.373198,aroused->annoyed,hold,insufficient_v21_evidence,0.321124,hold
clip,Low,content,0,Positive,False,20,0.356285,clip,0.372514,1,False,Low,calm,Positive,0.0,0.0,,True,True,True,track2_0091,0.372514,content->calm,hold,insufficient_v21_evidence,0.321017,hold
dinov2,Low,tired,0,Negative,False,0,0.332506,dinov2,0.372114,1,False,Low,calm,Positive,0.0,0.0,,True,False,False,track2_0594,0.372114,tired->calm,hold,insufficient_v21_evidence,0.318714,hold
dinov2,High,annoyed,0,Negative,False,0,0.346819,dinov2,0.369598,1,False,Low,calm,Positive,0.0,0.0,,False,False,False,track2_0491,0.369598,annoyed->calm,hold,insufficient_v21_evidence,0.317344,hold
"public_clean,public_inclusive,siglip2",High,frustrated,0,Negative,False,0,0.193631,siglip2,0.198684,1,False,Low,bored,Negative,0.0,0.171097,,False,False,True,track2_0828,0.369781,frustrated->bored,hold,insufficient_v21_evidence,0.317248,hold
"public_clean,siglip2",High,annoyed,0,Negative,False,0,0.197613,siglip2,0.169687,1,False,Low,content,Positive,0.0,0.197613,,False,False,False,track2_0511,0.3673,annoyed->content,hold,insufficient_v21_evidence,0.316942,hold
clip,Low,calm,0,Positive,False,43,0.365812,clip,0.36652,1,False,Low,content,Positive,0.0,0.0,,True,True,True,track2_0808,0.36652,calm->content,hold,insufficient_v21_evidence,0.315785,hold
clip,High,alarmed,0,Negative,False,0,0.334218,clip,0.368863,1,False,Low,bored,Negative,0.0,0.0,,False,False,True,track2_0176,0.368863,alarmed->bored,hold,insufficient_v21_evidence,0.3156,hold
dinov2,Low,tired,0,Negative,False,0,0.354568,dinov2,0.367182,1,False,Low,content,Positive,0.0,0.0,,True,False,False,track2_0723,0.367182,tired->content,hold,insufficient_v21_evidence,0.315547,hold
dinov2,Low,content,0,Positive,False,0,0.324648,dinov2,0.369472,1,False,High,excited,Positive,0.0,0.0,,False,False,True,track2_0771,0.369472,content->excited,hold,insufficient_v21_evidence,0.315444,hold
dinov2,High,alarmed,0,Negative,False,0,0.328547,dinov2,0.367026,1,False,Low,tired,Negative,0.0,0.0,,False,False,True,track2_0769,0.367026,alarmed->tired,hold,insufficient_v21_evidence,0.31331,hold
clip,Low,sad,0,Negative,False,0,0.333987,clip,0.365685,1,False,High,frustrated,Negative,0.0,0.0,,False,False,True,track2_0508,0.365685,sad->frustrated,hold,insufficient_v21_evidence,0.312404,hold
dinov2,Low,tired,0,Negative,False,0,0.357657,dinov2,0.360057,1,False,Low,calm,Positive,0.0,0.0,,True,False,False,track2_0567,0.360057,tired->calm,hold,insufficient_v21_evidence,0.30867,hold
dinov2,High,aroused,0,Positive,False,0,0.322528,dinov2,0.362124,1,False,Low,sad,Negative,0.0,0.0,,False,False,False,track2_0683,0.362124,aroused->sad,hold,insufficient_v21_evidence,0.307926,hold
dinov2,Low,content,0,Positive,False,20,0.342941,dinov2,0.359053,1,False,Low,calm,Positive,0.0,0.0,,True,True,True,track2_0381,0.359053,content->calm,hold,insufficient_v21_evidence,0.306488,hold
public_clean,Low,calm,0,Positive,False,43,0.439573,,0.0,0,False,Low,content,Positive,0.0,0.439573,,True,True,True,track2_0469,0.439573,calm->content,hold,insufficient_v21_evidence,0.305509,hold
clip,Low,calm,0,Positive,False,0,0.323261,clip,0.358825,1,False,Low,tired,Negative,0.0,0.0,,True,False,False,track2_0538,0.358825,calm->tired,hold,insufficient_v21_evidence,0.304686,hold
clip,High,aroused,0,Positive,False,1,0.341096,clip,0.357342,1,False,High,excited,Positive,0.0,0.0,,True,True,True,track2_0372,0.357342,aroused->excited,hold,insufficient_v21_evidence,0.30463,hold
dinov2,Low,content,0,Positive,False,20,0.339215,dinov2,0.357372,1,False,Low,calm,Positive,0.0,0.0,,True,True,True,track2_0503,0.357372,content->calm,hold,insufficient_v21_evidence,0.304509,hold
dinov2,Low,content,0,Positive,False,0,0.327863,dinov2,0.357596,1,False,High,happy,Positive,0.0,0.0,,False,False,True,track2_0367,0.357596,content->happy,hold,insufficient_v21_evidence,0.303825,hold
public_clean,Low,calm,0,Positive,False,43,0.437541,,0.0,0,False,Low,content,Positive,0.0,0.437541,,True,True,True,track2_0798,0.437541,calm->content,hold,insufficient_v21_evidence,0.303172,hold
dinov2,High,alarmed,0,Negative,False,0,0.327918,dinov2,0.356308,1,False,High,happy,Positive,0.0,0.0,,True,False,False,track2_0732,0.356308,alarmed->happy,hold,insufficient_v21_evidence,0.302541,hold
dinov2,Low,calm,0,Positive,False,0,0.350837,dinov2,0.354472,1,False,Low,bored,Negative,0.0,0.0,,True,False,False,track2_0654,0.354472,calm->bored,hold,insufficient_v21_evidence,0.302539,hold
clip,Low,calm,0,Positive,False,0,0.338808,clip,0.355049,1,False,High,happy,Positive,0.0,0.0,,False,False,True,track2_0360,0.355049,calm->happy,hold,insufficient_v21_evidence,0.302154,hold
dinov2,High,alarmed,0,Negative,False,0,0.345063,dinov2,0.354076,1,False,High,annoyed,Negative,0.0,0.0,,True,True,True,track2_0912,0.354076,alarmed->annoyed,hold,insufficient_v21_evidence,0.301681,hold
siglip2,High,excited,0,Positive,False,0,0.337256,siglip2,0.354298,1,False,Low,content,Positive,0.0,0.0,,False,False,True,track2_0449,0.354298,excited->content,hold,insufficient_v21_evidence,0.301278,hold
dinov2,High,excited,0,Positive,False,0,0.316507,dinov2,0.355662,1,False,Low,content,Positive,0.0,0.0,,False,False,True,track2_0003,0.355662,excited->content,hold,insufficient_v21_evidence,0.300983,hold
dinov2,Low,calm,0,Positive,False,0,0.321911,dinov2,0.354325,1,False,Low,bored,Negative,0.0,0.0,,True,False,False,track2_0385,0.354325,calm->bored,hold,insufficient_v21_evidence,0.300078,hold
dinov2,Low,calm,0,Positive,False,0,0.34278,dinov2,0.352168,1,False,Low,bored,Negative,0.0,0.0,,True,False,False,track2_0286,0.352168,calm->bored,hold,insufficient_v21_evidence,0.29959,hold
clip,High,aroused,0,Positive,False,1,0.338506,clip,0.350789,1,False,High,excited,Positive,0.0,0.0,,True,True,True,track2_0180,0.350789,aroused->excited,hold,insufficient_v21_evidence,0.297869,hold
clip,High,alarmed,0,Negative,False,0,0.337321,clip,0.348841,1,False,High,excited,Positive,0.0,0.0,,True,False,False,track2_0548,0.348841,alarmed->excited,hold,insufficient_v21_evidence,0.295827,hold
dinov2,Low,bored,0,Negative,False,0,0.314721,dinov2,0.349957,1,False,High,aroused,Positive,0.0,0.0,,False,False,False,track2_0273,0.349957,bored->aroused,hold,insufficient_v21_evidence,0.295135,hold
siglip2,High,aroused,0,Positive,False,1,0.320376,siglip2,0.347973,1,False,High,excited,Positive,0.0,0.0,,True,True,True,track2_0523,0.347973,aroused->excited,hold,insufficient_v21_evidence,0.293603,hold
public_clean,Low,calm,0,Positive,False,43,0.428067,,0.0,0,False,Low,content,Positive,0.0,0.428067,,True,True,True,track2_0419,0.428067,calm->content,hold,insufficient_v21_evidence,0.292277,hold
clip,High,aroused,0,Positive,False,0,0.314883,clip,0.346589,1,False,Low,bored,Negative,0.0,0.0,,False,False,False,track2_0940,0.346589,aroused->bored,hold,insufficient_v21_evidence,0.29178,hold
dinov2,Low,calm,0,Positive,False,0,0.332062,dinov2,0.344561,1,False,High,aroused,Positive,0.0,0.0,,False,False,True,track2_0701,0.344561,calm->aroused,hold,insufficient_v21_evidence,0.291126,hold
dinov2,Low,bored,0,Negative,False,0,0.33029,dinov2,0.344645,1,False,Low,tired,Negative,0.0,0.0,,True,True,True,track2_0619,0.344645,bored->tired,hold,insufficient_v21_evidence,0.291068,hold
clip,Low,tired,0,Negative,False,3,0.340993,clip,0.342383,1,False,Low,sad,Negative,0.0,0.0,,True,True,True,track2_0747,0.342383,tired->sad,hold,insufficient_v21_evidence,0.289662,hold
siglip2,Low,tired,0,Negative,False,0,0.321947,siglip2,0.343735,1,False,High,frustrated,Negative,0.0,0.0,,False,False,True,track2_0596,0.343735,tired->frustrated,hold,insufficient_v21_evidence,0.289491,hold
dinov2,High,alarmed,0,Negative,False,0,0.317383,dinov2,0.343741,1,False,High,aroused,Positive,0.0,0.0,,True,False,False,track2_0548,0.343741,alarmed->aroused,hold,insufficient_v21_evidence,0.289132,hold
clip,Low,calm,0,Positive,False,0,0.323713,clip,0.34177,1,False,Low,tired,Negative,0.0,0.0,,True,False,False,track2_0162,0.34177,calm->tired,hold,insufficient_v21_evidence,0.287667,hold
dinov2,Low,tired,0,Negative,False,0,0.326801,dinov2,0.341339,1,False,Low,content,Positive,0.0,0.0,,True,False,False,track2_0031,0.341339,tired->content,hold,insufficient_v21_evidence,0.287483,hold
clip,Low,tired,0,Negative,False,0,0.302038,clip,0.342308,1,False,High,frustrated,Negative,0.0,0.0,,False,False,True,track2_0857,0.342308,tired->frustrated,hold,insufficient_v21_evidence,0.286471,hold
siglip2,Low,bored,0,Negative,False,0,0.32573,siglip2,0.336056,1,False,Low,content,Positive,0.0,0.0,,True,False,False,track2_0848,0.336056,bored->content,hold,insufficient_v21_evidence,0.282114,hold
dinov2,Low,tired,0,Negative,False,0,0.307578,dinov2,0.337259,1,False,Low,content,Positive,0.0,0.0,,True,False,False,track2_0977,0.337259,tired->content,hold,insufficient_v21_evidence,0.281865,hold
dinov2,Low,sad,0,Negative,False,0,0.315911,dinov2,0.336509,1,False,Low,content,Positive,0.0,0.0,,True,False,False,track2_0352,0.336509,sad->content,hold,insufficient_v21_evidence,0.281782,hold
dinov2,Low,calm,0,Positive,False,0,0.313085,dinov2,0.333591,1,False,High,annoyed,Negative,0.0,0.0,,False,False,False,track2_0350,0.333591,calm->annoyed,hold,insufficient_v21_evidence,0.278638,hold
dinov2,High,frustrated,0,Negative,False,0,0.301499,dinov2,0.33204,1,False,High,annoyed,Negative,0.0,0.0,,True,True,True,track2_0247,0.33204,frustrated->annoyed,hold,insufficient_v21_evidence,0.27616,hold
dinov2,Low,calm,0,Positive,False,0,0.307322,dinov2,0.330916,1,False,High,excited,Positive,0.0,0.0,,False,False,True,track2_0731,0.330916,calm->excited,hold,insufficient_v21_evidence,0.275502,hold
clip,High,frustrated,0,Negative,False,0,0.312234,clip,0.329968,1,False,High,annoyed,Negative,0.0,0.0,,True,True,True,track2_0018,0.329968,frustrated->annoyed,hold,insufficient_v21_evidence,0.274947,hold
dinov2,Low,calm,0,Positive,False,43,0.324629,dinov2,0.328289,1,False,Low,content,Positive,0.0,0.0,,True,True,True,track2_0918,0.328289,calm->content,hold,insufficient_v21_evidence,0.274259,hold
clip,Low,calm,0,Positive,False,0,0.299416,clip,0.329989,1,False,High,frustrated,Negative,0.0,0.0,,False,False,False,track2_0796,0.329989,calm->frustrated,hold,insufficient_v21_evidence,0.273942,hold
clip,High,annoyed,0,Negative,False,0,0.312928,clip,0.328591,1,False,Low,calm,Positive,0.0,0.0,,False,False,False,track2_0907,0.328591,annoyed->calm,hold,insufficient_v21_evidence,0.273625,hold
clip,Low,content,0,Positive,False,0,0.300305,clip,0.328335,1,False,High,annoyed,Negative,0.0,0.0,,False,False,False,track2_0219,0.328335,content->annoyed,hold,insufficient_v21_evidence,0.272359,hold
clip,High,frustrated,0,Negative,False,0,0.307462,clip,0.327391,1,False,High,aroused,Positive,0.0,0.0,,True,False,False,track2_0962,0.327391,frustrated->aroused,hold,insufficient_v21_evidence,0.271988,hold
dinov2,Low,content,0,Positive,False,0,0.312051,dinov2,0.326692,1,False,High,happy,Positive,0.0,0.0,,False,False,True,track2_0778,0.326692,content->happy,hold,insufficient_v21_evidence,0.271656,hold
dinov2,High,excited,0,Positive,False,0,0.30312,dinov2,0.326495,1,False,High,alarmed,Negative,0.0,0.0,,True,False,False,track2_0554,0.326495,excited->alarmed,hold,insufficient_v21_evidence,0.270745,hold
siglip2,High,frustrated,0,Negative,False,0,0.303215,siglip2,0.326081,1,False,Low,bored,Negative,0.0,0.0,,False,False,True,track2_0708,0.326081,frustrated->bored,hold,insufficient_v21_evidence,0.270338,hold
clip,High,alarmed,0,Negative,False,0,0.297863,clip,0.32625,1,False,Low,calm,Positive,0.0,0.0,,False,False,False,track2_0364,0.32625,alarmed->calm,hold,insufficient_v21_evidence,0.270079,hold
clip,High,alarmed,0,Negative,False,0,0.290962,clip,0.325988,1,False,Low,calm,Positive,0.0,0.0,,False,False,False,track2_0476,0.325988,alarmed->calm,hold,insufficient_v21_evidence,0.269265,hold
clip,Low,calm,0,Positive,False,0,0.296238,clip,0.325201,1,False,High,annoyed,Negative,0.0,0.0,,False,False,False,track2_0506,0.325201,calm->annoyed,hold,insufficient_v21_evidence,0.2689,hold
clip,High,annoyed,0,Negative,False,0,0.30974,clip,0.323898,1,False,Low,content,Positive,0.0,0.0,,False,False,False,track2_0336,0.323898,annoyed->content,hold,insufficient_v21_evidence,0.268677,hold
clip,Low,tired,0,Negative,False,0,0.292145,clip,0.322586,1,False,Low,bored,Negative,0.0,0.0,,True,True,True,track2_0450,0.322586,tired->bored,hold,insufficient_v21_evidence,0.265958,hold
clip,Low,content,0,Positive,False,0,0.288519,clip,0.321654,1,False,High,annoyed,Negative,0.0,0.0,,False,False,False,track2_0127,0.321654,content->annoyed,hold,insufficient_v21_evidence,0.264736,hold
dinov2,Low,sad,0,Negative,False,0,0.304992,dinov2,0.320102,1,False,Low,bored,Negative,0.0,0.0,,True,True,True,track2_0420,0.320102,sad->bored,hold,insufficient_v21_evidence,0.264501,hold
dinov2,High,annoyed,0,Negative,False,0,0.308613,dinov2,0.318116,1,False,Low,content,Positive,0.0,0.0,,False,False,False,track2_0789,0.318116,annoyed->content,hold,insufficient_v21_evidence,0.262805,hold
clip,Low,sad,0,Negative,False,0,0.290917,clip,0.318224,1,False,Low,content,Positive,0.0,0.0,,True,False,False,track2_0420,0.318224,sad->content,hold,insufficient_v21_evidence,0.261497,hold
dinov2,Low,sad,0,Negative,False,0,0.294021,dinov2,0.317096,1,False,Low,content,Positive,0.0,0.0,,True,False,False,track2_0811,0.317096,sad->content,hold,insufficient_v21_evidence,0.260618,hold
dinov2,High,frustrated,0,Negative,False,0,0.295742,dinov2,0.316537,1,False,Low,calm,Positive,0.0,0.0,,False,False,False,track2_0520,0.316537,frustrated->calm,hold,insufficient_v21_evidence,0.260196,hold
dinov2,Low,glad,0,Positive,False,0,0.300027,dinov2,0.315174,1,False,High,alarmed,Negative,0.0,0.0,,False,False,False,track2_0237,0.315174,glad->alarmed,hold,insufficient_v21_evidence,0.259176,hold
clip,Low,content,0,Positive,False,5,0.311141,clip,0.312196,1,False,Low,glad,Positive,0.0,0.0,,True,True,True,track2_0782,0.312196,content->glad,hold,insufficient_v21_evidence,0.257087,hold
dinov2,Low,calm,0,Positive,False,0,0.301925,dinov2,0.312101,1,False,Low,sad,Negative,0.0,0.0,,True,False,False,track2_0834,0.312101,calm->sad,hold,insufficient_v21_evidence,0.256255,hold
dinov2,Low,calm,0,Positive,False,43,0.305272,dinov2,0.311206,1,False,Low,content,Positive,0.0,0.0,,True,True,True,track2_0879,0.311206,calm->content,hold,insufficient_v21_evidence,0.255628,hold
clip,Low,calm,0,Positive,False,0,0.277309,clip,0.313369,1,False,Low,tired,Negative,0.0,0.0,,True,False,False,track2_0954,0.313369,calm->tired,hold,insufficient_v21_evidence,0.255554,hold
clip,Low,content,0,Positive,False,0,0.290056,clip,0.312159,1,False,Low,bored,Negative,0.0,0.0,,True,False,False,track2_0532,0.312159,content->bored,hold,insufficient_v21_evidence,0.255363,hold
dinov2,Low,bored,0,Negative,False,1,0.3079,dinov2,0.310603,1,False,Low,sad,Negative,0.0,0.0,,True,True,True,track2_0113,0.310603,bored->sad,hold,insufficient_v21_evidence,0.255235,hold
clip,Low,calm,0,Positive,False,0,0.280597,clip,0.309669,1,False,Low,tired,Negative,0.0,0.0,,True,False,False,track2_0238,0.309669,calm->tired,hold,insufficient_v21_evidence,0.252117,hold
dinov2,Low,calm,0,Positive,False,0,0.295747,dinov2,0.307121,1,False,High,aroused,Positive,0.0,0.0,,False,False,True,track2_0577,0.307121,calm->aroused,hold,insufficient_v21_evidence,0.250781,hold
clip,Low,sad,0,Negative,False,0,0.298047,clip,0.30676,1,False,High,aroused,Positive,0.0,0.0,,False,False,False,track2_0750,0.30676,sad->aroused,hold,insufficient_v21_evidence,0.250604,hold
clip,High,alarmed,0,Negative,False,0,0.291276,clip,0.307187,1,False,High,excited,Positive,0.0,0.0,,True,False,False,track2_0732,0.307187,alarmed->excited,hold,insufficient_v21_evidence,0.250489,hold
dinov2,High,aroused,0,Positive,False,0,0.282837,dinov2,0.307366,1,False,Low,calm,Positive,0.0,0.0,,False,False,True,track2_0523,0.307366,aroused->calm,hold,insufficient_v21_evidence,0.249993,hold
dinov2,Low,calm,0,Positive,False,0,0.301952,dinov2,0.305011,1,False,High,aroused,Positive,0.0,0.0,,False,False,True,track2_0078,0.305011,calm->aroused,hold,insufficient_v21_evidence,0.249167,hold
clip,Low,content,0,Positive,False,0,0.2841,clip,0.305853,1,False,High,aroused,Positive,0.0,0.0,,False,False,True,track2_0133,0.305853,content->aroused,hold,insufficient_v21_evidence,0.248581,hold
dinov2,High,alarmed,0,Negative,False,0,0.286285,dinov2,0.305605,1,False,Low,bored,Negative,0.0,0.0,,False,False,True,track2_0714,0.305605,alarmed->bored,hold,insufficient_v21_evidence,0.248508,hold
dinov2,Low,calm,0,Positive,False,0,0.283767,dinov2,0.30502,1,False,Low,bored,Negative,0.0,0.0,,True,False,False,track2_0388,0.30502,calm->bored,hold,insufficient_v21_evidence,0.247721,hold
dinov2,Low,content,0,Positive,False,20,0.284884,dinov2,0.30143,1,False,Low,calm,Positive,0.0,0.0,,True,True,True,track2_0035,0.30143,content->calm,hold,insufficient_v21_evidence,0.244221,hold
siglip2,Low,glad,0,Positive,False,0,0.27551,siglip2,0.301766,1,False,High,aroused,Positive,0.0,0.0,,False,False,True,track2_0913,0.301766,glad->aroused,hold,insufficient_v21_evidence,0.243807,hold
siglip2,Low,calm,0,Positive,False,0,0.286827,siglip2,0.300498,1,False,High,aroused,Positive,0.0,0.0,,False,False,True,track2_0713,0.300498,calm->aroused,hold,insufficient_v21_evidence,0.243444,hold
clip,High,alarmed,0,Negative,False,0,0.270303,clip,0.3018,1,False,Low,calm,Positive,0.0,0.0,,False,False,False,track2_0106,0.3018,alarmed->calm,hold,insufficient_v21_evidence,0.243424,hold
dinov2,Low,calm,0,Positive,False,0,0.284313,dinov2,0.299687,1,False,Low,bored,Negative,0.0,0.0,,True,False,False,track2_0568,0.299687,calm->bored,hold,insufficient_v21_evidence,0.242432,hold
dinov2,Low,calm,0,Positive,False,0,0.274939,dinov2,0.2991,1,False,High,annoyed,Negative,0.0,0.0,,False,False,False,track2_0375,0.2991,calm->annoyed,hold,insufficient_v21_evidence,0.241095,hold
clip,High,aroused,0,Positive,False,0,0.277266,clip,0.29831,1,False,High,frustrated,Negative,0.0,0.0,,True,False,False,track2_0203,0.29831,aroused->frustrated,hold,insufficient_v21_evidence,0.240491,hold
dinov2,High,annoyed,0,Negative,False,0,0.277466,dinov2,0.297488,1,False,High,excited,Positive,0.0,0.0,,True,False,False,track2_0511,0.297488,annoyed->excited,hold,insufficient_v21_evidence,0.239685,hold
clip,High,alarmed,0,Negative,False,0,0.269501,clip,0.298115,1,False,High,excited,Positive,0.0,0.0,,True,False,False,track2_0423,0.298115,alarmed->excited,hold,insufficient_v21_evidence,0.239675,hold
siglip2,High,frustrated,0,Negative,False,0,0.293324,siglip2,0.293745,1,False,High,annoyed,Negative,0.0,0.0,,True,True,True,track2_0348,0.293745,frustrated->annoyed,hold,insufficient_v21_evidence,0.237211,hold
siglip2,Low,calm,0,Positive,False,0,0.281012,siglip2,0.294431,1,False,Low,tired,Negative,0.0,0.0,,True,False,False,track2_0783,0.294431,calm->tired,hold,insufficient_v21_evidence,0.236912,hold
dinov2,Low,content,0,Positive,False,0,0.28882,dinov2,0.293166,1,False,Low,bored,Negative,0.0,0.0,,True,False,False,track2_0820,0.293166,content->bored,hold,insufficient_v21_evidence,0.236272,hold
dinov2,Low,bored,0,Negative,False,0,0.278158,dinov2,0.290863,1,False,Low,content,Positive,0.0,0.0,,True,False,False,track2_0835,0.290863,bored->content,hold,insufficient_v21_evidence,0.233116,hold
dinov2,Low,content,0,Positive,False,0,0.278879,dinov2,0.290701,1,False,High,happy,Positive,0.0,0.0,,False,False,True,track2_0971,0.290701,content->happy,hold,insufficient_v21_evidence,0.233011,hold
"public_clean,public_inclusive",Low,tired,0,Negative,False,0,0.375368,,0.0,0,False,Low,calm,Positive,0.0,0.375368,,True,False,False,track2_0331,0.375368,tired->calm,hold,insufficient_v21_evidence,0.231673,hold
clip,Low,calm,0,Positive,False,0,0.268141,clip,0.289024,1,False,High,annoyed,Negative,0.0,0.0,,False,False,False,track2_0138,0.289024,calm->annoyed,hold,insufficient_v21_evidence,0.230475,hold
dinov2,Low,content,0,Positive,False,0,0.273051,dinov2,0.286618,1,False,High,frustrated,Negative,0.0,0.0,,False,False,False,track2_0379,0.286618,content->frustrated,hold,insufficient_v21_evidence,0.228462,hold
clip,High,alarmed,0,Negative,False,0,0.278256,clip,0.286098,1,False,Low,bored,Negative,0.0,0.0,,False,False,True,track2_0989,0.286098,alarmed->bored,hold,insufficient_v21_evidence,0.228358,hold
clip,High,alarmed,0,Negative,False,0,0.274502,clip,0.285696,1,False,Low,bored,Negative,0.0,0.0,,False,False,True,track2_0921,0.285696,alarmed->bored,hold,insufficient_v21_evidence,0.227656,hold
dinov2,Low,calm,0,Positive,False,0,0.281419,dinov2,0.284371,1,False,Low,bored,Negative,0.0,0.0,,True,False,False,track2_0460,0.284371,calm->bored,hold,insufficient_v21_evidence,0.226885,hold
clip,Low,sad,0,Negative,False,0,0.279571,clip,0.284038,1,False,Low,bored,Negative,0.0,0.0,,True,True,True,track2_0891,0.284038,sad->bored,hold,insufficient_v21_evidence,0.226404,hold
clip,High,frustrated,0,Negative,False,0,0.280778,clip,0.283886,1,False,Low,content,Positive,0.0,0.0,,False,False,False,track2_0621,0.283886,frustrated->content,hold,insufficient_v21_evidence,0.226348,hold
dinov2,Low,content,0,Positive,False,0,0.275845,dinov2,0.284,1,False,High,annoyed,Negative,0.0,0.0,,False,False,False,track2_0790,0.284,content->annoyed,hold,insufficient_v21_evidence,0.226068,hold
dinov2,Low,calm,0,Positive,False,0,0.265351,dinov2,0.283741,1,False,High,annoyed,Negative,0.0,0.0,,False,False,False,track2_0763,0.283741,calm->annoyed,hold,insufficient_v21_evidence,0.224969,hold
clip,High,alarmed,0,Negative,False,0,0.267166,clip,0.283409,1,False,Low,tired,Negative,0.0,0.0,,False,False,True,track2_0586,0.283409,alarmed->tired,hold,insufficient_v21_evidence,0.224782,hold
clip,Low,calm,0,Positive,False,0,0.276716,clip,0.281212,1,False,Low,tired,Negative,0.0,0.0,,True,False,False,track2_0079,0.281212,calm->tired,hold,insufficient_v21_evidence,0.223349,hold
clip,High,frustrated,0,Negative,False,0,0.269732,clip,0.281644,1,False,Low,bored,Negative,0.0,0.0,,False,False,True,track2_0247,0.281644,frustrated->bored,hold,insufficient_v21_evidence,0.223223,hold
dinov2,Low,calm,0,Positive,False,43,0.263465,dinov2,0.281868,1,False,Low,content,Positive,0.0,0.0,,True,True,True,track2_0353,0.281868,calm->content,hold,insufficient_v21_evidence,0.222945,hold
clip,High,alarmed,0,Negative,False,0,0.267162,clip,0.28116,1,False,Low,bored,Negative,0.0,0.0,,False,False,True,track2_0878,0.28116,alarmed->bored,hold,insufficient_v21_evidence,0.222533,hold
clip,Low,calm,0,Positive,False,0,0.266221,clip,0.280695,1,False,Low,sad,Negative,0.0,0.0,,True,False,False,track2_0015,0.280695,calm->sad,hold,insufficient_v21_evidence,0.221993,hold
dinov2,Low,sad,0,Negative,False,1,0.257454,dinov2,0.280398,1,False,Low,tired,Negative,0.0,0.0,,True,True,True,track2_0693,0.280398,sad->tired,hold,insufficient_v21_evidence,0.220994,hold
siglip2,Low,calm,0,Positive,False,0,0.271687,siglip2,0.278903,1,False,High,frustrated,Negative,0.0,0.0,,False,False,False,track2_0976,0.278903,calm->frustrated,hold,insufficient_v21_evidence,0.220638,hold
dinov2,High,aroused,0,Positive,False,0,0.267072,dinov2,0.27926,1,False,Low,bored,Negative,0.0,0.0,,False,False,False,track2_0095,0.27926,aroused->bored,hold,insufficient_v21_evidence,0.220626,hold
dinov2,High,alarmed,0,Negative,False,0,0.25481,dinov2,0.278292,1,False,High,happy,Positive,0.0,0.0,,True,False,False,track2_0923,0.278292,alarmed->happy,hold,insufficient_v21_evidence,0.218677,hold
dinov2,Low,glad,0,Positive,False,0,0.272247,dinov2,0.276377,1,False,High,aroused,Positive,0.0,0.0,,False,False,True,track2_0643,0.276377,glad->aroused,hold,insufficient_v21_evidence,0.218157,hold
dinov2,Low,calm,0,Positive,False,0,0.252007,dinov2,0.277816,1,False,Low,tired,Negative,0.0,0.0,,True,False,False,track2_0414,0.277816,calm->tired,hold,insufficient_v21_evidence,0.217977,hold
dinov2,High,frustrated,0,Negative,False,0,0.269138,dinov2,0.27545,1,False,Low,bored,Negative,0.0,0.0,,False,False,True,track2_0348,0.27545,frustrated->bored,hold,insufficient_v21_evidence,0.216981,hold
clip,High,annoyed,0,Negative,False,0,0.256572,clip,0.273881,1,False,High,aroused,Positive,0.0,0.0,,True,False,False,track2_0825,0.273881,annoyed->aroused,hold,insufficient_v21_evidence,0.214407,hold
clip,Low,calm,0,Positive,False,43,0.27003,clip,0.272638,1,False,Low,content,Positive,0.0,0.0,,True,True,True,track2_0409,0.272638,calm->content,hold,insufficient_v21_evidence,0.21424,hold
clip,Low,sad,0,Negative,False,0,0.267143,clip,0.271738,1,False,High,excited,Positive,0.0,0.0,,False,False,False,track2_0693,0.271738,sad->excited,hold,insufficient_v21_evidence,0.213109,hold
public_inclusive,Low,calm,0,Positive,False,43,0.357692,,0.0,0,False,Low,content,Positive,0.0,0.357692,,True,True,True,track2_0126,0.357692,calm->content,hold,insufficient_v21_evidence,0.211346,hold
clip,Low,calm,0,Positive,False,0,0.24935,clip,0.270931,1,False,High,excited,Positive,0.0,0.0,,False,False,True,track2_0375,0.270931,calm->excited,hold,insufficient_v21_evidence,0.210879,hold
"public_clean,public_inclusive",High,excited,0,Positive,False,0,0.354986,,0.0,0,False,High,alarmed,Negative,0.0,0.354986,,True,False,False,track2_0590,0.354986,excited->alarmed,hold,insufficient_v21_evidence,0.208234,hold
"public_clean,public_inclusive",Low,content,0,Positive,False,20,0.354551,,0.0,0,False,Low,calm,Positive,0.0,0.354551,,True,True,True,track2_0017,0.354551,content->calm,hold,insufficient_v21_evidence,0.207734,hold
clip,Low,tired,0,Negative,False,0,0.258943,clip,0.266421,1,False,Low,bored,Negative,0.0,0.0,,True,True,True,track2_0048,0.266421,tired->bored,hold,insufficient_v21_evidence,0.207136,hold
siglip2,Low,bored,0,Negative,False,0,0.249939,siglip2,0.266281,1,False,Low,tired,Negative,0.0,0.0,,True,True,True,track2_0563,0.266281,bored->tired,hold,insufficient_v21_evidence,0.206276,hold
clip,Low,content,0,Positive,False,0,0.254931,clip,0.265375,1,False,High,excited,Positive,0.0,0.0,,False,False,True,track2_0778,0.265375,content->excited,hold,insufficient_v21_evidence,0.205769,hold
clip,High,alarmed,0,Negative,False,0,0.254883,clip,0.264784,1,False,High,frustrated,Negative,0.0,0.0,,True,True,True,track2_0714,0.264784,alarmed->frustrated,hold,insufficient_v21_evidence,0.205175,hold
clip,Low,bored,0,Negative,False,0,0.257779,clip,0.264067,1,False,High,excited,Positive,0.0,0.0,,False,False,False,track2_0736,0.264067,bored->excited,hold,insufficient_v21_evidence,0.204689,hold
clip,Low,content,0,Positive,False,20,0.250962,clip,0.264024,1,False,Low,calm,Positive,0.0,0.0,,True,True,True,track2_0815,0.264024,content->calm,hold,insufficient_v21_evidence,0.204101,hold
clip,High,frustrated,0,Negative,False,0,0.250521,clip,0.263023,1,False,High,aroused,Positive,0.0,0.0,,True,False,False,track2_0223,0.263023,frustrated->aroused,hold,insufficient_v21_evidence,0.203065,hold
clip,Low,content,0,Positive,False,0,0.249785,clip,0.262234,1,False,High,excited,Positive,0.0,0.0,,False,False,True,track2_0329,0.262234,content->excited,hold,insufficient_v21_evidence,0.202217,hold
"public_clean,public_inclusive",Low,calm,0,Positive,False,43,0.349357,,0.0,0,False,Low,content,Positive,0.0,0.349357,,True,True,True,track2_0400,0.349357,calm->content,hold,insufficient_v21_evidence,0.201761,hold
dinov2,Low,calm,0,Positive,False,0,0.247949,dinov2,0.261118,1,False,Low,bored,Negative,0.0,0.0,,True,False,False,track2_0473,0.261118,calm->bored,hold,insufficient_v21_evidence,0.200954,hold
siglip2,High,annoyed,0,Negative,False,0,0.244005,siglip2,0.261326,1,False,High,excited,Positive,0.0,0.0,,True,False,False,track2_0184,0.261326,annoyed->excited,hold,insufficient_v21_evidence,0.200846,hold
dinov2,Low,tired,0,Negative,False,3,0.24743,dinov2,0.260828,1,False,Low,sad,Negative,0.0,0.0,,True,True,True,track2_0450,0.260828,tired->sad,hold,insufficient_v21_evidence,0.200622,hold
clip,High,alarmed,0,Negative,False,0,0.252505,clip,0.260236,1,False,Low,sad,Negative,0.0,0.0,,False,False,True,track2_0716,0.260236,alarmed->sad,hold,insufficient_v21_evidence,0.200436,hold
dinov2,High,aroused,0,Positive,False,1,0.256372,dinov2,0.2589,1,False,High,excited,Positive,0.0,0.0,,True,True,True,track2_0224,0.2589,aroused->excited,hold,insufficient_v21_evidence,0.19941,hold
clip,High,excited,0,Positive,False,1,0.256483,clip,0.258352,1,False,High,happy,Positive,0.0,0.0,,True,True,True,track2_0488,0.258352,excited->happy,hold,insufficient_v21_evidence,0.198871,hold
dinov2,Low,calm,0,Positive,False,0,0.24396,dinov2,0.259309,1,False,High,aroused,Positive,0.0,0.0,,False,False,True,track2_0459,0.259309,calm->aroused,hold,insufficient_v21_evidence,0.198826,hold
dinov2,High,aroused,0,Positive,False,0,0.253975,dinov2,0.258051,1,False,Low,bored,Negative,0.0,0.0,,False,False,False,track2_0518,0.258051,aroused->bored,hold,insufficient_v21_evidence,0.198369,hold
siglip2,Low,calm,0,Positive,False,0,0.256014,siglip2,0.257666,1,False,High,annoyed,Negative,0.0,0.0,,False,False,False,track2_0141,0.257666,calm->annoyed,hold,insufficient_v21_evidence,0.198147,hold
clip,High,frustrated,0,Negative,False,0,0.2495,clip,0.257105,1,False,High,annoyed,Negative,0.0,0.0,,True,True,True,track2_0096,0.257105,frustrated->annoyed,hold,insufficient_v21_evidence,0.197065,hold
clip,High,aroused,0,Positive,False,0,0.252583,clip,0.25637,1,False,Low,bored,Negative,0.0,0.0,,False,False,False,track2_0603,0.25637,aroused->bored,hold,insufficient_v21_evidence,0.196577,hold
dinov2,High,aroused,0,Positive,False,1,0.243836,dinov2,0.254881,1,False,High,excited,Positive,0.0,0.0,,True,True,True,track2_0873,0.254881,aroused->excited,hold,insufficient_v21_evidence,0.194388,hold
dinov2,High,frustrated,0,Negative,False,0,0.251265,dinov2,0.253823,1,False,High,aroused,Positive,0.0,0.0,,True,False,False,track2_0041,0.253823,frustrated->aroused,hold,insufficient_v21_evidence,0.193924,hold
dinov2,Low,sad,0,Negative,False,0,0.248983,dinov2,0.251567,1,False,High,annoyed,Negative,0.0,0.0,,False,False,True,track2_0804,0.251567,sad->annoyed,hold,insufficient_v21_evidence,0.191486,hold
clip,High,annoyed,0,Negative,False,0,0.243409,clip,0.250986,1,False,High,frustrated,Negative,0.0,0.0,,True,True,True,track2_0547,0.250986,annoyed->frustrated,hold,insufficient_v21_evidence,0.190459,hold
dinov2,Low,calm,0,Positive,False,0,0.234473,dinov2,0.250692,1,False,High,happy,Positive,0.0,0.0,,False,False,True,track2_0072,0.250692,calm->happy,hold,insufficient_v21_evidence,0.18945,hold
clip,High,alarmed,0,Negative,False,0,0.231109,clip,0.249722,1,False,Low,bored,Negative,0.0,0.0,,False,False,True,track2_0769,0.249722,alarmed->bored,hold,insufficient_v21_evidence,0.188211,hold
dinov2,Low,tired,0,Negative,False,0,0.243047,dinov2,0.248703,1,False,Low,glad,Positive,0.0,0.0,,True,False,False,track2_0177,0.248703,tired->glad,hold,insufficient_v21_evidence,0.188147,hold
"public_clean,public_inclusive",High,frustrated,0,Negative,False,0,0.335992,,0.0,0,False,High,annoyed,Negative,0.0,0.335992,,True,True,True,track2_0962,0.335992,frustrated->annoyed,hold,insufficient_v21_evidence,0.186391,hold
clip,High,frustrated,0,Negative,False,0,0.240675,clip,0.246765,1,False,High,annoyed,Negative,0.0,0.0,,True,True,True,track2_0673,0.246765,frustrated->annoyed,hold,insufficient_v21_evidence,0.186019,hold
dinov2,Low,calm,0,Positive,False,43,0.242818,dinov2,0.243844,1,False,Low,content,Positive,0.0,0.0,,True,True,True,track2_0591,0.243844,calm->content,hold,insufficient_v21_evidence,0.183269,hold
dinov2,High,alarmed,0,Negative,False,0,0.242796,dinov2,0.243193,1,False,High,aroused,Positive,0.0,0.0,,True,False,False,track2_0327,0.243193,alarmed->aroused,hold,insufficient_v21_evidence,0.182617,hold
siglip2,High,annoyed,0,Negative,False,0,0.239502,siglip2,0.243185,1,False,Low,content,Positive,0.0,0.0,,False,False,False,track2_0418,0.243185,annoyed->content,hold,insufficient_v21_evidence,0.182345,hold
siglip2,Low,content,0,Positive,False,0,0.241582,siglip2,0.242653,1,False,High,annoyed,Negative,0.0,0.0,,False,False,False,track2_0815,0.242653,content->annoyed,hold,insufficient_v21_evidence,0.18198,hold
clip,High,alarmed,0,Negative,False,0,0.241508,clip,0.24233,1,False,Low,bored,Negative,0.0,0.0,,False,False,True,track2_0799,0.24233,alarmed->bored,hold,insufficient_v21_evidence,0.181651,hold
dinov2,Low,calm,0,Positive,False,0,0.239822,dinov2,0.242388,1,False,Low,sad,Negative,0.0,0.0,,True,False,False,track2_0162,0.242388,calm->sad,hold,insufficient_v21_evidence,0.181574,hold
clip,Low,content,0,Positive,False,0,0.228402,clip,0.240957,1,False,High,happy,Positive,0.0,0.0,,False,False,True,track2_0201,0.240957,content->happy,hold,insufficient_v21_evidence,0.179229,hold
clip,Low,content,0,Positive,False,0,0.221664,clip,0.241044,1,False,Low,sad,Negative,0.0,0.0,,True,False,False,track2_0816,0.241044,content->sad,hold,insufficient_v21_evidence,0.178777,hold
dinov2,High,aroused,0,Positive,False,0,0.222655,dinov2,0.240815,1,False,High,annoyed,Negative,0.0,0.0,,True,False,False,track2_0203,0.240815,aroused->annoyed,hold,insufficient_v21_evidence,0.178627,hold
clip,High,aroused,0,Positive,False,0,0.234276,clip,0.238468,1,False,Low,tired,Negative,0.0,0.0,,False,False,False,track2_0070,0.238468,aroused->tired,hold,insufficient_v21_evidence,0.17721,hold
public_inclusive,Low,content,0,Positive,False,20,0.327496,,0.0,0,False,Low,calm,Positive,0.0,0.327496,,True,True,True,track2_0308,0.327496,content->calm,hold,insufficient_v21_evidence,0.17662,hold
clip,High,frustrated,0,Negative,False,0,0.228236,clip,0.237206,1,False,Low,tired,Negative,0.0,0.0,,False,False,True,track2_0245,0.237206,frustrated->tired,hold,insufficient_v21_evidence,0.175465,hold
clip,High,alarmed,0,Negative,False,0,0.230405,clip,0.23685,1,False,High,aroused,Positive,0.0,0.0,,True,False,False,track2_0380,0.23685,alarmed->aroused,hold,insufficient_v21_evidence,0.175282,hold
clip,Low,content,0,Positive,False,0,0.217215,clip,0.237391,1,False,Low,bored,Negative,0.0,0.0,,True,False,False,track2_0012,0.237391,content->bored,hold,insufficient_v21_evidence,0.174768,hold
dinov2,High,alarmed,0,Negative,False,0,0.235496,dinov2,0.235826,1,False,Low,tired,Negative,0.0,0.0,,False,False,True,track2_0878,0.235826,alarmed->tired,hold,insufficient_v21_evidence,0.174666,hold
dinov2,Low,calm,0,Positive,False,0,0.225872,dinov2,0.236404,1,False,High,happy,Positive,0.0,0.0,,False,False,True,track2_0872,0.236404,calm->happy,hold,insufficient_v21_evidence,0.174474,hold
dinov2,High,alarmed,0,Negative,False,0,0.22973,dinov2,0.235334,1,False,High,excited,Positive,0.0,0.0,,True,False,False,track2_0380,0.235334,alarmed->excited,hold,insufficient_v21_evidence,0.173712,hold
dinov2,High,excited,0,Positive,False,0,0.232177,dinov2,0.23412,1,False,Low,calm,Positive,0.0,0.0,,False,False,True,track2_0590,0.23412,excited->calm,hold,insufficient_v21_evidence,0.172694,hold
clip,Low,calm,0,Positive,False,0,0.229722,clip,0.232401,1,False,Low,sad,Negative,0.0,0.0,,True,False,False,track2_0959,0.232401,calm->sad,hold,insufficient_v21_evidence,0.170779,hold
dinov2,Low,bored,0,Negative,False,0,0.222389,dinov2,0.232945,1,False,High,frustrated,Negative,0.0,0.0,,False,False,True,track2_0231,0.232945,bored->frustrated,hold,insufficient_v21_evidence,0.170736,hold
clip,High,annoyed,0,Negative,False,0,0.224154,clip,0.230212,1,False,High,excited,Positive,0.0,0.0,,True,False,False,track2_0187,0.230212,annoyed->excited,hold,insufficient_v21_evidence,0.168144,hold
clip,High,annoyed,0,Negative,False,0,0.218463,clip,0.228373,1,False,Low,tired,Negative,0.0,0.0,,False,False,True,track2_0184,0.228373,annoyed->tired,hold,insufficient_v21_evidence,0.16585,hold
clip,Low,bored,0,Negative,False,0,0.217394,clip,0.228351,1,False,Low,calm,Positive,0.0,0.0,,True,False,False,track2_0071,0.228351,bored->calm,hold,insufficient_v21_evidence,0.165743,hold
clip,Low,content,0,Positive,False,0,0.217394,clip,0.227233,1,False,High,alarmed,Negative,0.0,0.0,,False,False,False,track2_0927,0.227233,content->alarmed,hold,insufficient_v21_evidence,0.164625,hold
dinov2,High,aroused,0,Positive,False,0,0.216771,dinov2,0.225335,1,False,Low,tired,Negative,0.0,0.0,,False,False,False,track2_0356,0.225335,aroused->tired,hold,insufficient_v21_evidence,0.162677,hold
clip,High,frustrated,0,Negative,False,0,0.221384,clip,0.224427,1,False,Low,content,Positive,0.0,0.0,,False,False,False,track2_0574,0.224427,frustrated->content,hold,insufficient_v21_evidence,0.162138,hold
clip,High,annoyed,0,Negative,False,0,0.221546,clip,0.224011,1,False,High,aroused,Positive,0.0,0.0,,True,False,False,track2_0511,0.224011,annoyed->aroused,hold,insufficient_v21_evidence,0.161735,hold
clip,Low,calm,0,Positive,False,0,0.207566,clip,0.221837,1,False,High,alarmed,Negative,0.0,0.0,,False,False,False,track2_0833,0.221837,calm->alarmed,hold,insufficient_v21_evidence,0.158442,hold
dinov2,High,frustrated,0,Negative,False,0,0.201326,dinov2,0.222241,1,False,High,annoyed,Negative,0.0,0.0,,True,True,True,track2_0621,0.222241,frustrated->annoyed,hold,insufficient_v21_evidence,0.158347,hold
siglip2,Low,glad,0,Positive,False,4,0.213748,siglip2,0.216993,1,False,Low,content,Positive,0.0,0.0,,True,True,True,track2_0643,0.216993,glad->content,hold,insufficient_v21_evidence,0.154093,hold
"public_clean,public_inclusive",Low,calm,0,Positive,False,0,0.307053,,0.0,0,False,Low,sad,Negative,0.0,0.307053,,True,False,False,track2_0607,0.307053,calm->sad,hold,insufficient_v21_evidence,0.153111,hold
clip,Low,calm,0,Positive,False,0,0.212288,clip,0.215355,1,False,Low,bored,Negative,0.0,0.0,,True,False,False,track2_0607,0.215355,calm->bored,hold,insufficient_v21_evidence,0.152338,hold
clip,Low,sad,0,Negative,False,0,0.20092,clip,0.214094,1,False,High,excited,Positive,0.0,0.0,,False,False,False,track2_0717,0.214094,sad->excited,hold,insufficient_v21_evidence,0.150168,hold
clip,Low,calm,0,Positive,False,0,0.203973,clip,0.213782,1,False,High,annoyed,Negative,0.0,0.0,,False,False,False,track2_0802,0.213782,calm->annoyed,hold,insufficient_v21_evidence,0.1501,hold
dinov2,High,alarmed,0,Negative,False,0,0.209095,dinov2,0.213298,1,False,Low,tired,Negative,0.0,0.0,,False,False,True,track2_0666,0.213298,alarmed->tired,hold,insufficient_v21_evidence,0.150026,hold
dinov2,Low,sad,0,Negative,False,0,0.203473,dinov2,0.21328,1,False,High,alarmed,Negative,0.0,0.0,,False,False,True,track2_0992,0.21328,sad->alarmed,hold,insufficient_v21_evidence,0.149558,hold
clip,High,aroused,0,Positive,False,0,0.204554,clip,0.209049,1,False,High,frustrated,Negative,0.0,0.0,,True,False,False,track2_0542,0.209049,aroused->frustrated,hold,insufficient_v21_evidence,0.145413,hold
dinov2,High,frustrated,0,Negative,False,0,0.204552,dinov2,0.20658,1,False,High,aroused,Positive,0.0,0.0,,True,False,False,track2_0641,0.20658,frustrated->aroused,hold,insufficient_v21_evidence,0.142944,hold
clip,Low,content,0,Positive,False,0,0.202252,clip,0.206083,1,False,High,excited,Positive,0.0,0.0,,False,False,True,track2_0035,0.206083,content->excited,hold,insufficient_v21_evidence,0.142263,hold
dinov2,Low,content,0,Positive,False,0,0.202568,dinov2,0.205008,1,False,High,excited,Positive,0.0,0.0,,False,False,True,track2_0012,0.205008,content->excited,hold,insufficient_v21_evidence,0.141213,hold
clip,High,excited,0,Positive,False,1,0.194702,clip,0.205441,1,False,High,happy,Positive,0.0,0.0,,True,True,True,track2_0554,0.205441,excited->happy,hold,insufficient_v21_evidence,0.141017,hold
clip,Low,calm,0,Positive,False,0,0.192869,clip,0.205131,1,False,High,annoyed,Negative,0.0,0.0,,False,False,False,track2_0108,0.205131,calm->annoyed,hold,insufficient_v21_evidence,0.140561,hold
public_clean,High,annoyed,0,Negative,False,0,0.29557,,0.0,0,False,Low,bored,Negative,0.0,0.29557,,False,False,True,track2_0842,0.29557,annoyed->bored,hold,insufficient_v21_evidence,0.139905,hold
clip,Low,calm,0,Positive,False,0,0.190518,clip,0.202199,1,False,High,aroused,Positive,0.0,0.0,,False,False,True,track2_0172,0.202199,calm->aroused,hold,insufficient_v21_evidence,0.13744,hold
"public_clean,public_inclusive",Low,content,0,Positive,False,0,0.292443,,0.0,0,False,High,happy,Positive,0.0,0.292443,,False,False,True,track2_0787,0.292443,content->happy,hold,insufficient_v21_evidence,0.136309,hold
dinov2,Low,calm,0,Positive,False,0,0.182315,dinov2,0.19267,1,False,High,aroused,Positive,0.0,0.0,,False,False,True,track2_0535,0.19267,calm->aroused,hold,insufficient_v21_evidence,0.127255,hold
clip,Low,calm,0,Positive,False,0,0.187449,clip,0.192108,1,False,High,frustrated,Negative,0.0,0.0,,False,False,False,track2_0005,0.192108,calm->frustrated,hold,insufficient_v21_evidence,0.127104,hold
dinov2,High,annoyed,0,Negative,False,0,0.182662,dinov2,0.191443,1,False,Low,bored,Negative,0.0,0.0,,False,False,True,track2_0825,0.191443,annoyed->bored,hold,insufficient_v21_evidence,0.126056,hold
clip,High,aroused,0,Positive,False,0,0.188485,clip,0.189684,1,False,Low,bored,Negative,0.0,0.0,,False,False,False,track2_0683,0.189684,aroused->bored,hold,insufficient_v21_evidence,0.124763,hold
dinov2,Low,calm,0,Positive,False,0,0.188282,dinov2,0.189177,1,False,Low,tired,Negative,0.0,0.0,,True,False,False,track2_0015,0.189177,calm->tired,hold,insufficient_v21_evidence,0.12424,hold
clip,High,happy,0,Positive,False,0,0.183813,clip,0.189275,1,False,Low,content,Positive,0.0,0.0,,False,False,True,track2_0453,0.189275,happy->content,hold,insufficient_v21_evidence,0.12398,hold
clip,High,frustrated,0,Negative,False,0,0.187857,clip,0.187877,1,False,Low,tired,Negative,0.0,0.0,,False,False,True,track2_0828,0.187877,frustrated->tired,hold,insufficient_v21_evidence,0.122906,hold
dinov2,High,alarmed,0,Negative,False,0,0.185136,dinov2,0.186553,1,False,Low,bored,Negative,0.0,0.0,,False,False,True,track2_0476,0.186553,alarmed->bored,hold,insufficient_v21_evidence,0.121364,hold
clip,High,alarmed,0,Negative,False,0,0.176508,clip,0.181494,1,False,High,excited,Positive,0.0,0.0,,True,False,False,track2_0649,0.181494,alarmed->excited,hold,insufficient_v21_evidence,0.115615,hold
dinov2,High,frustrated,0,Negative,False,0,0.175728,dinov2,0.177072,1,False,High,aroused,Positive,0.0,0.0,,True,False,False,track2_0574,0.177072,frustrated->aroused,hold,insufficient_v21_evidence,0.11113,hold
clip,Low,calm,0,Positive,False,0,0.174086,clip,0.174674,1,False,Low,sad,Negative,0.0,0.0,,True,False,False,track2_0454,0.174674,calm->sad,hold,insufficient_v21_evidence,0.108601,hold
dinov2,Low,content,0,Positive,False,0,0.169415,dinov2,0.174939,1,False,High,aroused,Positive,0.0,0.0,,False,False,True,track2_0317,0.174939,content->aroused,hold,insufficient_v21_evidence,0.108492,hold
siglip2,Low,calm,0,Positive,False,0,0.162617,siglip2,0.16543,1,False,Low,tired,Negative,0.0,0.0,,True,False,False,track2_0315,0.16543,calm->tired,hold,insufficient_v21_evidence,0.098439,hold
siglip2,High,alarmed,0,Negative,False,0,0.158614,siglip2,0.160234,1,False,Low,sad,Negative,0.0,0.0,,False,False,True,track2_0714,0.160234,alarmed->sad,hold,insufficient_v21_evidence,0.092923,hold
"public_clean,public_inclusive",Low,calm,0,Positive,False,0,0.248308,,0.0,0,False,High,aroused,Positive,0.0,0.248308,,False,False,True,track2_0005,0.248308,calm->aroused,hold,insufficient_v21_evidence,0.085554,hold
"public_clean,public_inclusive",High,excited,0,Positive,False,0,0.246433,,0.0,0,False,Low,content,Positive,0.0,0.246433,,False,False,True,track2_0488,0.246433,excited->content,hold,insufficient_v21_evidence,0.083398,hold
dinov2,Low,calm,0,Positive,False,0,0.145024,dinov2,0.145384,1,False,Low,bored,Negative,0.0,0.0,,True,False,False,track2_0360,0.145384,calm->bored,hold,insufficient_v21_evidence,0.076986,hold
"public_clean,public_inclusive",High,frustrated,0,Negative,False,0,0.233934,,0.0,0,False,Low,sad,Negative,0.0,0.233934,,False,False,True,track2_0708,0.233934,frustrated->sad,hold,insufficient_v21_evidence,0.069024,hold
"public_clean,public_inclusive",Low,sad,0,Negative,False,0,0.231792,,0.0,0,False,High,alarmed,Negative,0.0,0.231792,,False,False,True,track2_0545,0.231792,sad->alarmed,hold,insufficient_v21_evidence,0.066561,hold
public_clean,Low,calm,0,Positive,False,43,0.230312,,0.0,0,False,Low,content,Positive,0.0,0.230312,,True,True,True,track2_0015,0.230312,calm->content,hold,insufficient_v21_evidence,0.064859,hold
"public_clean,public_inclusive",Low,glad,0,Positive,False,0,0.221551,,0.0,0,False,High,excited,Positive,0.0,0.221551,,False,False,True,track2_0643,0.221551,glad->excited,hold,insufficient_v21_evidence,0.054784,hold
public_inclusive,High,annoyed,0,Negative,False,0,0.219893,,0.0,0,False,High,excited,Positive,0.0,0.219893,,True,False,False,track2_0547,0.219893,annoyed->excited,hold,insufficient_v21_evidence,0.052877,hold
"public_clean,public_inclusive",High,aroused,0,Positive,False,0,0.219207,,0.0,0,False,High,annoyed,Negative,0.0,0.219207,,True,False,False,track2_0542,0.219207,aroused->annoyed,hold,insufficient_v21_evidence,0.052088,hold
"public_clean,public_inclusive",Low,glad,0,Positive,False,4,0.217023,,0.0,0,False,Low,content,Positive,0.0,0.217023,,True,True,True,track2_0913,0.217023,glad->content,hold,insufficient_v21_evidence,0.049576,hold
"public_clean,public_inclusive",High,annoyed,0,Negative,False,0,0.215517,,0.0,0,False,Low,bored,Negative,0.0,0.215517,,False,False,True,track2_0184,0.215517,annoyed->bored,hold,insufficient_v21_evidence,0.047845,hold
public_clean,High,alarmed,0,Negative,False,0,0.202362,,0.0,0,False,Low,calm,Positive,0.0,0.202362,,False,False,False,track2_0423,0.202362,alarmed->calm,hold,insufficient_v21_evidence,0.032716,hold
public_inclusive,Low,tired,0,Negative,False,0,0.196752,,0.0,0,False,High,aroused,Positive,0.0,0.196752,,False,False,False,track2_0884,0.196752,tired->aroused,hold,insufficient_v21_evidence,0.026265,hold
"public_clean,public_inclusive",High,frustrated,0,Negative,False,0,0.195243,,0.0,0,False,Low,bored,Negative,0.0,0.195243,,False,False,True,track2_0039,0.195243,frustrated->bored,hold,insufficient_v21_evidence,0.024529,hold
public_inclusive,High,annoyed,0,Negative,False,0,0.184935,,0.0,0,False,High,aroused,Positive,0.0,0.184935,,True,False,False,track2_0623,0.184935,annoyed->aroused,hold,insufficient_v21_evidence,0.012675,hold
public_inclusive,Low,calm,0,Positive,False,0,0.174875,,0.0,0,False,High,frustrated,Negative,0.0,0.174875,,False,False,False,track2_0162,0.174875,calm->frustrated,hold,insufficient_v21_evidence,0.001106,hold
public_inclusive,High,annoyed,0,Negative,False,0,0.173158,,0.0,0,False,Low,calm,Positive,0.0,0.173158,,False,False,False,track2_0511,0.173158,annoyed->calm,hold,insufficient_v21_evidence,-0.000868,hold
public_clean,High,aroused,0,Positive,False,0,0.170236,,0.0,0,False,Low,calm,Positive,0.0,0.170236,,False,False,True,track2_0332,0.170236,aroused->calm,hold,insufficient_v21_evidence,-0.004229,hold
public_inclusive,High,aroused,0,Positive,False,0,0.165557,,0.0,0,False,Low,tired,Negative,0.0,0.165557,,False,False,False,track2_0332,0.165557,aroused->tired,hold,insufficient_v21_evidence,-0.009609,hold
public_inclusive,Low,content,0,Positive,False,0,0.155979,,0.0,0,False,High,frustrated,Negative,0.0,0.155979,,False,False,False,track2_0539,0.155979,content->frustrated,hold,insufficient_v21_evidence,-0.020624,hold
"public_clean,public_inclusive",High,alarmed,0,Negative,False,0,0.154362,,0.0,0,False,Low,tired,Negative,0.0,0.154362,,False,False,True,track2_0714,0.154362,alarmed->tired,hold,insufficient_v21_evidence,-0.022484,hold
