sample_id,current_emotion,proposed_emotion,transition,current_valence,current_arousal,proposed_valence,proposed_arousal,same_valence,same_arousal,model_vote_count,model_sources,all_sources,support_score,model_support_score,public_style_support_score,public_duplicate_support_score,max_confidence,exact_duplicate,near_duplicate,failed_transition_count,current_label_issue_count,rationale
track2_0869,content,calm,content->calm,Positive,Low,Positive,Low,True,True,3,"clip,dinov2,siglip2","clip,dinov2,public_clean,public_inclusive,public_near_public_duplicate,siglip2",4.105959,2.471994,0.673441,0.960524,0.960524,False,True,20,0,near_public_duplicate supports calm | near_public_duplicate supports calm
track2_0210,content,calm,content->calm,Positive,Low,Positive,Low,True,True,3,"clip,dinov2,siglip2","clip,dinov2,public_clean,public_inclusive,public_near_public_duplicate,siglip2",4.026318,2.339964,0.719026,0.967328,0.967328,False,True,20,0,near_public_duplicate supports calm | near_public_duplicate supports calm
track2_0555,content,calm,content->calm,Positive,Low,Positive,Low,True,True,3,"clip,dinov2,siglip2","clip,dinov2,public_clean,public_inclusive,public_near_public_duplicate,siglip2",3.999145,2.41318,0.625225,0.96074,0.96074,False,True,20,0,near_public_duplicate supports calm | near_public_duplicate supports calm | near_public_duplicate supports calm | near_public_duplicate supports calm | near_public_duplicate supports calm | near_public_duplicate supports calm
track2_0871,content,calm,content->calm,Positive,Low,Positive,Low,True,True,3,"clip,dinov2,siglip2","clip,dinov2,public_clean,public_inclusive,public_near_public_duplicate,siglip2",3.909167,2.250468,0.701004,0.957695,0.957695,False,True,20,0,near_public_duplicate supports calm | near_public_duplicate supports calm
track2_0914,content,calm,content->calm,Positive,Low,Positive,Low,True,True,3,"clip,dinov2,siglip2","clip,dinov2,public_clean,public_inclusive,public_near_public_duplicate,siglip2",3.868859,2.306019,0.610013,0.952827,0.952827,False,True,20,0,near_public_duplicate supports calm | near_public_duplicate supports calm
track2_0382,content,excited,content->excited,Positive,Low,Positive,High,True,False,3,"clip,dinov2,siglip2","clip,dinov2,public_clean,public_inclusive,public_near_public_duplicate,siglip2",3.836488,2.312308,0.573747,0.950433,0.950433,False,True,0,0,near_public_duplicate supports excited | near_public_duplicate supports excited
track2_0505,tired,calm,tired->calm,Negative,Low,Positive,Low,False,True,3,"clip,dinov2,siglip2","clip,dinov2,public_clean,public_inclusive,siglip2",3.539626,2.790692,0.748934,0.0,0.812231,False,False,0,0,
track2_0765,content,calm,content->calm,Positive,Low,Positive,Low,True,True,3,"clip,dinov2,siglip2","clip,dinov2,public_clean,public_inclusive,siglip2",3.45764,2.674845,0.782795,0.0,0.788351,False,False,20,0,
track2_0651,content,calm,content->calm,Positive,Low,Positive,Low,True,True,3,"clip,dinov2,siglip2","clip,dinov2,public_clean,public_inclusive,siglip2",3.453393,2.674829,0.778564,0.0,0.788968,False,False,20,0,
track2_0956,content,calm,content->calm,Positive,Low,Positive,Low,True,True,3,"clip,dinov2,siglip2","clip,dinov2,public_clean,public_inclusive,siglip2",3.452966,2.597926,0.85504,0.0,0.865907,False,False,20,0,
track2_0410,content,calm,content->calm,Positive,Low,Positive,Low,True,True,3,"clip,dinov2,siglip2","clip,dinov2,public_clean,public_inclusive,siglip2",3.381239,2.618962,0.762277,0.0,0.830776,False,False,20,0,
track2_0044,content,calm,content->calm,Positive,Low,Positive,Low,True,True,3,"clip,dinov2,siglip2","clip,dinov2,public_clean,public_inclusive,siglip2",3.372376,2.663235,0.709141,0.0,0.78318,False,False,20,0,
track2_0880,content,calm,content->calm,Positive,Low,Positive,Low,True,True,3,"clip,dinov2,siglip2","clip,dinov2,public_clean,public_inclusive,siglip2",3.368106,2.617604,0.750502,0.0,0.783169,False,False,20,0,
track2_0942,content,calm,content->calm,Positive,Low,Positive,Low,True,True,3,"clip,dinov2,siglip2","clip,dinov2,public_clean,public_inclusive,siglip2",3.30567,2.586274,0.719396,0.0,0.749026,False,False,20,0,
track2_0580,content,calm,content->calm,Positive,Low,Positive,Low,True,True,3,"clip,dinov2,siglip2","clip,dinov2,public_clean,public_inclusive,siglip2",3.275672,2.551767,0.723905,0.0,0.755085,False,False,20,0,
track2_0704,content,calm,content->calm,Positive,Low,Positive,Low,True,True,3,"clip,dinov2,siglip2","clip,dinov2,public_clean,public_inclusive,siglip2",3.267305,2.523067,0.744238,0.0,0.779179,False,False,20,0,
track2_0718,content,calm,content->calm,Positive,Low,Positive,Low,True,True,3,"clip,dinov2,siglip2","clip,dinov2,public_clean,public_inclusive,siglip2",3.251046,2.629418,0.621628,0.0,0.806466,False,False,20,0,
track2_0515,content,calm,content->calm,Positive,Low,Positive,Low,True,True,3,"clip,dinov2,siglip2","clip,dinov2,public_clean,public_inclusive,siglip2",3.249106,2.508492,0.740614,0.0,0.740614,False,False,20,0,
track2_0941,content,calm,content->calm,Positive,Low,Positive,Low,True,True,3,"clip,dinov2,siglip2","clip,dinov2,public_clean,public_inclusive,siglip2",3.218878,2.508392,0.710486,0.0,0.776759,False,False,20,0,
track2_0270,content,calm,content->calm,Positive,Low,Positive,Low,True,True,3,"clip,dinov2,siglip2","clip,dinov2,public_clean,public_inclusive,siglip2",3.177859,2.475075,0.702784,0.0,0.763472,False,False,20,0,
track2_0196,tired,sad,tired->sad,Negative,Low,Negative,Low,True,True,3,"clip,dinov2,siglip2","clip,dinov2,public_clean,public_inclusive,siglip2",3.129731,2.598094,0.531637,0.0,0.822765,False,False,3,0,
track2_0280,content,calm,content->calm,Positive,Low,Positive,Low,True,True,3,"clip,dinov2,siglip2","clip,dinov2,public_clean,public_inclusive,siglip2",3.110749,2.392913,0.717836,0.0,0.717836,False,False,20,0,
track2_0809,content,calm,content->calm,Positive,Low,Positive,Low,True,True,3,"clip,dinov2,siglip2","clip,dinov2,public_clean,public_inclusive,siglip2",3.089265,2.420368,0.668897,0.0,0.715888,False,False,20,0,
track2_0443,content,calm,content->calm,Positive,Low,Positive,Low,True,True,3,"clip,dinov2,siglip2","clip,dinov2,public_clean,public_inclusive,siglip2",3.071909,2.346549,0.72536,0.0,0.745742,False,False,20,0,
track2_0169,content,calm,content->calm,Positive,Low,Positive,Low,True,True,3,"clip,dinov2,siglip2","clip,dinov2,public_clean,public_inclusive,siglip2",3.028323,2.304232,0.724092,0.0,0.744333,False,False,20,0,
track2_0099,content,calm,content->calm,Positive,Low,Positive,Low,True,True,3,"clip,dinov2,siglip2","clip,dinov2,public_clean,public_inclusive,siglip2",3.012319,2.3847,0.627619,0.0,0.793806,False,False,20,0,
track2_0996,content,calm,content->calm,Positive,Low,Positive,Low,True,True,3,"clip,dinov2,siglip2","clip,dinov2,public_clean,public_inclusive,siglip2",3.008955,2.413591,0.595364,0.0,0.764003,False,False,20,0,
track2_0455,content,calm,content->calm,Positive,Low,Positive,Low,True,True,3,"clip,dinov2,siglip2","clip,dinov2,public_clean,public_inclusive,siglip2",3.004516,2.48509,0.519426,0.0,0.757141,False,False,20,0,
track2_0207,content,calm,content->calm,Positive,Low,Positive,Low,True,True,4,"clip,dinov2,gemini35,siglip2","clip,dinov2,gemini35,public_inclusive,siglip2",2.998041,2.551428,0.446613,0.0,0.85,False,False,20,0,"The gentle poses of the women looking out over the water and the soft, muted colors evoke a sense of quiet, peaceful stillness best described as calm."
track2_0832,content,calm,content->calm,Positive,Low,Positive,Low,True,True,3,"clip,dinov2,siglip2","clip,dinov2,public_clean,public_inclusive,siglip2",2.988754,2.329194,0.65956,0.0,0.727494,False,False,20,0,
track2_0557,content,calm,content->calm,Positive,Low,Positive,Low,True,True,3,"clip,dinov2,siglip2","clip,dinov2,public_clean,public_inclusive,siglip2",2.962273,2.357018,0.605255,0.0,0.750277,False,False,20,0,
track2_0441,annoyed,calm,annoyed->calm,Negative,High,Positive,Low,False,False,3,"clip,dinov2,siglip2","clip,dinov2,public_clean,public_inclusive,siglip2",2.956602,2.360111,0.596491,0.0,0.699742,False,False,0,0,
track2_0063,tired,sad,tired->sad,Negative,Low,Negative,Low,True,True,3,"clip,dinov2,siglip2","clip,dinov2,public_clean,public_inclusive,siglip2",2.956087,2.311161,0.644926,0.0,0.789427,False,False,3,0,
track2_0800,content,calm,content->calm,Positive,Low,Positive,Low,True,True,3,"clip,dinov2,siglip2","clip,dinov2,public_clean,public_inclusive,siglip2",2.954513,2.28543,0.669083,0.0,0.69676,False,False,20,0,
track2_0779,content,excited,content->excited,Positive,Low,Positive,High,True,False,3,"clip,dinov2,siglip2","clip,dinov2,public_clean,public_inclusive,siglip2",2.917541,2.43226,0.485281,0.0,0.867206,False,False,0,0,
track2_0618,sad,calm,sad->calm,Negative,Low,Positive,Low,False,True,3,"clip,dinov2,siglip2","clip,dinov2,public_clean,public_inclusive,siglip2",2.884137,2.224587,0.65955,0.0,0.691262,False,False,0,0,
track2_0087,content,calm,content->calm,Positive,Low,Positive,Low,True,True,3,"clip,dinov2,siglip2","clip,dinov2,public_clean,public_inclusive,siglip2",2.879463,2.270185,0.609278,0.0,0.752131,False,False,20,0,
track2_0481,content,calm,content->calm,Positive,Low,Positive,Low,True,True,3,"clip,dinov2,siglip2","clip,dinov2,public_clean,public_inclusive,siglip2",2.830227,2.193453,0.636774,0.0,0.696334,False,False,20,0,
track2_0678,content,calm,content->calm,Positive,Low,Positive,Low,True,True,3,"clip,dinov2,siglip2","clip,dinov2,public_clean,public_inclusive,siglip2",2.82341,2.209011,0.614399,0.0,0.712295,False,False,20,0,
track2_0925,calm,tired,calm->tired,Positive,Low,Negative,Low,False,True,3,"clip,dinov2,siglip2","clip,dinov2,public_clean,public_inclusive,siglip2",2.814453,2.252189,0.562264,0.0,0.805333,False,False,0,0,
track2_0233,tired,sad,tired->sad,Negative,Low,Negative,Low,True,True,3,"clip,dinov2,siglip2","clip,dinov2,public_clean,public_inclusive,siglip2",2.813789,2.285597,0.528192,0.0,0.672189,False,False,3,0,
track2_0998,content,excited,content->excited,Positive,Low,Positive,High,True,False,3,"clip,dinov2,siglip2","clip,dinov2,public_clean,public_inclusive,siglip2",2.812427,2.220685,0.591742,0.0,0.68756,False,False,0,0,
track2_0269,content,calm,content->calm,Positive,Low,Positive,Low,True,True,4,"clip,dinov2,gemini35,siglip2","clip,dinov2,gemini35,public_inclusive,siglip2",2.788954,2.395604,0.39335,0.0,0.85,False,False,20,0,"The serene landscape featuring Mount Fuji, the still water, and the muted, earthy color palette evoke a sense of calm stillness rather than active contentment."
track2_0504,tired,bored,tired->bored,Negative,Low,Negative,Low,True,True,3,"clip,dinov2,siglip2","clip,dinov2,public_clean,public_inclusive,siglip2",2.742527,2.141863,0.600664,0.0,0.668029,False,False,0,0,
track2_0335,content,calm,content->calm,Positive,Low,Positive,Low,True,True,3,"clip,dinov2,siglip2","clip,dinov2,public_clean,public_inclusive,siglip2",2.738516,2.099376,0.639139,0.0,0.703785,False,False,20,0,
track2_0830,content,calm,content->calm,Positive,Low,Positive,Low,True,True,3,"clip,dinov2,siglip2","clip,dinov2,public_clean,public_inclusive,siglip2",2.722182,1.982932,0.739249,0.0,0.782145,False,False,20,0,
track2_0451,content,calm,content->calm,Positive,Low,Positive,Low,True,True,3,"clip,dinov2,siglip2","clip,dinov2,public_clean,public_inclusive,siglip2",2.687428,2.05968,0.627748,0.0,0.650887,False,False,20,0,
track2_0396,content,calm,content->calm,Positive,Low,Positive,Low,True,True,3,"clip,dinov2,siglip2","clip,dinov2,public_clean,public_inclusive,siglip2",2.663339,2.071635,0.591704,0.0,0.692411,False,False,20,0,
track2_0806,annoyed,calm,annoyed->calm,Negative,High,Positive,Low,False,False,3,"clip,dinov2,siglip2","clip,dinov2,public_clean,public_inclusive,siglip2",2.652931,2.00115,0.651781,0.0,0.686459,False,False,0,0,
track2_0442,content,calm,content->calm,Positive,Low,Positive,Low,True,True,3,"clip,dinov2,siglip2","clip,dinov2,public_clean,public_inclusive,siglip2",2.609448,2.037142,0.572306,0.0,0.687987,False,False,20,0,
track2_0681,content,calm,content->calm,Positive,Low,Positive,Low,True,True,3,"clip,dinov2,siglip2","clip,dinov2,public_clean,public_inclusive,siglip2",2.598036,2.041333,0.556703,0.0,0.704227,False,False,20,0,
track2_0944,content,calm,content->calm,Positive,Low,Positive,Low,True,True,2,"clip,siglip2","clip,public_clean,public_inclusive,siglip2",2.558192,1.827214,0.730978,0.0,0.781004,False,False,20,0,
track2_0781,content,calm,content->calm,Positive,Low,Positive,Low,True,True,3,"clip,dinov2,siglip2","clip,dinov2,public_clean,public_inclusive,siglip2",2.556739,1.951445,0.605294,0.0,0.641051,False,False,20,0,
track2_0052,content,calm,content->calm,Positive,Low,Positive,Low,True,True,3,"clip,dinov2,siglip2","clip,dinov2,public_clean,public_inclusive,siglip2",2.554886,1.914395,0.640491,0.0,0.721007,False,False,20,0,
track2_0899,content,calm,content->calm,Positive,Low,Positive,Low,True,True,3,"clip,dinov2,siglip2","clip,dinov2,public_clean,public_inclusive,siglip2",2.543996,1.951327,0.592669,0.0,0.643132,False,False,20,0,
track2_0020,content,calm,content->calm,Positive,Low,Positive,Low,True,True,3,"clip,dinov2,siglip2","clip,dinov2,public_clean,public_inclusive,siglip2",2.539362,2.01325,0.526111,0.0,0.676246,False,False,20,0,
track2_0627,sad,calm,sad->calm,Negative,Low,Positive,Low,False,True,3,"clip,dinov2,siglip2","clip,dinov2,public_clean,public_inclusive,siglip2",2.51745,1.994005,0.523445,0.0,0.637413,False,False,0,0,
track2_0319,calm,bored,calm->bored,Positive,Low,Negative,Low,False,True,3,"clip,dinov2,siglip2","clip,dinov2,public_clean,public_inclusive,siglip2",2.511752,1.832689,0.679063,0.0,0.72914,False,False,0,0,
track2_0746,content,calm,content->calm,Positive,Low,Positive,Low,True,True,3,"clip,dinov2,siglip2","clip,dinov2,public_clean,public_inclusive,siglip2",2.492835,1.932643,0.560192,0.0,0.637835,False,False,20,0,
track2_0517,content,calm,content->calm,Positive,Low,Positive,Low,True,True,3,"clip,dinov2,siglip2","clip,dinov2,public_clean,public_inclusive,siglip2",2.492731,1.977662,0.515069,0.0,0.658936,False,False,20,0,
track2_0777,content,calm,content->calm,Positive,Low,Positive,Low,True,True,3,"clip,gemini35,siglip2","clip,gemini35,public_clean,siglip2",2.489308,2.023733,0.465575,0.0,0.85,False,False,20,0,"The quiet, static arrangement of scholarly objects and the muted, earthy color palette evoke a profound sense of calm stillness and meditative peace rather than active contentment."
track2_0030,alarmed,sad,alarmed->sad,Negative,High,Negative,Low,True,False,3,"clip,dinov2,siglip2","clip,dinov2,public_clean,public_inclusive,siglip2",2.467842,1.875804,0.592038,0.0,0.729156,False,False,0,0,
track2_0437,content,calm,content->calm,Positive,Low,Positive,Low,True,True,3,"clip,dinov2,siglip2","clip,dinov2,public_clean,public_inclusive,siglip2",2.463653,1.89383,0.569824,0.0,0.695319,False,False,20,0,
track2_0930,tired,sad,tired->sad,Negative,Low,Negative,Low,True,True,3,"clip,dinov2,siglip2","clip,dinov2,public_clean,public_inclusive,siglip2",2.45873,1.905413,0.553317,0.0,0.676176,False,False,3,0,
track2_0211,tired,calm,tired->calm,Negative,Low,Positive,Low,False,True,3,"clip,dinov2,siglip2","clip,dinov2,public_clean,public_inclusive,siglip2",2.456233,1.837752,0.618481,0.0,0.69046,False,False,0,0,
track2_0631,content,calm,content->calm,Positive,Low,Positive,Low,True,True,3,"clip,dinov2,siglip2","clip,dinov2,public_clean,public_inclusive,siglip2",2.446578,1.882706,0.563871,0.0,0.646089,False,False,20,0,
track2_0966,content,calm,content->calm,Positive,Low,Positive,Low,True,True,3,"clip,dinov2,siglip2","clip,dinov2,public_clean,public_inclusive,siglip2",2.427519,1.924028,0.503491,0.0,0.63165,False,False,20,0,
track2_0191,content,calm,content->calm,Positive,Low,Positive,Low,True,True,3,"clip,dinov2,siglip2","clip,dinov2,public_clean,public_inclusive,siglip2",2.42697,1.93158,0.49539,0.0,0.648318,False,False,20,0,
track2_0167,content,calm,content->calm,Positive,Low,Positive,Low,True,True,3,"clip,dinov2,siglip2","clip,dinov2,public_inclusive,siglip2",2.42458,1.909372,0.515208,0.0,0.720516,False,False,20,0,
track2_0928,content,calm,content->calm,Positive,Low,Positive,Low,True,True,3,"clip,dinov2,siglip2","clip,dinov2,public_clean,public_inclusive,siglip2",2.417712,1.865198,0.552514,0.0,0.616764,False,False,20,0,
track2_0056,tired,calm,tired->calm,Negative,Low,Positive,Low,False,True,3,"clip,dinov2,siglip2","clip,dinov2,public_clean,public_inclusive,siglip2",2.412097,1.926867,0.48523,0.0,0.700287,False,False,0,0,
track2_0994,content,calm,content->calm,Positive,Low,Positive,Low,True,True,3,"clip,dinov2,siglip2","clip,dinov2,public_clean,public_inclusive,siglip2",2.40447,1.873494,0.530976,0.0,0.639562,False,False,20,0,
track2_0271,content,calm,content->calm,Positive,Low,Positive,Low,True,True,2,"clip,siglip2","clip,public_clean,public_inclusive,siglip2",2.401836,1.693818,0.708018,0.0,0.762479,False,False,20,0,
track2_0964,excited,happy,excited->happy,Positive,High,Positive,High,True,True,3,"clip,dinov2,siglip2","clip,dinov2,public_clean,public_inclusive,siglip2",2.395768,1.861262,0.534506,0.0,0.669219,False,False,1,0,
track2_0369,annoyed,calm,annoyed->calm,Negative,High,Positive,Low,False,False,3,"clip,dinov2,siglip2","clip,dinov2,public_clean,public_inclusive,siglip2",2.39082,1.76156,0.62926,0.0,0.666584,False,False,0,0,
track2_0447,content,calm,content->calm,Positive,Low,Positive,Low,True,True,3,"clip,dinov2,siglip2","clip,dinov2,public_clean,public_inclusive,siglip2",2.38384,1.838914,0.544926,0.0,0.671495,False,False,20,0,
track2_0550,content,calm,content->calm,Positive,Low,Positive,Low,True,True,3,"clip,dinov2,siglip2","clip,dinov2,public_clean,public_inclusive,siglip2",2.380793,1.852734,0.528059,0.0,0.650267,False,False,20,0,
track2_0946,content,calm,content->calm,Positive,Low,Positive,Low,True,True,3,"clip,gemini35,siglip2","clip,gemini35,public_clean,siglip2",2.35899,1.92247,0.43652,0.0,0.85,False,False,20,0,"The serene, quiet depiction of nature with muted colors and elegant, balanced composition evokes a sense of calm stillness rather than active contentment."
track2_0575,tired,bored,tired->bored,Negative,Low,Negative,Low,True,True,3,"clip,dinov2,siglip2","clip,dinov2,public_clean,public_inclusive,siglip2",2.342766,1.816079,0.526687,0.0,0.699128,False,False,0,0,
track2_0756,content,calm,content->calm,Positive,Low,Positive,Low,True,True,3,"clip,gemini35,siglip2","clip,gemini35,public_clean,siglip2",2.34092,2.016021,0.324899,0.0,0.85,False,False,20,0,"The serene depiction of a boy playing a flute while riding a water buffalo under a tree, rendered in soft ink washes and muted tones, evokes a deep sense of peaceful stillness and calm."
track2_0974,happy,calm,happy->calm,Positive,High,Positive,Low,True,False,3,"clip,dinov2,siglip2","clip,dinov2,public_clean,public_inclusive,siglip2",2.339337,1.849568,0.489769,0.0,0.641081,False,False,0,0,
track2_0178,content,calm,content->calm,Positive,Low,Positive,Low,True,True,3,"clip,dinov2,siglip2","clip,dinov2,public_clean,public_inclusive,siglip2",2.320952,1.789583,0.531369,0.0,0.549628,False,False,20,0,
track2_0163,tired,content,tired->content,Negative,Low,Positive,Low,False,True,3,"clip,dinov2,siglip2","clip,dinov2,public_clean,public_inclusive,siglip2",2.319269,1.818386,0.500883,0.0,0.548471,False,False,0,0,
track2_0306,content,calm,content->calm,Positive,Low,Positive,Low,True,True,3,"clip,dinov2,siglip2","clip,dinov2,public_clean,public_inclusive,siglip2",2.318532,1.791999,0.526533,0.0,0.614729,False,False,20,0,
track2_0345,tired,calm,tired->calm,Negative,Low,Positive,Low,False,True,3,"clip,dinov2,siglip2","clip,dinov2,public_clean,public_inclusive,siglip2",2.317096,1.853406,0.46369,0.0,0.644785,False,False,0,0,
track2_0494,content,calm,content->calm,Positive,Low,Positive,Low,True,True,3,"clip,dinov2,siglip2","clip,dinov2,public_clean,public_inclusive,siglip2",2.315533,1.720195,0.595338,0.0,0.595338,False,False,20,0,
track2_0760,content,calm,content->calm,Positive,Low,Positive,Low,True,True,2,"clip,siglip2","clip,public_clean,public_inclusive,siglip2",2.300749,1.58735,0.713399,0.0,0.72176,False,False,20,0,
track2_0773,content,calm,content->calm,Positive,Low,Positive,Low,True,True,3,"clip,dinov2,siglip2","clip,dinov2,public_clean,public_inclusive,siglip2",2.297052,1.796849,0.500202,0.0,0.615703,False,False,20,0,
track2_0059,content,calm,content->calm,Positive,Low,Positive,Low,True,True,3,"clip,dinov2,siglip2","clip,dinov2,public_clean,public_inclusive,siglip2",2.281115,1.805427,0.475688,0.0,0.681114,False,False,20,0,
track2_0189,content,calm,content->calm,Positive,Low,Positive,Low,True,True,3,"clip,dinov2,siglip2","clip,dinov2,public_clean,public_inclusive,siglip2",2.225322,1.607684,0.617638,0.0,0.653439,False,False,20,0,
track2_0090,calm,excited,calm->excited,Positive,Low,Positive,High,True,False,2,"dinov2,siglip2","dinov2,public_clean,public_inclusive,siglip2",2.214131,1.653739,0.560392,0.0,0.726506,False,False,0,0,
track2_0361,excited,calm,excited->calm,Positive,High,Positive,Low,True,False,3,"clip,dinov2,siglip2","clip,dinov2,public_clean,public_inclusive,siglip2",2.207299,1.802253,0.405046,0.0,0.617989,False,False,0,0,
track2_0229,content,calm,content->calm,Positive,Low,Positive,Low,True,True,3,"clip,dinov2,siglip2","clip,dinov2,public_clean,public_inclusive,siglip2",2.183206,1.670688,0.512519,0.0,0.619083,False,False,20,0,
track2_0185,content,calm,content->calm,Positive,Low,Positive,Low,True,True,2,"clip,siglip2","clip,public_clean,public_inclusive,siglip2",2.172303,1.478592,0.693711,0.0,0.741931,False,False,20,0,
track2_0125,content,calm,content->calm,Positive,Low,Positive,Low,True,True,2,"clip,siglip2","clip,public_clean,public_inclusive,siglip2",2.163565,1.622913,0.540652,0.0,0.747005,False,False,20,0,
track2_0213,sad,calm,sad->calm,Negative,Low,Positive,Low,False,True,3,"clip,dinov2,siglip2","clip,dinov2,public_clean,public_inclusive,siglip2",2.154862,1.587317,0.567545,0.0,0.604838,False,False,0,0,
track2_0477,content,calm,content->calm,Positive,Low,Positive,Low,True,True,3,"clip,dinov2,siglip2","clip,dinov2,public_clean,public_inclusive,siglip2",2.153022,1.722995,0.430027,0.0,0.559317,False,False,20,0,
track2_0626,content,calm,content->calm,Positive,Low,Positive,Low,True,True,3,"clip,dinov2,siglip2","clip,dinov2,public_clean,public_inclusive,siglip2",2.145332,1.713964,0.431368,0.0,0.586282,False,False,20,0,
track2_0526,content,calm,content->calm,Positive,Low,Positive,Low,True,True,3,"clip,dinov2,siglip2","clip,dinov2,public_clean,public_inclusive,siglip2",2.133873,1.566235,0.567638,0.0,0.567638,False,False,20,0,
track2_0179,tired,sad,tired->sad,Negative,Low,Negative,Low,True,True,3,"clip,dinov2,siglip2","clip,dinov2,public_clean,public_inclusive,siglip2",2.116362,1.616567,0.499795,0.0,0.578465,False,False,3,0,
track2_0982,aroused,excited,aroused->excited,Positive,High,Positive,High,True,True,3,"clip,dinov2,siglip2","clip,dinov2,public_clean,public_inclusive,siglip2",2.113308,1.812027,0.301281,0.0,0.712512,False,False,1,0,
track2_0008,alarmed,sad,alarmed->sad,Negative,High,Negative,Low,True,False,3,"clip,dinov2,siglip2","clip,dinov2,public_clean,public_inclusive,siglip2",2.11212,1.572148,0.539972,0.0,0.669499,False,False,0,0,
track2_0572,content,calm,content->calm,Positive,Low,Positive,Low,True,True,3,"clip,dinov2,siglip2","clip,dinov2,public_clean,public_inclusive,siglip2",2.100383,1.57824,0.522143,0.0,0.551543,False,False,20,0,
track2_0413,content,calm,content->calm,Positive,Low,Positive,Low,True,True,3,"clip,dinov2,siglip2","clip,dinov2,public_clean,public_inclusive,siglip2",2.070507,1.612636,0.457871,0.0,0.648084,False,False,20,0,
track2_0611,tired,calm,tired->calm,Negative,Low,Positive,Low,False,True,3,"clip,dinov2,siglip2","clip,dinov2,public_clean,public_inclusive,siglip2",2.064317,1.599594,0.464723,0.0,0.523817,False,False,0,0,
track2_0943,sad,frustrated,sad->frustrated,Negative,Low,Negative,High,True,False,3,"clip,dinov2,siglip2","clip,dinov2,public_clean,public_inclusive,siglip2",2.056652,1.61299,0.443662,0.0,0.517166,False,False,0,0,
track2_0609,content,calm,content->calm,Positive,Low,Positive,Low,True,True,3,"clip,dinov2,siglip2","clip,dinov2,public_clean,public_inclusive,siglip2",2.047638,1.483495,0.564143,0.0,0.564143,False,False,20,0,
track2_0635,happy,excited,happy->excited,Positive,High,Positive,High,True,True,3,"clip,dinov2,siglip2","clip,dinov2,public_clean,public_inclusive,siglip2",2.041578,1.683674,0.357904,0.0,0.549317,False,False,3,0,
track2_0665,calm,aroused,calm->aroused,Positive,Low,Positive,High,True,False,3,"clip,dinov2,siglip2","clip,dinov2,public_clean,public_inclusive,siglip2",2.031775,1.674921,0.356853,0.0,0.544417,False,False,0,0,
track2_0155,content,calm,content->calm,Positive,Low,Positive,Low,True,True,3,"clip,dinov2,siglip2","clip,dinov2,public_clean,public_inclusive,siglip2",2.029443,1.646259,0.383184,0.0,0.62182,False,False,20,0,
track2_0747,tired,calm,tired->calm,Negative,Low,Positive,Low,False,True,2,"dinov2,siglip2","dinov2,public_clean,public_inclusive,siglip2",2.025574,1.455828,0.569746,0.0,0.621559,False,False,0,0,
track2_0483,content,calm,content->calm,Positive,Low,Positive,Low,True,True,3,"clip,dinov2,siglip2","clip,dinov2,public_clean,public_inclusive,siglip2",2.002499,1.544706,0.457793,0.0,0.493598,False,False,20,0,
track2_0646,alarmed,content,alarmed->content,Negative,High,Positive,Low,False,False,3,"clip,dinov2,siglip2","clip,dinov2,public_clean,public_inclusive,siglip2",1.960515,1.419078,0.541437,0.0,0.543856,False,False,0,0,
track2_0602,aroused,annoyed,aroused->annoyed,Positive,High,Negative,High,False,True,2,"clip,dinov2","clip,dinov2,public_clean,public_inclusive",1.960418,1.562311,0.398107,0.0,0.712847,False,False,0,0,
track2_0215,tired,content,tired->content,Negative,Low,Positive,Low,False,True,2,"dinov2,siglip2","dinov2,public_clean,public_inclusive,siglip2",1.959172,1.543011,0.416161,0.0,0.807491,False,False,0,0,
track2_0539,content,calm,content->calm,Positive,Low,Positive,Low,True,True,3,"clip,gemini35,siglip2","clip,gemini35,public_clean,siglip2",1.957741,1.743457,0.214284,0.0,0.85,False,False,20,0,"The serene expression of the woman and the soft, delicate charcoal shading evoke a sense of quiet, peaceful calm rather than active contentment."
track2_0263,excited,happy,excited->happy,Positive,High,Positive,High,True,True,2,"dinov2,siglip2","dinov2,public_clean,public_inclusive,siglip2",1.95715,1.418338,0.538812,0.0,0.675357,False,False,1,0,
track2_0493,content,calm,content->calm,Positive,Low,Positive,Low,True,True,2,"clip,gemini35","clip,gemini35,public_inclusive",1.952585,1.559295,0.39329,0.0,0.85,False,False,20,0,"The delicate, precise lines and soft, harmonious colors of the traditional floral painting evoke a sense of quiet stillness and meditative tranquility, making 'calm' a more accurate description than 'content'."
track2_0669,sad,calm,sad->calm,Negative,Low,Positive,Low,False,True,3,"clip,dinov2,siglip2","clip,dinov2,public_clean,public_inclusive,siglip2",1.948665,1.426785,0.52188,0.0,0.545664,False,False,0,0,
track2_0795,content,calm,content->calm,Positive,Low,Positive,Low,True,True,3,"clip,dinov2,siglip2","clip,dinov2,public_clean,public_inclusive,siglip2",1.932389,1.533724,0.398665,0.0,0.58909,False,False,20,0,
track2_0417,content,calm,content->calm,Positive,Low,Positive,Low,True,True,2,"clip,siglip2","clip,public_clean,public_inclusive,siglip2",1.931021,1.376456,0.554565,0.0,0.657103,False,False,20,0,
track2_0457,calm,aroused,calm->aroused,Positive,Low,Positive,High,True,False,3,"clip,dinov2,siglip2","clip,dinov2,public_clean,public_inclusive,siglip2",1.925173,1.67613,0.249043,0.0,0.745301,False,False,0,0,
track2_0952,content,calm,content->calm,Positive,Low,Positive,Low,True,True,2,"gemini35,siglip2","gemini35,public_inclusive,siglip2",1.906275,1.425516,0.480759,0.0,0.85,False,False,20,0,"The painting's depiction of a quiet, vast natural landscape with a gently flowing stream and distant mountains evokes a sense of peaceful stillness and tranquility, making 'calm' a more precise fit than 'content'."
track2_0722,content,calm,content->calm,Positive,Low,Positive,Low,True,True,2,"clip,siglip2","clip,public_clean,public_inclusive,siglip2",1.903225,1.356015,0.54721,0.0,0.619667,False,False,20,0,
track2_0431,happy,calm,happy->calm,Positive,High,Positive,Low,True,False,3,"clip,dinov2,siglip2","clip,dinov2,public_clean,public_inclusive,siglip2",1.88701,1.473236,0.413774,0.0,0.554667,False,False,0,0,
track2_0009,content,calm,content->calm,Positive,Low,Positive,Low,True,True,2,"clip,siglip2","clip,public_clean,public_inclusive,siglip2",1.879712,1.340604,0.539108,0.0,0.609738,False,False,20,0,
track2_0666,alarmed,sad,alarmed->sad,Negative,High,Negative,Low,True,False,2,"clip,siglip2","clip,public_clean,public_inclusive,siglip2",1.879437,1.410832,0.468605,0.0,0.653745,False,False,0,0,
track2_0136,content,calm,content->calm,Positive,Low,Positive,Low,True,True,3,"clip,dinov2,siglip2","clip,dinov2,public_clean,public_inclusive,siglip2",1.877301,1.420332,0.456969,0.0,0.541949,False,False,20,0,
track2_0265,content,calm,content->calm,Positive,Low,Positive,Low,True,True,2,"clip,siglip2","clip,public_clean,public_inclusive,siglip2",1.861193,1.326456,0.534737,0.0,0.627228,False,False,20,0,
track2_0617,content,calm,content->calm,Positive,Low,Positive,Low,True,True,3,"clip,dinov2,siglip2","clip,dinov2,public_inclusive,siglip2",1.858047,1.416901,0.441146,0.0,0.481394,False,False,20,0,
track2_0893,content,calm,content->calm,Positive,Low,Positive,Low,True,True,2,"clip,gemini35","clip,gemini35,public_inclusive",1.8533,1.416145,0.437155,0.0,0.85,False,False,20,0,"The delicate brushwork, balanced composition, and soft, muted colors of this traditional floral painting evoke a sense of meditative stillness and quiet tranquility, making 'calm' a more precise descriptor than 'content'."
track2_0682,calm,content,calm->content,Positive,Low,Positive,Low,True,True,3,"clip,dinov2,siglip2","clip,dinov2,public_clean,public_inclusive,siglip2",1.849569,1.361404,0.488165,0.0,0.528832,False,False,43,0,
track2_0221,tired,sad,tired->sad,Negative,Low,Negative,Low,True,True,3,"clip,dinov2,siglip2","clip,dinov2,public_clean,public_inclusive,siglip2",1.826062,1.449876,0.376186,0.0,0.458364,False,False,3,0,
track2_0412,alarmed,frustrated,alarmed->frustrated,Negative,High,Negative,High,True,True,3,"clip,dinov2,siglip2","clip,dinov2,public_clean,public_inclusive,siglip2",1.801889,1.45544,0.346449,0.0,0.462593,False,False,0,0,
track2_0923,alarmed,calm,alarmed->calm,Negative,High,Positive,Low,False,False,2,"clip,siglip2","clip,public_clean,public_inclusive,siglip2",1.800564,1.23273,0.567834,0.0,0.686982,False,False,0,0,
track2_0458,aroused,calm,aroused->calm,Positive,High,Positive,Low,True,False,3,"clip,dinov2,siglip2","clip,dinov2,public_clean,public_inclusive,siglip2",1.789748,1.508771,0.280978,0.0,0.541944,False,False,0,0,
track2_0753,alarmed,content,alarmed->content,Negative,High,Positive,Low,False,False,3,"clip,dinov2,siglip2","clip,dinov2,public_clean,public_inclusive,siglip2",1.785216,1.212019,0.573197,0.0,0.573197,False,False,0,0,
track2_0268,content,calm,content->calm,Positive,Low,Positive,Low,True,True,3,"clip,dinov2,siglip2","clip,dinov2,public_clean,public_inclusive,siglip2",1.78181,1.337897,0.443913,0.0,0.461788,False,False,20,0,
track2_0107,alarmed,aroused,alarmed->aroused,Negative,High,Positive,High,False,True,3,"clip,dinov2,siglip2","clip,dinov2,public_clean,public_inclusive,siglip2",1.78083,1.456301,0.324529,0.0,0.532662,False,False,0,0,
track2_0085,content,calm,content->calm,Positive,Low,Positive,Low,True,True,2,"clip,siglip2","clip,public_clean,public_inclusive,siglip2",1.77947,1.214776,0.564694,0.0,0.646543,False,False,20,0,
track2_0567,tired,sad,tired->sad,Negative,Low,Negative,Low,True,True,2,"clip,siglip2","clip,public_clean,public_inclusive,siglip2",1.777204,1.365435,0.411769,0.0,0.757149,False,False,3,0,
track2_0932,content,calm,content->calm,Positive,Low,Positive,Low,True,True,2,"clip,siglip2","clip,public_clean,public_inclusive,siglip2",1.770405,1.248861,0.521544,0.0,0.594827,False,False,20,0,
track2_0926,content,calm,content->calm,Positive,Low,Positive,Low,True,True,2,"clip,siglip2","clip,public_clean,public_inclusive,siglip2",1.762819,1.189664,0.573155,0.0,0.573155,False,False,20,0,
track2_0803,content,calm,content->calm,Positive,Low,Positive,Low,True,True,2,"clip,siglip2","clip,public_clean,public_inclusive,siglip2",1.760213,1.215401,0.544812,0.0,0.563098,False,False,20,0,
track2_0038,tired,calm,tired->calm,Negative,Low,Positive,Low,False,True,3,"clip,dinov2,siglip2","clip,dinov2,public_clean,public_inclusive,siglip2",1.760067,1.402942,0.357125,0.0,0.46726,False,False,0,0,
track2_0591,calm,sad,calm->sad,Positive,Low,Negative,Low,False,True,2,"clip,siglip2","clip,public_clean,public_inclusive,siglip2",1.735926,1.320337,0.415589,0.0,0.72836,False,False,0,0,
track2_0908,content,calm,content->calm,Positive,Low,Positive,Low,True,True,3,"clip,dinov2,siglip2","clip,dinov2,public_clean,public_inclusive,siglip2",1.734279,1.435897,0.298382,0.0,0.543763,False,False,20,0,
track2_0818,glad,content,glad->content,Positive,Low,Positive,Low,True,True,2,"dinov2,siglip2","dinov2,public_clean,public_inclusive,siglip2",1.691878,1.164218,0.52766,0.0,0.622961,False,False,4,0,
track2_0562,content,calm,content->calm,Positive,Low,Positive,Low,True,True,3,"clip,dinov2,siglip2","clip,dinov2,siglip2",1.687261,1.687261,0.0,0.0,0.546333,False,False,20,0,
track2_0593,content,calm,content->calm,Positive,Low,Positive,Low,True,True,3,"clip,dinov2,siglip2","clip,dinov2,public_clean,public_inclusive,siglip2",1.683337,1.372959,0.310378,0.0,0.499861,False,False,20,0,
track2_0748,content,calm,content->calm,Positive,Low,Positive,Low,True,True,3,"clip,dinov2,siglip2","clip,dinov2,siglip2",1.680431,1.680431,0.0,0.0,0.552119,False,False,20,0,
track2_0919,bored,calm,bored->calm,Negative,Low,Positive,Low,False,True,2,"clip,siglip2","clip,public_clean,public_inclusive,siglip2",1.678096,1.149451,0.528645,0.0,0.613388,False,False,0,0,
track2_0873,aroused,calm,aroused->calm,Positive,High,Positive,Low,True,False,2,"clip,siglip2","clip,public_clean,public_inclusive,public_near_public_duplicate,siglip2",1.675997,0.49765,0.223716,0.954631,0.954631,False,True,0,0,near_public_duplicate supports calm | near_public_duplicate supports calm
track2_0813,content,calm,content->calm,Positive,Low,Positive,Low,True,True,2,"clip,gemini35","clip,gemini35,public_inclusive",1.669928,1.450749,0.219179,0.0,0.85,False,False,20,0,"The harmonious composition, balanced natural elements, and gentle depiction of travelers on their journey evoke a sense of serene tranquility and calm."
track2_0910,annoyed,content,annoyed->content,Negative,High,Positive,Low,False,False,3,"clip,dinov2,siglip2","clip,dinov2,public_clean,public_inclusive,siglip2",1.631127,1.301059,0.330068,0.0,0.471844,False,False,0,0,
track2_0741,content,calm,content->calm,Positive,Low,Positive,Low,True,True,3,"clip,dinov2,siglip2","clip,dinov2,public_clean,public_inclusive,siglip2",1.628775,1.238393,0.390383,0.0,0.412757,False,False,20,0,
track2_0359,frustrated,annoyed,frustrated->annoyed,Negative,High,Negative,High,True,True,3,"clip,dinov2,siglip2","clip,dinov2,public_clean,public_inclusive,siglip2",1.62497,1.230859,0.394111,0.0,0.451929,False,False,0,0,
track2_0668,content,calm,content->calm,Positive,Low,Positive,Low,True,True,2,"clip,siglip2","clip,public_clean,public_inclusive,siglip2",1.617968,1.082122,0.535846,0.0,0.578992,False,False,20,0,
track2_0134,content,calm,content->calm,Positive,Low,Positive,Low,True,True,2,"clip,siglip2","clip,public_clean,public_inclusive,siglip2",1.608735,1.105031,0.503704,0.0,0.527549,False,False,20,0,
track2_0297,calm,content,calm->content,Positive,Low,Positive,Low,True,True,3,"clip,dinov2,siglip2","clip,dinov2,public_clean,public_inclusive,siglip2",1.604252,1.231304,0.372948,0.0,0.424303,False,False,43,0,
track2_0667,calm,content,calm->content,Positive,Low,Positive,Low,True,True,2,"dinov2,siglip2","dinov2,public_clean,public_inclusive,siglip2",1.599215,1.070216,0.528999,0.0,0.528999,False,False,43,0,
track2_0726,frustrated,annoyed,frustrated->annoyed,Negative,High,Negative,High,True,True,3,"clip,dinov2,siglip2","clip,dinov2,public_clean,public_inclusive,siglip2",1.592045,1.309903,0.282142,0.0,0.433168,False,False,0,0,
track2_0599,sad,frustrated,sad->frustrated,Negative,Low,Negative,High,True,False,3,"clip,dinov2,siglip2","clip,dinov2,public_clean,public_inclusive,siglip2",1.581908,1.228325,0.353583,0.0,0.413486,False,False,0,0,
track2_0043,content,calm,content->calm,Positive,Low,Positive,Low,True,True,2,"clip,dinov2","clip,dinov2,public_clean,public_inclusive",1.574872,1.069778,0.505094,0.0,0.589816,False,False,20,0,
track2_0318,calm,content,calm->content,Positive,Low,Positive,Low,True,True,2,"dinov2,siglip2","dinov2,public_clean,public_inclusive,siglip2",1.571224,1.063701,0.507523,0.0,0.507523,False,False,43,0,
track2_0759,content,calm,content->calm,Positive,Low,Positive,Low,True,True,2,"dinov2,siglip2","dinov2,public_clean,public_inclusive,siglip2",1.552557,1.106233,0.446324,0.0,0.547985,False,False,20,0,
track2_0687,calm,content,calm->content,Positive,Low,Positive,Low,True,True,2,"dinov2,siglip2","dinov2,public_clean,public_inclusive,siglip2",1.550362,1.040056,0.510306,0.0,0.541246,False,False,43,0,
track2_0900,content,calm,content->calm,Positive,Low,Positive,Low,True,True,2,"dinov2,siglip2","dinov2,public_clean,public_inclusive,siglip2",1.547503,1.084745,0.462758,0.0,0.524133,False,False,20,0,
track2_0833,calm,content,calm->content,Positive,Low,Positive,Low,True,True,2,"dinov2,siglip2","dinov2,public_clean,public_inclusive,siglip2",1.541207,1.029047,0.51216,0.0,0.51216,False,False,43,0,
track2_0976,calm,annoyed,calm->annoyed,Positive,Low,Negative,High,False,False,2,"clip,dinov2","clip,dinov2,public_clean,public_inclusive",1.523116,1.256361,0.266755,0.0,0.697109,False,False,0,0,
track2_0583,content,calm,content->calm,Positive,Low,Positive,Low,True,True,3,"clip,dinov2,siglip2","clip,dinov2,siglip2",1.520818,1.520818,0.0,0.0,0.573222,False,False,20,0,
track2_0865,calm,content,calm->content,Positive,Low,Positive,Low,True,True,2,"dinov2,siglip2","dinov2,public_clean,public_inclusive,siglip2",1.518902,1.018857,0.500045,0.0,0.542053,False,False,43,0,
track2_0594,tired,glad,tired->glad,Negative,Low,Positive,Low,False,True,2,"clip,siglip2","clip,public_clean,public_inclusive,siglip2",1.512637,1.008328,0.504309,0.0,0.504309,False,False,0,0,
track2_0202,content,calm,content->calm,Positive,Low,Positive,Low,True,True,3,"clip,dinov2,siglip2","clip,dinov2,siglip2",1.509258,1.509258,0.0,0.0,0.530698,False,False,20,0,
track2_0032,aroused,excited,aroused->excited,Positive,High,Positive,High,True,True,2,"dinov2,siglip2","dinov2,public_clean,public_inclusive,siglip2",1.503243,1.166266,0.336977,0.0,0.513527,False,False,1,0,
track2_0352,sad,calm,sad->calm,Negative,Low,Positive,Low,False,True,2,"clip,siglip2","clip,public_clean,public_inclusive,siglip2",1.49531,1.033428,0.461882,0.0,0.558513,False,False,0,0,
track2_0721,alarmed,excited,alarmed->excited,Negative,High,Positive,High,False,True,2,"clip,dinov2","clip,dinov2,public_clean,public_inclusive",1.491807,1.206428,0.285379,0.0,0.560226,False,False,0,0,
track2_0993,frustrated,aroused,frustrated->aroused,Negative,High,Positive,High,False,True,2,"clip,siglip2","clip,public_clean,public_inclusive,siglip2",1.491175,1.101177,0.389998,0.0,0.495599,False,False,0,0,
track2_0374,content,calm,content->calm,Positive,Low,Positive,Low,True,True,2,"dinov2,siglip2","dinov2,public_clean,public_inclusive,siglip2",1.4825,1.036545,0.445955,0.0,0.491685,False,False,20,0,
track2_0990,content,calm,content->calm,Positive,Low,Positive,Low,True,True,2,"clip,dinov2","clip,dinov2,public_clean",1.467669,0.979827,0.487842,0.0,0.509092,False,False,20,0,
track2_0240,calm,bored,calm->bored,Positive,Low,Negative,Low,False,True,2,"dinov2,siglip2","dinov2,public_clean,public_inclusive,siglip2",1.464791,1.089729,0.375062,0.0,0.580313,False,False,0,0,
track2_0715,content,calm,content->calm,Positive,Low,Positive,Low,True,True,2,"dinov2,siglip2","dinov2,public_clean,public_inclusive,siglip2",1.464415,0.98304,0.481375,0.0,0.489423,False,False,20,0,
track2_0180,aroused,calm,aroused->calm,Positive,High,Positive,Low,True,False,2,"dinov2,siglip2","dinov2,public_clean,public_inclusive,siglip2",1.464051,0.943971,0.52008,0.0,0.52123,False,False,0,0,
track2_0537,tired,sad,tired->sad,Negative,Low,Negative,Low,True,True,2,"clip,siglip2","clip,public_clean,public_inclusive,siglip2",1.459039,1.024468,0.434571,0.0,0.542808,False,False,3,0,
track2_0927,content,excited,content->excited,Positive,Low,Positive,High,True,False,2,"dinov2,siglip2","dinov2,public_clean,public_inclusive,siglip2",1.457303,1.147233,0.31007,0.0,0.635675,False,False,0,0,
track2_0112,calm,content,calm->content,Positive,Low,Positive,Low,True,True,2,"clip,siglip2","clip,public_clean,siglip2",1.450603,0.954387,0.496216,0.0,0.496216,False,False,43,0,
track2_0031,tired,sad,tired->sad,Negative,Low,Negative,Low,True,True,2,"clip,siglip2","clip,public_clean,public_inclusive,siglip2",1.444502,1.1445,0.300002,0.0,0.593964,False,False,3,0,
track2_0421,calm,content,calm->content,Positive,Low,Positive,Low,True,True,2,"clip,siglip2","clip,public_clean,public_inclusive,siglip2",1.422677,0.902181,0.520496,0.0,0.520496,False,False,43,0,
track2_0791,content,calm,content->calm,Positive,Low,Positive,Low,True,True,3,"clip,dinov2,siglip2","clip,dinov2,siglip2",1.421256,1.421256,0.0,0.0,0.501494,False,False,20,0,
track2_0817,tired,sad,tired->sad,Negative,Low,Negative,Low,True,True,3,"clip,dinov2,siglip2","clip,dinov2,public_clean,public_inclusive,siglip2",1.419514,1.134373,0.285141,0.0,0.499845,False,False,3,0,
track2_0949,calm,bored,calm->bored,Positive,Low,Negative,Low,False,True,2,"dinov2,siglip2","dinov2,public_clean,public_inclusive,siglip2",1.415903,0.972888,0.443015,0.0,0.477724,False,False,0,0,
track2_0723,tired,calm,tired->calm,Negative,Low,Positive,Low,False,True,2,"clip,siglip2","clip,public_clean,public_inclusive,siglip2",1.397782,1.014083,0.383699,0.0,0.541665,False,False,0,0,
track2_0175,tired,sad,tired->sad,Negative,Low,Negative,Low,True,True,2,"clip,siglip2","clip,public_clean,public_inclusive,siglip2",1.397494,1.000011,0.397483,0.0,0.526181,False,False,3,0,
track2_0672,content,calm,content->calm,Positive,Low,Positive,Low,True,True,2,"clip,siglip2","clip,public_clean,public_inclusive,siglip2",1.396483,0.963457,0.433026,0.0,0.479824,False,False,20,0,
track2_0188,bored,content,bored->content,Negative,Low,Positive,Low,False,True,3,"clip,dinov2,siglip2","clip,dinov2,public_clean,public_inclusive,siglip2",1.394152,1.055417,0.338735,0.0,0.362644,False,False,0,0,
track2_0133,content,calm,content->calm,Positive,Low,Positive,Low,True,True,2,"dinov2,siglip2","dinov2,public_inclusive,siglip2",1.392397,0.985152,0.407245,0.0,0.499021,False,False,20,0,
track2_0138,calm,frustrated,calm->frustrated,Positive,Low,Negative,High,False,False,2,"dinov2,siglip2","dinov2,public_clean,public_inclusive,siglip2",1.383633,1.074336,0.309297,0.0,0.528438,False,False,0,0,
track2_0890,alarmed,calm,alarmed->calm,Negative,High,Positive,Low,False,False,2,"clip,siglip2","clip,public_clean,public_inclusive,siglip2",1.3759,1.053942,0.321958,0.0,0.603135,False,False,0,0,
track2_0796,calm,sad,calm->sad,Positive,Low,Negative,Low,False,True,2,"dinov2,siglip2","dinov2,public_clean,public_inclusive,siglip2",1.375276,0.892387,0.482889,0.0,0.534213,False,False,0,0,
track2_0770,content,happy,content->happy,Positive,Low,Positive,High,True,False,2,"clip,dinov2","clip,dinov2",1.364568,1.364568,0.0,0.0,0.745742,False,False,0,0,
track2_0977,tired,sad,tired->sad,Negative,Low,Negative,Low,True,True,2,"clip,siglip2","clip,public_clean,public_inclusive,siglip2",1.356388,0.969854,0.386534,0.0,0.441275,False,False,3,0,
track2_0033,aroused,calm,aroused->calm,Positive,High,Positive,Low,True,False,3,"clip,dinov2,siglip2","clip,dinov2,public_clean,public_inclusive,siglip2",1.355398,1.098915,0.256483,0.0,0.436116,False,False,0,0,
track2_0787,content,excited,content->excited,Positive,Low,Positive,High,True,False,3,"clip,dinov2,siglip2","clip,dinov2,siglip2",1.355054,1.355054,0.0,0.0,0.492534,False,False,0,0,
track2_0891,sad,alarmed,sad->alarmed,Negative,Low,Negative,High,True,False,2,"dinov2,siglip2","dinov2,public_clean,public_inclusive,siglip2",1.341281,1.100944,0.240337,0.0,0.675462,False,False,0,0,
track2_0836,calm,bored,calm->bored,Positive,Low,Negative,Low,False,True,2,"clip,siglip2","clip,public_clean,public_inclusive,siglip2",1.335776,0.941603,0.394173,0.0,0.496405,False,False,0,0,
track2_0922,frustrated,annoyed,frustrated->annoyed,Negative,High,Negative,High,True,True,2,"dinov2,siglip2","dinov2,public_clean,public_inclusive,siglip2",1.335526,1.050102,0.285424,0.0,0.652307,False,False,0,0,
track2_0301,aroused,annoyed,aroused->annoyed,Positive,High,Negative,High,False,True,3,"clip,dinov2,siglip2","clip,dinov2,public_clean,public_inclusive,siglip2",1.323251,1.035994,0.287257,0.0,0.339113,False,False,0,0,
track2_0620,frustrated,annoyed,frustrated->annoyed,Negative,High,Negative,High,True,True,3,"clip,dinov2,siglip2","clip,dinov2,public_clean,public_inclusive,siglip2",1.316905,1.070367,0.246538,0.0,0.406766,False,False,0,0,
track2_0489,content,calm,content->calm,Positive,Low,Positive,Low,True,True,2,"clip,dinov2","clip,dinov2,public_inclusive",1.315713,0.887366,0.428347,0.0,0.520777,False,False,20,0,
track2_0336,annoyed,calm,annoyed->calm,Negative,High,Positive,Low,False,False,2,"dinov2,siglip2","dinov2,public_clean,public_inclusive,siglip2",1.314288,0.944341,0.369947,0.0,0.483612,False,False,0,0,
track2_0728,alarmed,excited,alarmed->excited,Negative,High,Positive,High,False,True,2,"dinov2,siglip2","dinov2,public_clean,public_inclusive,siglip2",1.310703,0.879286,0.431417,0.0,0.521482,False,False,0,0,
track2_0137,content,calm,content->calm,Positive,Low,Positive,Low,True,True,2,"clip,dinov2","clip,dinov2",1.309964,1.309964,0.0,0.0,0.581301,False,False,20,0,
track2_0876,frustrated,bored,frustrated->bored,Negative,High,Negative,Low,True,False,2,"clip,siglip2","clip,public_clean,public_inclusive,siglip2",1.304434,0.964709,0.339725,0.0,0.461323,False,False,0,0,
track2_0561,content,calm,content->calm,Positive,Low,Positive,Low,True,True,2,"clip,siglip2","clip,public_clean,public_inclusive,siglip2",1.302074,0.971856,0.330218,0.0,0.453753,False,False,20,0,
track2_0322,content,calm,content->calm,Positive,Low,Positive,Low,True,True,1,gemini35,"gemini35,public_clean",1.299706,0.9375,0.362206,0.0,0.85,False,False,20,0,"The delicate, flowing lines, soft muted colors, and gentle, suspended motion of the butterfly over the flowers evoke a profound sense of quietude and peaceful stillness, making 'calm' a more precise descriptor than 'content'."
track2_0829,calm,bored,calm->bored,Positive,Low,Negative,Low,False,True,2,"dinov2,siglip2","dinov2,public_clean,public_inclusive,siglip2",1.299656,0.928114,0.371542,0.0,0.491099,False,False,0,0,
track2_0347,calm,content,calm->content,Positive,Low,Positive,Low,True,True,1,dinov2,"dinov2,public_clean",1.297159,0.782748,0.51441,0.0,0.684666,False,False,43,0,
track2_0150,tired,calm,tired->calm,Negative,Low,Positive,Low,False,True,2,"clip,dinov2","clip,dinov2,public_clean,public_inclusive",1.293456,0.789764,0.503692,0.0,0.503692,False,False,0,0,
track2_0848,bored,glad,bored->glad,Negative,Low,Positive,Low,False,True,2,"clip,dinov2","clip,dinov2,public_clean,public_inclusive",1.27926,0.928825,0.350435,0.0,0.490768,False,False,0,0,
track2_0549,aroused,sad,aroused->sad,Positive,High,Negative,Low,False,False,2,"clip,siglip2","clip,public_clean,public_inclusive,siglip2",1.278526,0.859989,0.418537,0.0,0.492143,False,False,0,0,
track2_0098,sad,content,sad->content,Negative,Low,Positive,Low,False,True,2,"clip,dinov2","clip,dinov2",1.25474,1.25474,0.0,0.0,0.582213,False,False,0,0,
track2_0256,frustrated,excited,frustrated->excited,Negative,High,Positive,High,False,True,2,"clip,siglip2","clip,public_inclusive,siglip2",1.250643,0.913683,0.33696,0.0,0.469569,False,False,0,0,
track2_0842,annoyed,calm,annoyed->calm,Negative,High,Positive,Low,False,False,3,"clip,dinov2,siglip2","clip,dinov2,public_inclusive,siglip2",1.244151,0.972187,0.271964,0.0,0.366323,False,False,0,0,
track2_0884,tired,content,tired->content,Negative,Low,Positive,Low,False,True,3,"clip,dinov2,siglip2","clip,dinov2,public_clean,siglip2",1.23398,1.035173,0.198806,0.0,0.4248,False,False,0,0,
track2_0735,calm,alarmed,calm->alarmed,Positive,Low,Negative,High,False,False,2,"dinov2,siglip2","dinov2,public_clean,public_inclusive,siglip2",1.227801,0.807538,0.420263,0.0,0.453597,False,False,0,0,
track2_0566,calm,content,calm->content,Positive,Low,Positive,Low,True,True,1,siglip2,"public_clean,public_inclusive,siglip2",1.218418,0.661001,0.557417,0.0,0.581814,False,False,43,0,
track2_0950,calm,content,calm->content,Positive,Low,Positive,Low,True,True,2,"clip,siglip2","clip,public_clean,public_inclusive,siglip2",1.214567,0.851759,0.362808,0.0,0.449393,False,False,43,0,
track2_0364,alarmed,frustrated,alarmed->frustrated,Negative,High,Negative,High,True,True,2,"dinov2,siglip2","dinov2,public_clean,public_inclusive,siglip2",1.214301,0.865922,0.348379,0.0,0.428472,False,False,0,0,
track2_0733,aroused,calm,aroused->calm,Positive,High,Positive,Low,True,False,2,"clip,dinov2","clip,dinov2",1.210802,1.210802,0.0,0.0,0.582785,False,False,0,0,
track2_0275,sad,calm,sad->calm,Negative,Low,Positive,Low,False,True,2,"clip,dinov2","clip,dinov2,public_clean,public_inclusive",1.195516,0.938387,0.257129,0.0,0.463123,False,False,0,0,
track2_0752,calm,sad,calm->sad,Positive,Low,Negative,Low,False,True,1,siglip2,"public_clean,public_inclusive,siglip2",1.190761,0.607057,0.583704,0.0,0.583704,False,False,0,0,
track2_0857,tired,sad,tired->sad,Negative,Low,Negative,Low,True,True,2,"dinov2,siglip2","dinov2,public_clean,public_inclusive,siglip2",1.1895,0.878054,0.311446,0.0,0.400515,False,False,3,0,
track2_0414,calm,bored,calm->bored,Positive,Low,Negative,Low,False,True,2,"clip,siglip2","clip,public_clean,public_inclusive,siglip2",1.186907,0.952406,0.234501,0.0,0.597918,False,False,0,0,
track2_0201,content,calm,content->calm,Positive,Low,Positive,Low,True,True,2,"dinov2,siglip2","dinov2,public_clean,public_inclusive,siglip2",1.18538,0.799585,0.385795,0.0,0.404007,False,False,20,0,
track2_0351,content,calm,content->calm,Positive,Low,Positive,Low,True,True,2,"dinov2,siglip2","dinov2,public_clean,public_inclusive,siglip2",1.180295,0.775587,0.404708,0.0,0.45193,False,False,20,0,
track2_0019,calm,content,calm->content,Positive,Low,Positive,Low,True,True,2,"dinov2,siglip2","dinov2,public_clean,public_inclusive,siglip2",1.175483,0.695913,0.47957,0.0,0.481251,False,False,43,0,
track2_0690,content,calm,content->calm,Positive,Low,Positive,Low,True,True,1,siglip2,"public_clean,public_inclusive,siglip2",1.172146,0.642859,0.529287,0.0,0.584288,False,False,20,0,
track2_0696,sad,calm,sad->calm,Negative,Low,Positive,Low,False,True,2,"clip,dinov2","clip,dinov2",1.171869,1.171869,0.0,0.0,0.638893,False,False,0,0,
track2_0536,alarmed,aroused,alarmed->aroused,Negative,High,Positive,High,False,True,2,"clip,siglip2","clip,public_clean,public_inclusive,siglip2",1.164999,0.876504,0.288495,0.0,0.412021,False,False,0,0,
track2_0592,content,calm,content->calm,Positive,Low,Positive,Low,True,True,2,"clip,dinov2","clip,dinov2",1.156802,1.156802,0.0,0.0,0.560775,False,False,20,0,
track2_0076,content,calm,content->calm,Positive,Low,Positive,Low,True,True,2,"clip,dinov2","clip,dinov2",1.153105,1.153105,0.0,0.0,0.58501,False,False,20,0,
track2_0622,calm,content,calm->content,Positive,Low,Positive,Low,True,True,2,"dinov2,siglip2","dinov2,public_clean,public_inclusive,siglip2",1.148777,0.809235,0.339542,0.0,0.46662,False,False,43,0,
track2_0346,calm,content,calm->content,Positive,Low,Positive,Low,True,True,1,dinov2,"dinov2,public_inclusive",1.144174,0.6662,0.477974,0.0,0.59719,False,False,43,0,
track2_0907,annoyed,aroused,annoyed->aroused,Negative,High,Positive,High,False,True,2,"dinov2,siglip2","dinov2,public_inclusive,siglip2",1.143872,0.872712,0.27116,0.0,0.429702,False,False,0,0,
track2_0127,content,calm,content->calm,Positive,Low,Positive,Low,True,True,1,gemini35,"gemini35,public_clean",1.142358,0.9375,0.204858,0.0,0.85,False,False,20,0,"The quiet, observational activity of the figures combined with the flat, harmonious colors and clean lines of the woodblock print evokes a sense of calm stillness."
track2_0256,frustrated,happy,frustrated->happy,Negative,High,Positive,High,False,True,1,dinov2,"dinov2,public_clean",1.140839,0.792973,0.347866,0.0,0.658113,False,False,0,0,
track2_0145,calm,alarmed,calm->alarmed,Positive,Low,Negative,High,False,False,2,"clip,dinov2","clip,dinov2",1.140453,1.140453,0.0,0.0,0.677588,False,False,0,0,
track2_0531,annoyed,calm,annoyed->calm,Negative,High,Positive,Low,False,False,2,"dinov2,siglip2","dinov2,public_inclusive,siglip2",1.139823,0.744039,0.395784,0.0,0.395784,False,False,0,0,
track2_0278,calm,content,calm->content,Positive,Low,Positive,Low,True,True,1,dinov2,"dinov2,public_clean,public_inclusive",1.133898,0.637065,0.496833,0.0,0.587518,False,False,43,0,
track2_0601,content,calm,content->calm,Positive,Low,Positive,Low,True,True,2,"dinov2,siglip2","dinov2,public_inclusive,siglip2",1.132132,0.791484,0.340648,0.0,0.405588,False,False,20,0,
track2_0449,excited,calm,excited->calm,Positive,High,Positive,Low,True,False,2,"clip,dinov2","clip,dinov2,public_clean,public_inclusive",1.128885,0.838578,0.290307,0.0,0.41245,False,False,0,0,
track2_0386,calm,sad,calm->sad,Positive,Low,Negative,Low,False,True,2,"clip,siglip2","clip,public_clean,public_inclusive,siglip2",1.119585,0.847517,0.272069,0.0,0.443495,False,False,0,0,
track2_0955,calm,content,calm->content,Positive,Low,Positive,Low,True,True,1,siglip2,"public_clean,public_inclusive,siglip2",1.114314,0.604187,0.510127,0.0,0.544396,False,False,43,0,
track2_0142,excited,content,excited->content,Positive,High,Positive,Low,True,False,1,gemini35,"gemini35,public_clean",1.10583,0.875,0.23083,0.0,0.8,False,False,0,0,"The serene, stylized depiction of the figures with neutral facial expressions and the muted color palette evoke a sense of peaceful contentment rather than high-arousal excitement."
track2_0896,frustrated,annoyed,frustrated->annoyed,Negative,High,Negative,High,True,True,2,"dinov2,siglip2","dinov2,public_clean,public_inclusive,siglip2",1.105122,0.812212,0.29291,0.0,0.39617,False,False,0,0,
track2_0460,calm,annoyed,calm->annoyed,Positive,Low,Negative,High,False,False,1,gemini35,"gemini35,public_clean",1.092063,0.9375,0.154563,0.0,0.85,False,False,0,0,"The furrowed brows, sharp sideways glances, and tense facial expressions of both figures convey a strong sense of dramatic tension and annoyance rather than calmness."
track2_0495,calm,content,calm->content,Positive,Low,Positive,Low,True,True,1,siglip2,"public_clean,public_inclusive,siglip2",1.089755,0.540867,0.548888,0.0,0.548888,False,False,43,0,
track2_0329,content,calm,content->calm,Positive,Low,Positive,Low,True,True,2,"dinov2,siglip2","dinov2,public_clean,public_inclusive,siglip2",1.086186,0.753422,0.332764,0.0,0.453488,False,False,20,0,
track2_0433,content,calm,content->calm,Positive,Low,Positive,Low,True,True,2,"clip,siglip2","clip,public_clean,public_inclusive,siglip2",1.08563,0.766156,0.319474,0.0,0.415058,False,False,20,0,
track2_0862,content,tired,content->tired,Positive,Low,Negative,Low,False,True,2,"clip,dinov2","clip,dinov2",1.081496,1.081496,0.0,0.0,0.560077,False,False,0,0,
track2_0838,content,calm,content->calm,Positive,Low,Positive,Low,True,True,1,siglip2,"public_clean,public_inclusive,siglip2",1.078237,0.524712,0.553525,0.0,0.553525,False,False,20,0,
track2_0733,aroused,alarmed,aroused->alarmed,Positive,High,Negative,High,False,True,1,gemini35,"gemini35,public_inclusive",1.07811,0.875,0.20311,0.0,0.8,False,False,0,0,The fierce expression of the warrior and the ominous dragon claw emerging from dark clouds evoke a sense of dramatic tension and alarm rather than positive arousal.
track2_0598,aroused,frustrated,aroused->frustrated,Positive,High,Negative,High,False,True,2,"clip,dinov2","clip,dinov2,public_clean,public_inclusive",1.075789,0.743985,0.331804,0.0,0.388626,False,False,0,0,
track2_0608,content,calm,content->calm,Positive,Low,Positive,Low,True,True,2,"clip,siglip2","clip,public_clean,public_inclusive,siglip2",1.074745,0.696088,0.378657,0.0,0.378657,False,False,20,0,
track2_0250,content,calm,content->calm,Positive,Low,Positive,Low,True,True,1,siglip2,"public_clean,public_inclusive,siglip2",1.074528,0.586417,0.488112,0.0,0.543923,False,False,20,0,
track2_0581,content,annoyed,content->annoyed,Positive,Low,Negative,High,False,False,2,"clip,siglip2","clip,public_clean,public_inclusive,siglip2",1.074507,0.779672,0.294835,0.0,0.396059,False,False,0,0,
track2_0135,content,calm,content->calm,Positive,Low,Positive,Low,True,True,1,siglip2,"public_clean,public_inclusive,siglip2",1.071929,0.515572,0.556358,0.0,0.556358,False,False,20,0,
track2_0011,happy,content,happy->content,Positive,High,Positive,Low,True,False,2,"dinov2,siglip2","dinov2,public_clean,public_inclusive,siglip2",1.07176,0.803907,0.267853,0.0,0.445021,False,False,0,0,
track2_0738,content,calm,content->calm,Positive,Low,Positive,Low,True,True,2,"clip,siglip2","clip,siglip2",1.070759,1.070759,0.0,0.0,0.536671,False,False,20,0,
track2_0551,content,calm,content->calm,Positive,Low,Positive,Low,True,True,2,"clip,siglip2","clip,siglip2",1.068467,1.068467,0.0,0.0,0.535235,False,False,20,0,
track2_0070,aroused,bored,aroused->bored,Positive,High,Negative,Low,False,False,1,dinov2,"dinov2,public_clean,public_inclusive",1.061945,0.79354,0.268404,0.0,0.667138,False,False,0,0,
track2_0147,calm,content,calm->content,Positive,Low,Positive,Low,True,True,1,siglip2,"public_clean,public_inclusive,siglip2",1.056641,0.509019,0.547622,0.0,0.547622,False,False,43,0,
track2_0853,alarmed,annoyed,alarmed->annoyed,Negative,High,Negative,High,True,True,2,"clip,siglip2","clip,public_clean,public_inclusive,siglip2",1.053207,0.860289,0.192918,0.0,0.408087,False,False,0,0,
track2_0520,frustrated,bored,frustrated->bored,Negative,High,Negative,Low,True,False,1,siglip2,"public_clean,public_inclusive,siglip2",1.047245,0.696329,0.350916,0.0,0.576824,False,False,0,0,
track2_0349,tired,calm,tired->calm,Negative,Low,Positive,Low,False,True,2,"clip,siglip2","clip,public_clean,public_inclusive,siglip2",1.044259,0.758239,0.28602,0.0,0.351748,False,False,0,0,
track2_0963,alarmed,tired,alarmed->tired,Negative,High,Negative,Low,True,False,2,"dinov2,siglip2","dinov2,public_clean,public_inclusive,siglip2",1.039757,0.801584,0.238173,0.0,0.373869,False,False,0,0,
track2_0370,content,tired,content->tired,Positive,Low,Negative,Low,False,True,2,"dinov2,siglip2","dinov2,public_clean,public_inclusive,siglip2",1.038282,0.76323,0.275052,0.0,0.414066,False,False,0,0,
track2_0120,alarmed,frustrated,alarmed->frustrated,Negative,High,Negative,High,True,True,2,"dinov2,siglip2","dinov2,public_clean,public_inclusive,siglip2",1.036262,0.768038,0.268224,0.0,0.355368,False,False,0,0,
track2_0144,content,calm,content->calm,Positive,Low,Positive,Low,True,True,2,"clip,siglip2","clip,siglip2",1.03556,1.03556,0.0,0.0,0.531495,False,False,20,0,
track2_0881,calm,sad,calm->sad,Positive,Low,Negative,Low,False,True,2,"clip,siglip2","clip,public_clean,public_inclusive,siglip2",1.03286,0.708332,0.324528,0.0,0.376933,False,False,0,0,
track2_0205,annoyed,excited,annoyed->excited,Negative,High,Positive,High,False,True,2,"dinov2,siglip2","dinov2,public_clean,public_inclusive,siglip2",1.032307,0.779039,0.253268,0.0,0.459965,False,False,0,0,
track2_0027,content,sad,content->sad,Positive,Low,Negative,Low,False,True,2,"clip,siglip2","clip,public_clean,public_inclusive,siglip2",1.028299,0.738236,0.290063,0.0,0.386169,False,False,0,0,
track2_0356,aroused,excited,aroused->excited,Positive,High,Positive,High,True,True,2,"clip,siglip2","clip,public_clean,public_inclusive,siglip2",1.025409,0.654409,0.371,0.0,0.384455,False,False,1,0,
track2_0770,content,excited,content->excited,Positive,Low,Positive,High,True,False,1,siglip2,"public_clean,public_inclusive,siglip2",1.024841,0.530545,0.494296,0.0,0.494296,False,False,0,0,
track2_0388,calm,excited,calm->excited,Positive,Low,Positive,High,True,False,2,"clip,siglip2","clip,public_clean,public_inclusive,siglip2",1.00695,0.670846,0.336104,0.0,0.383182,False,False,0,0,
track2_0228,calm,excited,calm->excited,Positive,Low,Positive,High,True,False,2,"clip,siglip2","clip,public_clean,public_inclusive,siglip2",1.002873,0.740614,0.26226,0.0,0.329586,False,False,0,0,
track2_0491,annoyed,tired,annoyed->tired,Negative,High,Negative,Low,True,False,2,"clip,siglip2","clip,public_clean,public_inclusive,siglip2",1.00116,0.728933,0.272227,0.0,0.344943,False,False,0,0,
track2_0921,alarmed,frustrated,alarmed->frustrated,Negative,High,Negative,High,True,True,2,"dinov2,siglip2","dinov2,public_clean,public_inclusive,siglip2",0.996591,0.757574,0.239017,0.0,0.39043,False,False,0,0,
track2_0132,alarmed,excited,alarmed->excited,Negative,High,Positive,High,False,True,2,"clip,dinov2","clip,dinov2",0.992717,0.992717,0.0,0.0,0.485649,False,False,0,0,
track2_0529,content,calm,content->calm,Positive,Low,Positive,Low,True,True,2,"clip,dinov2","clip,dinov2",0.988115,0.988115,0.0,0.0,0.480115,False,False,20,0,
track2_0623,annoyed,calm,annoyed->calm,Negative,High,Positive,Low,False,False,2,"clip,dinov2","clip,dinov2",0.983872,0.983872,0.0,0.0,0.533509,False,False,0,0,
track2_0825,annoyed,calm,annoyed->calm,Negative,High,Positive,Low,False,False,1,siglip2,"public_clean,public_inclusive,siglip2",0.983015,0.520859,0.462156,0.0,0.475372,False,False,0,0,
track2_0945,calm,content,calm->content,Positive,Low,Positive,Low,True,True,1,siglip2,"public_clean,public_inclusive,siglip2",0.974975,0.510606,0.464369,0.0,0.490488,False,False,43,0,
track2_0839,frustrated,bored,frustrated->bored,Negative,High,Negative,Low,True,False,2,"clip,siglip2","clip,public_clean,public_inclusive,siglip2",0.966431,0.636319,0.330112,0.0,0.330112,False,False,0,0,
track2_0999,alarmed,calm,alarmed->calm,Negative,High,Positive,Low,False,False,3,"clip,dinov2,siglip2","clip,dinov2,siglip2",0.964114,0.964114,0.0,0.0,0.402533,False,False,0,0,
track2_0812,alarmed,frustrated,alarmed->frustrated,Negative,High,Negative,High,True,True,2,"clip,siglip2","clip,public_clean,public_inclusive,siglip2",0.96345,0.713266,0.250184,0.0,0.374582,False,False,0,0,
track2_0639,content,calm,content->calm,Positive,Low,Positive,Low,True,True,2,"clip,dinov2","clip,dinov2",0.963275,0.963275,0.0,0.0,0.470655,False,False,20,0,
track2_0123,content,tired,content->tired,Positive,Low,Negative,Low,False,True,1,clip,"clip,public_clean,public_inclusive",0.959333,0.540802,0.418531,0.0,0.469156,False,False,0,0,
track2_0480,alarmed,sad,alarmed->sad,Negative,High,Negative,Low,True,False,2,"clip,dinov2","clip,dinov2",0.959167,0.959167,0.0,0.0,0.628104,False,False,0,0,
track2_0439,content,excited,content->excited,Positive,Low,Positive,High,True,False,2,"dinov2,siglip2","dinov2,public_inclusive,siglip2",0.955442,0.676602,0.27884,0.0,0.419205,False,False,0,0,
track2_0425,alarmed,calm,alarmed->calm,Negative,High,Positive,Low,False,False,1,siglip2,"public_inclusive,siglip2",0.954361,0.518076,0.436285,0.0,0.479178,False,False,0,0,
track2_0161,calm,content,calm->content,Positive,Low,Positive,Low,True,True,0,,public_near_public_duplicate,0.953972,0.0,0.0,0.953972,0.953972,False,True,43,0,near_public_duplicate supports content
track2_0471,content,calm,content->calm,Positive,Low,Positive,Low,True,True,2,"clip,dinov2","clip,dinov2",0.952233,0.952233,0.0,0.0,0.470424,False,False,20,0,
track2_0726,frustrated,alarmed,frustrated->alarmed,Negative,High,Negative,High,True,True,0,,public_near_public_duplicate,0.951928,0.0,0.0,0.951928,0.951928,False,True,0,0,near_public_duplicate supports alarmed | near_public_duplicate supports alarmed
track2_0577,calm,content,calm->content,Positive,Low,Positive,Low,True,True,0,,public_near_public_duplicate,0.951786,0.0,0.0,0.951786,0.951786,False,True,43,0,near_public_duplicate supports content
track2_0785,calm,content,calm->content,Positive,Low,Positive,Low,True,True,0,,public_near_public_duplicate,0.951001,0.0,0.0,0.951001,0.951001,False,True,43,0,near_public_duplicate supports content
track2_0596,tired,sad,tired->sad,Negative,Low,Negative,Low,True,True,2,"clip,dinov2","clip,dinov2,public_clean,public_inclusive",0.950994,0.695081,0.255913,0.0,0.352789,False,False,3,0,
track2_0251,frustrated,tired,frustrated->tired,Negative,High,Negative,Low,True,False,2,"clip,siglip2","clip,public_clean,public_inclusive,siglip2",0.949987,0.703142,0.246845,0.0,0.345402,False,False,0,0,
track2_0440,frustrated,tired,frustrated->tired,Negative,High,Negative,Low,True,False,2,"clip,dinov2","clip,dinov2",0.947457,0.947457,0.0,0.0,0.419679,False,False,0,0,
track2_0141,calm,content,calm->content,Positive,Low,Positive,Low,True,True,2,"clip,dinov2","clip,dinov2,public_clean,public_inclusive",0.942985,0.626941,0.316044,0.0,0.316044,False,False,43,0,
track2_0324,content,calm,content->calm,Positive,Low,Positive,Low,True,True,2,"clip,dinov2","clip,dinov2",0.9411,0.9411,0.0,0.0,0.473706,False,False,20,0,
track2_0912,alarmed,frustrated,alarmed->frustrated,Negative,High,Negative,High,True,True,2,"clip,siglip2","clip,public_clean,public_inclusive,siglip2",0.94026,0.665798,0.274462,0.0,0.356263,False,False,0,0,
track2_0037,tired,calm,tired->calm,Negative,Low,Positive,Low,False,True,1,gemini35,gemini35,0.9375,0.9375,0.0,0.0,0.85,False,False,0,0,"The peaceful solitude of the rustic mountain cabins and the majestic, quiet peaks under soft, diffused light evoke a sense of serene calmness rather than tiredness."
track2_0547,annoyed,calm,annoyed->calm,Negative,High,Positive,Low,False,False,1,gemini35,gemini35,0.9375,0.9375,0.0,0.0,0.85,False,False,0,0,"The balanced composition, flowing organic curves, and quiet monochromatic pencil shading evoke a sense of peace and stability, making 'calm' a much more fitting description than 'annoyed'."
track2_0771,content,calm,content->calm,Positive,Low,Positive,Low,True,True,2,"clip,siglip2","clip,public_clean,public_inclusive,siglip2",0.934998,0.64339,0.291608,0.0,0.306238,False,False,20,0,
track2_0392,calm,content,calm->content,Positive,Low,Positive,Low,True,True,1,siglip2,"public_clean,public_inclusive,siglip2",0.92501,0.472219,0.452791,0.0,0.452791,False,False,43,0,
track2_0506,calm,excited,calm->excited,Positive,Low,Positive,High,True,False,2,"dinov2,siglip2","dinov2,public_clean,public_inclusive,siglip2",0.924485,0.620988,0.303497,0.0,0.312804,False,False,0,0,
track2_0783,calm,frustrated,calm->frustrated,Positive,Low,Negative,High,False,False,2,"clip,dinov2","clip,dinov2,public_clean,public_inclusive",0.919798,0.683381,0.236417,0.0,0.332934,False,False,0,0,
track2_0961,content,calm,content->calm,Positive,Low,Positive,Low,True,True,1,siglip2,"public_clean,public_inclusive,siglip2",0.915206,0.465533,0.449673,0.0,0.454377,False,False,20,0,
track2_0573,annoyed,calm,annoyed->calm,Negative,High,Positive,Low,False,False,2,"clip,dinov2","clip,dinov2",0.912117,0.912117,0.0,0.0,0.557645,False,False,0,0,
track2_0459,calm,alarmed,calm->alarmed,Positive,Low,Negative,High,False,False,2,"clip,siglip2","clip,siglip2",0.909522,0.909522,0.0,0.0,0.525281,False,False,0,0,
track2_0789,annoyed,excited,annoyed->excited,Negative,High,Positive,High,False,True,2,"clip,siglip2","clip,public_clean,public_inclusive,siglip2",0.908788,0.702441,0.206348,0.0,0.3878,False,False,0,0,
track2_0957,glad,content,glad->content,Positive,Low,Positive,Low,True,True,1,siglip2,"public_clean,public_inclusive,siglip2",0.904765,0.448188,0.456577,0.0,0.456577,False,False,4,0,
track2_0298,content,calm,content->calm,Positive,Low,Positive,Low,True,True,1,siglip2,"public_inclusive,siglip2",0.904273,0.480662,0.42361,0.0,0.47109,False,False,20,0,
track2_0096,frustrated,calm,frustrated->calm,Negative,High,Positive,Low,False,False,2,"dinov2,siglip2","dinov2,public_clean,public_inclusive,siglip2",0.903208,0.636714,0.266494,0.0,0.29615,False,False,0,0,
track2_0377,content,calm,content->calm,Positive,Low,Positive,Low,True,True,1,siglip2,"public_inclusive,siglip2",0.902505,0.468322,0.434184,0.0,0.462419,False,False,20,0,
track2_0315,calm,bored,calm->bored,Positive,Low,Negative,Low,False,True,2,"clip,dinov2","clip,dinov2,public_clean,public_inclusive",0.900962,0.689607,0.211356,0.0,0.411987,False,False,0,0,
track2_0981,frustrated,annoyed,frustrated->annoyed,Negative,High,Negative,High,True,True,2,"clip,siglip2","clip,public_clean,public_inclusive,siglip2",0.894073,0.62487,0.269202,0.0,0.319453,False,False,0,0,
track2_0986,calm,content,calm->content,Positive,Low,Positive,Low,True,True,2,"clip,siglip2","clip,public_clean,siglip2",0.884567,0.655332,0.229235,0.0,0.386382,False,False,43,0,
track2_0532,content,annoyed,content->annoyed,Positive,Low,Negative,High,False,False,1,siglip2,"public_clean,public_inclusive,siglip2",0.880192,0.528777,0.351415,0.0,0.472692,False,False,0,0,
track2_0380,alarmed,annoyed,alarmed->annoyed,Negative,High,Negative,High,True,True,1,siglip2,"public_clean,public_inclusive,siglip2",0.879587,0.526388,0.353199,0.0,0.445983,False,False,0,0,
track2_0884,tired,calm,tired->calm,Negative,Low,Positive,Low,False,True,1,gemini35,gemini35,0.875,0.875,0.0,0.0,0.8,False,False,0,0,"The antique, sepia-toned landscape and serene classical figures evoke a peaceful, quiet atmosphere best described as calm rather than tired."
track2_0453,happy,excited,happy->excited,Positive,High,Positive,High,True,True,2,"dinov2,siglip2","dinov2,public_clean,public_inclusive,siglip2",0.874462,0.634467,0.239995,0.0,0.309677,False,False,3,0,
track2_0816,content,excited,content->excited,Positive,Low,Positive,High,True,False,2,"dinov2,siglip2","dinov2,public_clean,public_inclusive,siglip2",0.870742,0.633126,0.237616,0.0,0.331117,False,False,0,0,
track2_0960,calm,content,calm->content,Positive,Low,Positive,Low,True,True,1,dinov2,"dinov2,public_inclusive",0.868984,0.421518,0.447466,0.0,0.447466,False,False,43,0,
track2_0953,calm,bored,calm->bored,Positive,Low,Negative,Low,False,True,1,dinov2,dinov2,0.855259,0.855259,0.0,0.0,0.709779,False,False,0,0,
track2_0882,content,calm,content->calm,Positive,Low,Positive,Low,True,True,1,dinov2,"dinov2,public_clean,public_inclusive",0.854983,0.416411,0.438572,0.0,0.438572,False,False,20,0,
track2_0371,calm,bored,calm->bored,Positive,Low,Negative,Low,False,True,1,dinov2,dinov2,0.848163,0.848163,0.0,0.0,0.703688,False,False,0,0,
track2_0545,sad,frustrated,sad->frustrated,Negative,Low,Negative,High,True,False,3,"clip,dinov2,siglip2","clip,dinov2,siglip2",0.847501,0.847501,0.0,0.0,0.277661,False,False,0,0,
track2_0717,sad,calm,sad->calm,Negative,Low,Positive,Low,False,True,1,siglip2,"public_clean,public_inclusive,siglip2",0.845522,0.499797,0.345725,0.0,0.451472,False,False,0,0,
track2_0820,content,excited,content->excited,Positive,Low,Positive,High,True,False,2,"clip,siglip2","clip,public_clean,public_inclusive,siglip2",0.842911,0.565766,0.277145,0.0,0.292329,False,False,0,0,
track2_0540,content,calm,content->calm,Positive,Low,Positive,Low,True,True,2,"clip,dinov2","clip,dinov2",0.839242,0.839242,0.0,0.0,0.503716,False,False,20,0,
track2_0231,bored,tired,bored->tired,Negative,Low,Negative,Low,True,True,2,"clip,siglip2","clip,public_clean,public_inclusive,siglip2",0.838182,0.5997,0.238482,0.0,0.359904,False,False,0,0,
track2_0801,annoyed,calm,annoyed->calm,Negative,High,Positive,Low,False,False,2,"clip,dinov2","clip,dinov2",0.836433,0.836433,0.0,0.0,0.43263,False,False,0,0,
track2_0418,annoyed,bored,annoyed->bored,Negative,High,Negative,Low,True,False,2,"clip,dinov2","clip,dinov2,public_clean,public_inclusive",0.834809,0.616727,0.218082,0.0,0.316594,False,False,0,0,
track2_0435,sad,calm,sad->calm,Negative,Low,Positive,Low,False,True,2,"clip,dinov2","clip,dinov2",0.831671,0.831671,0.0,0.0,0.515983,False,False,0,0,
track2_0238,calm,content,calm->content,Positive,Low,Positive,Low,True,True,1,siglip2,"public_clean,public_inclusive,siglip2",0.827657,0.431114,0.396543,0.0,0.413181,False,False,43,0,
track2_0060,calm,content,calm->content,Positive,Low,Positive,Low,True,True,1,siglip2,"public_clean,public_inclusive,siglip2",0.824489,0.449086,0.375403,0.0,0.428426,False,False,43,0,
track2_0878,alarmed,sad,alarmed->sad,Negative,High,Negative,Low,True,False,1,siglip2,"public_clean,public_inclusive,siglip2",0.82374,0.520087,0.303654,0.0,0.43682,False,False,0,0,
track2_0438,calm,content,calm->content,Positive,Low,Positive,Low,True,True,1,siglip2,"public_clean,siglip2",0.823046,0.434914,0.388132,0.0,0.419851,False,False,43,0,
track2_0694,tired,sad,tired->sad,Negative,Low,Negative,Low,True,True,2,"clip,siglip2","clip,public_clean,public_inclusive,siglip2",0.822489,0.569355,0.253134,0.0,0.275147,False,False,3,0,
track2_0123,content,aroused,content->aroused,Positive,Low,Positive,High,True,False,1,dinov2,dinov2,0.819263,0.819263,0.0,0.0,0.671506,False,False,0,0,
track2_0802,calm,bored,calm->bored,Positive,Low,Negative,Low,False,True,1,siglip2,"public_clean,public_inclusive,siglip2",0.814076,0.477096,0.33698,0.0,0.415755,False,False,0,0,
track2_0782,content,bored,content->bored,Positive,Low,Negative,Low,False,True,1,siglip2,"public_clean,public_inclusive,siglip2",0.813338,0.489695,0.323643,0.0,0.431854,False,False,0,0,
track2_0649,alarmed,glad,alarmed->glad,Negative,High,Positive,Low,False,False,1,siglip2,"public_clean,public_inclusive,siglip2",0.803771,0.513374,0.290397,0.0,0.439768,False,False,0,0,
track2_0357,calm,happy,calm->happy,Positive,Low,Positive,High,True,False,1,dinov2,dinov2,0.802903,0.802903,0.0,0.0,0.664748,False,False,0,0,
track2_0379,content,annoyed,content->annoyed,Positive,Low,Negative,High,False,False,2,"clip,siglip2","clip,public_clean,public_inclusive,siglip2",0.797696,0.561191,0.236505,0.0,0.27793,False,False,0,0,
track2_0325,sad,calm,sad->calm,Negative,Low,Positive,Low,False,True,2,"clip,dinov2","clip,dinov2",0.796623,0.796623,0.0,0.0,0.461171,False,False,0,0,
track2_0713,calm,frustrated,calm->frustrated,Positive,Low,Negative,High,False,False,2,"clip,dinov2","clip,dinov2,public_clean,public_inclusive",0.796564,0.562599,0.233965,0.0,0.301288,False,False,0,0,
track2_0804,sad,frustrated,sad->frustrated,Negative,Low,Negative,High,True,False,1,siglip2,"public_clean,public_inclusive,siglip2",0.792269,0.471531,0.320738,0.0,0.412461,False,False,0,0,
track2_0929,content,calm,content->calm,Positive,Low,Positive,Low,True,True,1,clip,"clip,public_clean,public_inclusive",0.791035,0.469961,0.321074,0.0,0.437734,False,False,20,0,
track2_0057,content,happy,content->happy,Positive,Low,Positive,High,True,False,1,dinov2,dinov2,0.783403,0.783403,0.0,0.0,0.650911,False,False,0,0,
track2_0103,content,calm,content->calm,Positive,Low,Positive,Low,True,True,1,dinov2,"dinov2,public_clean,public_inclusive",0.782758,0.513032,0.269726,0.0,0.461739,False,False,20,0,
track2_0331,tired,content,tired->content,Negative,Low,Positive,Low,False,True,2,"dinov2,siglip2","dinov2,siglip2",0.779729,0.779729,0.0,0.0,0.432824,False,False,0,0,
track2_0395,calm,frustrated,calm->frustrated,Positive,Low,Negative,High,False,False,2,"clip,siglip2","clip,public_clean,public_inclusive,siglip2",0.776523,0.583149,0.193374,0.0,0.300601,False,False,0,0,
track2_0772,calm,content,calm->content,Positive,Low,Positive,Low,True,True,1,clip,"clip,public_clean",0.775379,0.355697,0.419682,0.0,0.419682,False,False,43,0,
track2_0732,alarmed,content,alarmed->content,Negative,High,Positive,Low,False,False,1,siglip2,"public_clean,public_inclusive,siglip2",0.774327,0.436402,0.337925,0.0,0.391269,False,False,0,0,
track2_0862,content,glad,content->glad,Positive,Low,Positive,Low,True,True,1,siglip2,"public_clean,public_inclusive,siglip2",0.770608,0.440488,0.33012,0.0,0.385191,False,False,5,0,
track2_0983,aroused,annoyed,aroused->annoyed,Positive,High,Negative,High,False,True,2,"clip,dinov2","clip,dinov2",0.769373,0.769373,0.0,0.0,0.3732,False,False,0,0,
track2_0151,alarmed,tired,alarmed->tired,Negative,High,Negative,Low,True,False,2,"clip,siglip2","clip,public_clean,public_inclusive,siglip2",0.761634,0.576231,0.185403,0.0,0.312392,False,False,0,0,
track2_0165,content,excited,content->excited,Positive,Low,Positive,High,True,False,2,"clip,siglip2","clip,public_clean,public_inclusive,siglip2",0.759769,0.533106,0.226664,0.0,0.301946,False,False,0,0,
track2_0573,annoyed,content,annoyed->content,Negative,High,Positive,Low,False,False,1,siglip2,"public_clean,public_inclusive,siglip2",0.754819,0.348927,0.405892,0.0,0.405892,False,False,0,0,
track2_0241,alarmed,bored,alarmed->bored,Negative,High,Negative,Low,True,False,2,"clip,dinov2","clip,dinov2",0.754461,0.754461,0.0,0.0,0.439115,False,False,0,0,
track2_0404,calm,sad,calm->sad,Positive,Low,Negative,Low,False,True,1,dinov2,dinov2,0.754172,0.754172,0.0,0.0,0.63532,False,False,0,0,
track2_0131,content,annoyed,content->annoyed,Positive,Low,Negative,High,False,False,1,siglip2,"public_clean,public_inclusive,siglip2",0.751629,0.487571,0.264058,0.0,0.419693,False,False,0,0,
track2_0037,tired,content,tired->content,Negative,Low,Positive,Low,False,True,1,clip,"clip,public_clean",0.750547,0.446493,0.304053,0.0,0.42536,False,False,0,0,
track2_0128,calm,sad,calm->sad,Positive,Low,Negative,Low,False,True,1,dinov2,dinov2,0.740549,0.740549,0.0,0.0,0.621727,False,False,0,0,
track2_0656,content,calm,content->calm,Positive,Low,Positive,Low,True,True,2,"clip,dinov2","clip,dinov2",0.737413,0.737413,0.0,0.0,0.440267,False,False,20,0,
track2_0204,calm,tired,calm->tired,Positive,Low,Negative,Low,False,True,2,"clip,dinov2","clip,dinov2",0.735281,0.735281,0.0,0.0,0.352683,False,False,0,0,
track2_0176,alarmed,sad,alarmed->sad,Negative,High,Negative,Low,True,False,1,siglip2,"public_clean,public_inclusive,siglip2",0.73321,0.46551,0.267699,0.0,0.398727,False,False,0,0,
track2_0014,sad,glad,sad->glad,Negative,Low,Positive,Low,False,True,1,siglip2,"public_clean,public_inclusive,siglip2",0.728252,0.368739,0.359512,0.0,0.359512,False,False,0,0,
track2_0367,content,calm,content->calm,Positive,Low,Positive,Low,True,True,1,siglip2,"public_inclusive,siglip2",0.724253,0.386838,0.337415,0.0,0.382312,False,False,20,0,
track2_0543,calm,sad,calm->sad,Positive,Low,Negative,Low,False,True,1,clip,clip,0.721572,0.721572,0.0,0.0,0.602849,False,False,0,0,
track2_0649,alarmed,happy,alarmed->happy,Negative,High,Positive,High,False,True,1,dinov2,dinov2,0.715959,0.715959,0.0,0.0,0.594274,False,False,0,0,
track2_0916,aroused,frustrated,aroused->frustrated,Positive,High,Negative,High,False,True,1,dinov2,"dinov2,public_clean,public_inclusive",0.712627,0.437026,0.275602,0.0,0.379552,False,False,0,0,
track2_0855,content,excited,content->excited,Positive,Low,Positive,High,True,False,1,siglip2,"public_clean,public_inclusive,siglip2",0.710996,0.436369,0.274627,0.0,0.395431,False,False,0,0,
track2_0934,bored,aroused,bored->aroused,Negative,Low,Positive,High,False,False,1,dinov2,dinov2,0.706979,0.706979,0.0,0.0,0.588272,False,False,0,0,
track2_0750,sad,frustrated,sad->frustrated,Negative,Low,Negative,High,True,False,1,siglip2,"public_clean,public_inclusive,siglip2",0.706511,0.399299,0.307212,0.0,0.348498,False,False,0,0,
track2_0879,calm,excited,calm->excited,Positive,Low,Positive,High,True,False,2,"clip,siglip2","clip,siglip2",0.706027,0.706027,0.0,0.0,0.351691,False,False,0,0,
track2_0711,tired,sad,tired->sad,Negative,Low,Negative,Low,True,True,1,dinov2,dinov2,0.70443,0.70443,0.0,0.0,0.585808,False,False,3,0,
track2_0039,frustrated,aroused,frustrated->aroused,Negative,High,Positive,High,False,True,2,"clip,siglip2","clip,siglip2",0.700836,0.700836,0.0,0.0,0.419306,False,False,0,0,
track2_0674,calm,bored,calm->bored,Positive,Low,Negative,Low,False,True,1,dinov2,dinov2,0.700353,0.700353,0.0,0.0,0.587284,False,False,0,0,
track2_0316,happy,annoyed,happy->annoyed,Positive,High,Negative,High,False,True,1,siglip2,"public_clean,public_inclusive,siglip2",0.69995,0.371937,0.328013,0.0,0.360165,False,False,0,0,
track2_0001,sad,content,sad->content,Negative,Low,Positive,Low,False,True,1,siglip2,"public_clean,public_inclusive,siglip2",0.699929,0.376703,0.323226,0.0,0.354347,False,False,0,0,
track2_0025,calm,sad,calm->sad,Positive,Low,Negative,Low,False,True,1,clip,"clip,public_clean,public_inclusive",0.698991,0.380624,0.318368,0.0,0.338676,False,False,0,0,
track2_0358,calm,bored,calm->bored,Positive,Low,Negative,Low,False,True,2,"clip,siglip2","clip,public_clean,public_inclusive,siglip2",0.698198,0.488561,0.209636,0.0,0.25855,False,False,0,0,
track2_0973,content,bored,content->bored,Positive,Low,Negative,Low,False,True,1,siglip2,"public_clean,public_inclusive,siglip2",0.696601,0.389687,0.306914,0.0,0.335788,False,False,0,0,
track2_0360,calm,content,calm->content,Positive,Low,Positive,Low,True,True,1,siglip2,"public_clean,public_inclusive,siglip2",0.695785,0.408969,0.286816,0.0,0.361339,False,False,43,0,
track2_0554,excited,bored,excited->bored,Positive,High,Negative,Low,False,False,1,siglip2,"public_clean,public_inclusive,siglip2",0.690767,0.384978,0.305789,0.0,0.344805,False,False,0,0,
track2_0556,calm,aroused,calm->aroused,Positive,Low,Positive,High,True,False,2,"dinov2,siglip2","dinov2,siglip2",0.690403,0.690403,0.0,0.0,0.373294,False,False,0,0,
track2_0729,frustrated,annoyed,frustrated->annoyed,Negative,High,Negative,High,True,True,1,dinov2,"dinov2,public_clean,public_inclusive",0.689746,0.472191,0.217555,0.0,0.42539,False,False,0,0,
track2_0486,frustrated,excited,frustrated->excited,Negative,High,Positive,High,False,True,1,siglip2,"public_clean,public_inclusive,siglip2",0.689442,0.372253,0.317189,0.0,0.33735,False,False,0,0,
track2_0556,calm,frustrated,calm->frustrated,Positive,Low,Negative,High,False,False,1,clip,"clip,public_clean,public_inclusive",0.689349,0.473641,0.215708,0.0,0.412706,False,False,0,0,
track2_0989,alarmed,sad,alarmed->sad,Negative,High,Negative,Low,True,False,1,siglip2,"public_clean,public_inclusive,siglip2",0.689237,0.42784,0.261397,0.0,0.375455,False,False,0,0,
track2_0542,aroused,excited,aroused->excited,Positive,High,Positive,High,True,True,1,dinov2,dinov2,0.689145,0.689145,0.0,0.0,0.572724,False,False,1,0,
track2_0629,tired,content,tired->content,Negative,Low,Positive,Low,False,True,1,siglip2,"public_clean,public_inclusive,siglip2",0.685909,0.328343,0.357566,0.0,0.357566,False,False,0,0,
track2_0855,content,calm,content->calm,Positive,Low,Positive,Low,True,True,2,"clip,dinov2","clip,dinov2",0.681989,0.681989,0.0,0.0,0.362701,False,False,20,0,
track2_0934,bored,calm,bored->calm,Negative,Low,Positive,Low,False,True,2,"clip,siglip2","clip,siglip2",0.681851,0.681851,0.0,0.0,0.328419,False,False,0,0,
track2_0206,calm,bored,calm->bored,Positive,Low,Negative,Low,False,True,2,"clip,dinov2","clip,dinov2",0.680362,0.680362,0.0,0.0,0.335357,False,False,0,0,
track2_0479,alarmed,annoyed,alarmed->annoyed,Negative,High,Negative,High,True,True,2,"clip,dinov2","clip,dinov2",0.679141,0.679141,0.0,0.0,0.375444,False,False,0,0,
track2_0235,sad,aroused,sad->aroused,Negative,Low,Positive,High,False,False,1,dinov2,"dinov2,public_clean,public_inclusive",0.676782,0.393762,0.28302,0.0,0.369912,False,False,0,0,
track2_0717,sad,happy,sad->happy,Negative,Low,Positive,High,False,False,1,dinov2,dinov2,0.672103,0.672103,0.0,0.0,0.55763,False,False,0,0,
track2_0465,calm,bored,calm->bored,Positive,Low,Negative,Low,False,True,1,dinov2,dinov2,0.67164,0.67164,0.0,0.0,0.589766,False,False,0,0,
track2_0628,content,excited,content->excited,Positive,Low,Positive,High,True,False,1,siglip2,"public_clean,public_inclusive,siglip2",0.670077,0.354205,0.315872,0.0,0.315872,False,False,0,0,
track2_0582,alarmed,bored,alarmed->bored,Negative,High,Negative,Low,True,False,1,siglip2,"public_clean,public_inclusive,siglip2",0.668732,0.365385,0.303346,0.0,0.336294,False,False,0,0,
track2_0071,bored,aroused,bored->aroused,Negative,Low,Positive,High,False,False,1,dinov2,dinov2,0.662388,0.662388,0.0,0.0,0.555592,False,False,0,0,
track2_0108,calm,frustrated,calm->frustrated,Positive,Low,Negative,High,False,False,1,siglip2,"public_clean,public_inclusive,siglip2",0.656494,0.365941,0.290553,0.0,0.318962,False,False,0,0,
track2_0171,calm,happy,calm->happy,Positive,Low,Positive,High,True,False,1,siglip2,"public_clean,siglip2",0.655139,0.354072,0.301067,0.0,0.347566,False,False,0,0,
track2_0439,content,happy,content->happy,Positive,Low,Positive,High,True,False,1,clip,"clip,public_clean",0.653817,0.391073,0.262744,0.0,0.363517,False,False,0,0,
track2_0983,aroused,frustrated,aroused->frustrated,Positive,High,Negative,High,False,True,1,siglip2,"public_clean,public_inclusive,siglip2",0.653052,0.388911,0.264141,0.0,0.34849,False,False,0,0,
track2_0708,frustrated,tired,frustrated->tired,Negative,High,Negative,Low,True,False,2,"clip,dinov2","clip,dinov2",0.652455,0.652455,0.0,0.0,0.328966,False,False,0,0,
track2_0448,content,calm,content->calm,Positive,Low,Positive,Low,True,True,2,"clip,dinov2","clip,dinov2",0.651245,0.651245,0.0,0.0,0.353425,False,False,20,0,
track2_0488,excited,calm,excited->calm,Positive,High,Positive,Low,True,False,1,dinov2,dinov2,0.647596,0.647596,0.0,0.0,0.571104,False,False,0,0,
track2_0249,frustrated,annoyed,frustrated->annoyed,Negative,High,Negative,High,True,True,2,"clip,dinov2","clip,dinov2",0.64757,0.64757,0.0,0.0,0.337771,False,False,0,0,
track2_0425,alarmed,content,alarmed->content,Negative,High,Positive,Low,False,False,1,dinov2,"dinov2,public_clean",0.647329,0.271536,0.375793,0.0,0.375793,False,False,0,0,
track2_0739,content,happy,content->happy,Positive,Low,Positive,High,True,False,1,siglip2,"public_clean,siglip2",0.644681,0.326413,0.318268,0.0,0.325667,False,False,0,0,
track2_0159,calm,sad,calm->sad,Positive,Low,Negative,Low,False,True,1,dinov2,dinov2,0.643275,0.643275,0.0,0.0,0.54804,False,False,0,0,
track2_0486,frustrated,aroused,frustrated->aroused,Negative,High,Positive,High,False,True,1,dinov2,dinov2,0.642245,0.642245,0.0,0.0,0.543822,False,False,0,0,
track2_0132,alarmed,annoyed,alarmed->annoyed,Negative,High,Negative,High,True,True,1,siglip2,"public_clean,public_inclusive,siglip2",0.641188,0.361027,0.280161,0.0,0.328778,False,False,0,0,
track2_0565,alarmed,sad,alarmed->sad,Negative,High,Negative,Low,True,False,1,siglip2,"public_clean,public_inclusive,siglip2",0.639444,0.363067,0.276377,0.0,0.321902,False,False,0,0,
track2_0219,content,calm,content->calm,Positive,Low,Positive,Low,True,True,2,"dinov2,siglip2","dinov2,siglip2",0.636718,0.636718,0.0,0.0,0.333561,False,False,20,0,
track2_0237,glad,content,glad->content,Positive,Low,Positive,Low,True,True,1,siglip2,"public_clean,public_inclusive,siglip2",0.636239,0.348547,0.287692,0.0,0.330368,False,False,4,0,
track2_0767,frustrated,annoyed,frustrated->annoyed,Negative,High,Negative,High,True,True,1,clip,clip,0.634168,0.634168,0.0,0.0,0.538276,False,False,0,0,
track2_0756,content,bored,content->bored,Positive,Low,Negative,Low,False,True,1,dinov2,dinov2,0.631735,0.631735,0.0,0.0,0.548575,False,False,0,0,
track2_0508,sad,aroused,sad->aroused,Negative,Low,Positive,High,False,False,1,dinov2,dinov2,0.631574,0.631574,0.0,0.0,0.53423,False,False,0,0,
track2_0394,aroused,frustrated,aroused->frustrated,Positive,High,Negative,High,False,True,1,dinov2,dinov2,0.626312,0.626312,0.0,0.0,0.521992,False,False,0,0,
track2_0228,calm,aroused,calm->aroused,Positive,Low,Positive,High,True,False,1,dinov2,dinov2,0.623094,0.623094,0.0,0.0,0.524842,False,False,0,0,
track2_0774,frustrated,bored,frustrated->bored,Negative,High,Negative,Low,True,False,1,dinov2,dinov2,0.619887,0.619887,0.0,0.0,0.525214,False,False,0,0,
track2_0048,tired,frustrated,tired->frustrated,Negative,Low,Negative,High,True,False,1,siglip2,"public_clean,public_inclusive,siglip2",0.617657,0.350371,0.267286,0.0,0.329018,False,False,0,0,
track2_0813,content,happy,content->happy,Positive,Low,Positive,High,True,False,2,"dinov2,siglip2","dinov2,siglip2",0.615403,0.615403,0.0,0.0,0.3177,False,False,0,0,
track2_0227,calm,content,calm->content,Positive,Low,Positive,Low,True,True,1,siglip2,"public_clean,public_inclusive,siglip2",0.615172,0.371697,0.243475,0.0,0.330462,False,False,43,0,
track2_0245,frustrated,sad,frustrated->sad,Negative,High,Negative,Low,True,False,1,siglip2,"public_clean,public_inclusive,siglip2",0.612062,0.324829,0.287233,0.0,0.302012,False,False,0,0,
track2_0755,content,calm,content->calm,Positive,Low,Positive,Low,True,True,1,dinov2,dinov2,0.610434,0.610434,0.0,0.0,0.560184,False,False,20,0,
track2_0114,frustrated,excited,frustrated->excited,Negative,High,Positive,High,False,True,1,siglip2,"public_clean,public_inclusive,siglip2",0.60309,0.337526,0.265564,0.0,0.317455,False,False,0,0,
track2_0533,sad,alarmed,sad->alarmed,Negative,Low,Negative,High,True,False,1,dinov2,dinov2,0.602243,0.602243,0.0,0.0,0.524513,False,False,0,0,
track2_0095,aroused,excited,aroused->excited,Positive,High,Positive,High,True,True,1,clip,"clip,public_clean,public_inclusive",0.598379,0.350423,0.247956,0.0,0.314059,False,False,1,0,
track2_0462,calm,aroused,calm->aroused,Positive,Low,Positive,High,True,False,1,dinov2,"dinov2,public_clean",0.597993,0.415497,0.182496,0.0,0.364822,False,False,0,0,
track2_0170,frustrated,annoyed,frustrated->annoyed,Negative,High,Negative,High,True,True,1,dinov2,dinov2,0.596388,0.596388,0.0,0.0,0.535265,False,False,0,0,
track2_0375,calm,aroused,calm->aroused,Positive,Low,Positive,High,True,False,1,siglip2,"public_clean,public_inclusive,siglip2",0.594599,0.379885,0.214714,0.0,0.329836,False,False,0,0,
track2_0693,sad,frustrated,sad->frustrated,Negative,Low,Negative,High,True,False,1,siglip2,"public_clean,public_inclusive,siglip2",0.594337,0.324968,0.26937,0.0,0.306404,False,False,0,0,
track2_0574,frustrated,excited,frustrated->excited,Negative,High,Positive,High,False,True,1,siglip2,"public_clean,public_inclusive,siglip2",0.593583,0.348985,0.244598,0.0,0.324003,False,False,0,0,
track2_0037,tired,sad,tired->sad,Negative,Low,Negative,Low,True,True,1,siglip2,"public_inclusive,siglip2",0.592257,0.31227,0.279987,0.0,0.306929,False,False,3,0,
track2_0435,sad,content,sad->content,Negative,Low,Positive,Low,False,True,1,siglip2,"public_clean,public_inclusive,siglip2",0.592111,0.297068,0.295043,0.0,0.295043,False,False,0,0,
track2_0434,content,glad,content->glad,Positive,Low,Positive,Low,True,True,1,clip,clip,0.587136,0.587136,0.0,0.0,0.52652,False,False,5,0,
track2_0981,frustrated,aroused,frustrated->aroused,Negative,High,Positive,High,False,True,1,dinov2,dinov2,0.583147,0.583147,0.0,0.0,0.498968,False,False,0,0,
track2_0258,content,happy,content->happy,Positive,Low,Positive,High,True,False,1,dinov2,dinov2,0.580196,0.580196,0.0,0.0,0.511534,False,False,0,0,
track2_0985,calm,content,calm->content,Positive,Low,Positive,Low,True,True,1,clip,clip,0.578857,0.578857,0.0,0.0,0.50638,False,False,43,0,
track2_0634,content,calm,content->calm,Positive,Low,Positive,Low,True,True,1,dinov2,dinov2,0.573878,0.573878,0.0,0.0,0.539795,False,False,20,0,
track2_0887,calm,alarmed,calm->alarmed,Positive,Low,Negative,High,False,False,1,dinov2,dinov2,0.570064,0.570064,0.0,0.0,0.50176,False,False,0,0,
track2_0625,calm,aroused,calm->aroused,Positive,Low,Positive,High,True,False,1,dinov2,dinov2,0.569496,0.569496,0.0,0.0,0.482489,False,False,0,0,
track2_0886,calm,content,calm->content,Positive,Low,Positive,Low,True,True,1,clip,clip,0.569261,0.569261,0.0,0.0,0.541152,False,False,43,0,
track2_0383,calm,bored,calm->bored,Positive,Low,Negative,Low,False,True,2,"clip,siglip2","clip,siglip2",0.567614,0.567614,0.0,0.0,0.325571,False,False,0,0,
track2_0012,content,annoyed,content->annoyed,Positive,Low,Negative,High,False,False,1,siglip2,"public_clean,public_inclusive,siglip2",0.567119,0.333306,0.233813,0.0,0.295894,False,False,0,0,
track2_0623,annoyed,happy,annoyed->happy,Negative,High,Positive,High,False,True,1,siglip2,"public_clean,siglip2",0.565185,0.376317,0.188868,0.0,0.338451,False,False,0,0,
track2_0160,calm,content,calm->content,Positive,Low,Positive,Low,True,True,1,dinov2,dinov2,0.56432,0.56432,0.0,0.0,0.505515,False,False,43,0,
track2_0192,frustrated,aroused,frustrated->aroused,Negative,High,Positive,High,False,True,1,siglip2,"public_clean,public_inclusive,siglip2",0.564296,0.309195,0.255101,0.0,0.306393,False,False,0,0,
track2_0530,calm,content,calm->content,Positive,Low,Positive,Low,True,True,1,dinov2,dinov2,0.563256,0.563256,0.0,0.0,0.536171,False,False,43,0,
track2_0535,calm,bored,calm->bored,Positive,Low,Negative,Low,False,True,1,siglip2,"public_clean,public_inclusive,siglip2",0.562914,0.289399,0.273515,0.0,0.273515,False,False,0,0,
track2_0004,content,annoyed,content->annoyed,Positive,Low,Negative,High,False,False,2,"clip,dinov2","clip,dinov2",0.562145,0.562145,0.0,0.0,0.295975,False,False,0,0,
track2_0499,frustrated,bored,frustrated->bored,Negative,High,Negative,Low,True,False,1,dinov2,"dinov2,public_clean,public_inclusive",0.561233,0.326882,0.234351,0.0,0.311528,False,False,0,0,
track2_0662,content,calm,content->calm,Positive,Low,Positive,Low,True,True,1,clip,clip,0.561153,0.561153,0.0,0.0,0.52843,False,False,20,0,
track2_0730,calm,annoyed,calm->annoyed,Positive,Low,Negative,High,False,False,2,"clip,dinov2","clip,dinov2",0.560458,0.560458,0.0,0.0,0.269611,False,False,0,0,
track2_0022,content,calm,content->calm,Positive,Low,Positive,Low,True,True,1,dinov2,dinov2,0.559914,0.559914,0.0,0.0,0.511389,False,False,20,0,
track2_0604,content,calm,content->calm,Positive,Low,Positive,Low,True,True,1,dinov2,dinov2,0.559774,0.559774,0.0,0.0,0.523021,False,False,20,0,
track2_0709,calm,content,calm->content,Positive,Low,Positive,Low,True,True,1,dinov2,dinov2,0.559496,0.559496,0.0,0.0,0.533583,False,False,43,0,
track2_0513,content,calm,content->calm,Positive,Low,Positive,Low,True,True,1,clip,clip,0.556237,0.556237,0.0,0.0,0.531234,False,False,20,0,
track2_0472,calm,sad,calm->sad,Positive,Low,Negative,Low,False,True,1,dinov2,dinov2,0.551416,0.551416,0.0,0.0,0.483584,False,False,0,0,
track2_0839,frustrated,annoyed,frustrated->annoyed,Negative,High,Negative,High,True,True,1,dinov2,dinov2,0.548397,0.548397,0.0,0.0,0.466538,False,False,0,0,
track2_0604,content,glad,content->glad,Positive,Low,Positive,Low,True,True,1,clip,clip,0.54797,0.54797,0.0,0.0,0.484595,False,False,5,0,
track2_0048,tired,sad,tired->sad,Negative,Low,Negative,Low,True,True,1,dinov2,dinov2,0.54509,0.54509,0.0,0.0,0.477076,False,False,3,0,
track2_0535,calm,tired,calm->tired,Positive,Low,Negative,Low,False,True,1,clip,clip,0.54363,0.54363,0.0,0.0,0.469607,False,False,0,0,
track2_0844,content,bored,content->bored,Positive,Low,Negative,Low,False,True,1,dinov2,dinov2,0.543278,0.543278,0.0,0.0,0.480396,False,False,0,0,
track2_0612,calm,content,calm->content,Positive,Low,Positive,Low,True,True,1,dinov2,dinov2,0.543095,0.543095,0.0,0.0,0.488009,False,False,43,0,
track2_0531,annoyed,content,annoyed->content,Negative,High,Positive,Low,False,False,1,clip,"clip,public_clean",0.53947,0.195617,0.343853,0.0,0.343853,False,False,0,0,
track2_0582,alarmed,frustrated,alarmed->frustrated,Negative,High,Negative,High,True,True,2,"clip,dinov2","clip,dinov2",0.538451,0.538451,0.0,0.0,0.274532,False,False,0,0,
track2_0811,sad,bored,sad->bored,Negative,Low,Negative,Low,True,True,1,clip,clip,0.536064,0.536064,0.0,0.0,0.484885,False,False,0,0,
track2_0985,calm,sad,calm->sad,Positive,Low,Negative,Low,False,True,1,siglip2,"public_clean,public_inclusive,siglip2",0.534815,0.290379,0.244436,0.0,0.286036,False,False,0,0,
track2_0661,alarmed,excited,alarmed->excited,Negative,High,Positive,High,False,True,1,siglip2,"public_clean,public_inclusive,siglip2",0.534675,0.271994,0.262681,0.0,0.262681,False,False,0,0,
track2_0536,alarmed,calm,alarmed->calm,Negative,High,Positive,Low,False,False,1,dinov2,dinov2,0.534212,0.534212,0.0,0.0,0.450504,False,False,0,0,
track2_0260,calm,content,calm->content,Positive,Low,Positive,Low,True,True,1,dinov2,dinov2,0.533373,0.533373,0.0,0.0,0.517912,False,False,43,0,
track2_0733,aroused,bored,aroused->bored,Positive,High,Negative,Low,False,False,1,siglip2,"public_clean,siglip2",0.531254,0.329632,0.201622,0.0,0.302253,False,False,0,0,
track2_0801,annoyed,content,annoyed->content,Negative,High,Positive,Low,False,False,1,siglip2,"public_clean,public_inclusive,siglip2",0.530379,0.266085,0.264294,0.0,0.264294,False,False,0,0,
track2_0480,alarmed,bored,alarmed->bored,Negative,High,Negative,Low,True,False,1,siglip2,"public_clean,public_inclusive,siglip2",0.529581,0.259205,0.270376,0.0,0.270376,False,False,0,0,
track2_0919,bored,tired,bored->tired,Negative,Low,Negative,Low,True,True,1,dinov2,dinov2,0.529408,0.529408,0.0,0.0,0.49761,False,False,0,0,
track2_0405,calm,content,calm->content,Positive,Low,Positive,Low,True,True,0,,"public_clean,public_inclusive",0.52839,0.0,0.52839,0.0,0.52839,False,False,43,0,
track2_0920,calm,content,calm->content,Positive,Low,Positive,Low,True,True,1,siglip2,siglip2,0.526179,0.526179,0.0,0.0,0.51545,False,False,43,0,
track2_0039,frustrated,excited,frustrated->excited,Negative,High,Positive,High,False,True,1,dinov2,dinov2,0.523062,0.523062,0.0,0.0,0.447253,False,False,0,0,
track2_0485,calm,content,calm->content,Positive,Low,Positive,Low,True,True,1,dinov2,dinov2,0.522948,0.522948,0.0,0.0,0.488991,False,False,43,0,
track2_0047,calm,content,calm->content,Positive,Low,Positive,Low,True,True,1,dinov2,dinov2,0.522507,0.522507,0.0,0.0,0.508579,False,False,43,0,
track2_0843,content,bored,content->bored,Positive,Low,Negative,Low,False,True,1,dinov2,dinov2,0.522309,0.522309,0.0,0.0,0.454675,False,False,0,0,
track2_0828,frustrated,excited,frustrated->excited,Negative,High,Positive,High,False,True,1,dinov2,dinov2,0.522253,0.522253,0.0,0.0,0.468957,False,False,0,0,
track2_0049,content,calm,content->calm,Positive,Low,Positive,Low,True,True,1,clip,clip,0.521573,0.521573,0.0,0.0,0.495091,False,False,20,0,
track2_0805,calm,bored,calm->bored,Positive,Low,Negative,Low,False,True,1,dinov2,dinov2,0.521315,0.521315,0.0,0.0,0.458991,False,False,0,0,
track2_0067,content,calm,content->calm,Positive,Low,Positive,Low,True,True,1,dinov2,dinov2,0.520244,0.520244,0.0,0.0,0.506516,False,False,20,0,
track2_0581,content,calm,content->calm,Positive,Low,Positive,Low,True,True,1,dinov2,dinov2,0.518629,0.518629,0.0,0.0,0.469731,False,False,20,0,
track2_0317,content,tired,content->tired,Positive,Low,Negative,Low,False,True,1,siglip2,"public_clean,public_inclusive,siglip2",0.514026,0.228274,0.285752,0.0,0.285752,False,False,0,0,
track2_0181,content,calm,content->calm,Positive,Low,Positive,Low,True,True,1,clip,clip,0.511817,0.511817,0.0,0.0,0.489219,False,False,20,0,
track2_0629,tired,sad,tired->sad,Negative,Low,Negative,Low,True,True,1,dinov2,dinov2,0.510382,0.510382,0.0,0.0,0.445266,False,False,3,0,
track2_0845,calm,content,calm->content,Positive,Low,Positive,Low,True,True,1,dinov2,dinov2,0.509419,0.509419,0.0,0.0,0.485001,False,False,43,0,
track2_0290,content,calm,content->calm,Positive,Low,Positive,Low,True,True,1,dinov2,dinov2,0.508919,0.508919,0.0,0.0,0.488774,False,False,20,0,
track2_0331,tired,bored,tired->bored,Negative,Low,Negative,Low,True,True,1,clip,clip,0.508538,0.508538,0.0,0.0,0.432374,False,False,0,0,
track2_0670,annoyed,excited,annoyed->excited,Negative,High,Positive,High,False,True,1,dinov2,dinov2,0.506279,0.506279,0.0,0.0,0.446155,False,False,0,0,
track2_0991,calm,content,calm->content,Positive,Low,Positive,Low,True,True,1,clip,"clip,public_clean,public_inclusive",0.504327,0.280183,0.224144,0.0,0.266216,False,False,43,0,
track2_0614,content,calm,content->calm,Positive,Low,Positive,Low,True,True,1,dinov2,dinov2,0.503267,0.503267,0.0,0.0,0.481551,False,False,20,0,
track2_0058,content,calm,content->calm,Positive,Low,Positive,Low,True,True,1,clip,clip,0.502958,0.502958,0.0,0.0,0.495364,False,False,20,0,
track2_0355,content,calm,content->calm,Positive,Low,Positive,Low,True,True,1,clip,clip,0.502729,0.502729,0.0,0.0,0.488643,False,False,20,0,
track2_0150,tired,content,tired->content,Negative,Low,Positive,Low,False,True,1,siglip2,siglip2,0.502153,0.502153,0.0,0.0,0.492131,False,False,0,0,
track2_0175,tired,calm,tired->calm,Negative,Low,Positive,Low,False,True,1,dinov2,dinov2,0.501243,0.501243,0.0,0.0,0.448293,False,False,0,0,
track2_0462,calm,bored,calm->bored,Positive,Low,Negative,Low,False,True,1,clip,clip,0.498161,0.498161,0.0,0.0,0.424573,False,False,0,0,
track2_0308,content,aroused,content->aroused,Positive,Low,Positive,High,True,False,1,dinov2,dinov2,0.497348,0.497348,0.0,0.0,0.425538,False,False,0,0,
track2_0370,content,bored,content->bored,Positive,Low,Negative,Low,False,True,1,clip,clip,0.49476,0.49476,0.0,0.0,0.445602,False,False,0,0,
track2_0014,sad,calm,sad->calm,Negative,Low,Positive,Low,False,True,1,clip,clip,0.494461,0.494461,0.0,0.0,0.477998,False,False,0,0,
track2_0014,sad,content,sad->content,Negative,Low,Positive,Low,False,True,1,dinov2,dinov2,0.493597,0.493597,0.0,0.0,0.446962,False,False,0,0,
track2_0824,calm,bored,calm->bored,Positive,Low,Negative,Low,False,True,1,dinov2,dinov2,0.492847,0.492847,0.0,0.0,0.438318,False,False,0,0,
track2_0579,frustrated,tired,frustrated->tired,Negative,High,Negative,Low,True,False,1,dinov2,dinov2,0.491325,0.491325,0.0,0.0,0.438185,False,False,0,0,
track2_0799,alarmed,frustrated,alarmed->frustrated,Negative,High,Negative,High,True,True,1,siglip2,"public_clean,public_inclusive,siglip2",0.489389,0.275857,0.213532,0.0,0.253256,False,False,0,0,
track2_0282,content,aroused,content->aroused,Positive,Low,Positive,High,True,False,1,dinov2,dinov2,0.488832,0.488832,0.0,0.0,0.414777,False,False,0,0,
track2_0694,tired,aroused,tired->aroused,Negative,Low,Positive,High,False,False,1,dinov2,dinov2,0.488457,0.488457,0.0,0.0,0.438406,False,False,0,0,
track2_0257,calm,content,calm->content,Positive,Low,Positive,Low,True,True,1,clip,clip,0.487876,0.487876,0.0,0.0,0.46775,False,False,43,0,
track2_0263,excited,glad,excited->glad,Positive,High,Positive,Low,True,False,1,clip,clip,0.485381,0.485381,0.0,0.0,0.457198,False,False,0,0,
track2_0630,content,tired,content->tired,Positive,Low,Negative,Low,False,True,1,siglip2,siglip2,0.484897,0.484897,0.0,0.0,0.442883,False,False,0,0,
track2_0894,calm,tired,calm->tired,Positive,Low,Negative,Low,False,True,1,dinov2,dinov2,0.483864,0.483864,0.0,0.0,0.43657,False,False,0,0,
track2_0106,alarmed,bored,alarmed->bored,Negative,High,Negative,Low,True,False,1,dinov2,dinov2,0.479964,0.479964,0.0,0.0,0.435049,False,False,0,0,
track2_0041,frustrated,bored,frustrated->bored,Negative,High,Negative,Low,True,False,1,clip,"clip,public_clean,public_inclusive",0.476142,0.288821,0.187321,0.0,0.265176,False,False,0,0,
track2_0372,aroused,content,aroused->content,Positive,High,Positive,Low,True,False,1,siglip2,"public_clean,public_inclusive,siglip2",0.475527,0.244367,0.23116,0.0,0.236635,False,False,0,0,
track2_0462,calm,excited,calm->excited,Positive,Low,Positive,High,True,False,1,siglip2,"public_inclusive,siglip2",0.475164,0.277979,0.197185,0.0,0.251774,False,False,0,0,
track2_0423,alarmed,annoyed,alarmed->annoyed,Negative,High,Negative,High,True,True,1,siglip2,"public_inclusive,siglip2",0.474893,0.283174,0.191719,0.0,0.25624,False,False,0,0,
track2_0428,content,calm,content->calm,Positive,Low,Positive,Low,True,True,1,clip,clip,0.473942,0.473942,0.0,0.0,0.462507,False,False,20,0,
track2_0804,sad,alarmed,sad->alarmed,Negative,Low,Negative,High,True,False,1,clip,clip,0.473898,0.473898,0.0,0.0,0.43758,False,False,0,0,
track2_0187,annoyed,calm,annoyed->calm,Negative,High,Positive,Low,False,False,1,dinov2,dinov2,0.473126,0.473126,0.0,0.0,0.436251,False,False,0,0,
track2_0786,calm,content,calm->content,Positive,Low,Positive,Low,True,True,0,,"public_clean,public_inclusive",0.471134,0.0,0.471134,0.0,0.471134,False,False,43,0,
track2_0057,content,glad,content->glad,Positive,Low,Positive,Low,True,True,1,clip,clip,0.469503,0.469503,0.0,0.0,0.428052,False,False,5,0,
track2_0745,calm,content,calm->content,Positive,Low,Positive,Low,True,True,0,,public_clean,0.468915,0.0,0.468915,0.0,0.468915,False,False,43,0,
track2_0386,calm,aroused,calm->aroused,Positive,Low,Positive,High,True,False,1,dinov2,dinov2,0.467655,0.467655,0.0,0.0,0.416779,False,False,0,0,
track2_0520,frustrated,aroused,frustrated->aroused,Negative,High,Positive,High,False,True,1,clip,clip,0.46236,0.46236,0.0,0.0,0.3969,False,False,0,0,
track2_0273,bored,tired,bored->tired,Negative,Low,Negative,Low,True,True,1,siglip2,siglip2,0.462215,0.462215,0.0,0.0,0.404712,False,False,0,0,
track2_0366,excited,happy,excited->happy,Positive,High,Positive,High,True,True,1,clip,clip,0.462192,0.462192,0.0,0.0,0.419733,False,False,1,0,
track2_0776,calm,content,calm->content,Positive,Low,Positive,Low,True,True,1,dinov2,dinov2,0.461449,0.461449,0.0,0.0,0.460274,False,False,43,0,
track2_0226,sad,aroused,sad->aroused,Negative,Low,Positive,High,False,False,1,dinov2,dinov2,0.460022,0.460022,0.0,0.0,0.412776,False,False,0,0,
track2_0954,calm,sad,calm->sad,Positive,Low,Negative,Low,False,True,1,dinov2,dinov2,0.459791,0.459791,0.0,0.0,0.402006,False,False,0,0,
track2_0440,frustrated,annoyed,frustrated->annoyed,Negative,High,Negative,High,True,True,1,siglip2,"public_clean,public_inclusive,siglip2",0.4597,0.233062,0.226638,0.0,0.232466,False,False,0,0,
track2_0227,calm,tired,calm->tired,Positive,Low,Negative,Low,False,True,1,dinov2,dinov2,0.458086,0.458086,0.0,0.0,0.400341,False,False,0,0,
track2_0931,content,calm,content->calm,Positive,Low,Positive,Low,True,True,1,clip,clip,0.457762,0.457762,0.0,0.0,0.456804,False,False,20,0,
track2_0973,content,calm,content->calm,Positive,Low,Positive,Low,True,True,1,clip,clip,0.45368,0.45368,0.0,0.0,0.407741,False,False,20,0,
track2_0349,tired,happy,tired->happy,Negative,Low,Positive,High,False,False,1,dinov2,dinov2,0.451833,0.451833,0.0,0.0,0.42407,False,False,0,0,
track2_0223,frustrated,alarmed,frustrated->alarmed,Negative,High,Negative,High,True,True,1,siglip2,"public_clean,public_inclusive,siglip2",0.45159,0.236404,0.215186,0.0,0.232281,False,False,0,0,
track2_0224,aroused,bored,aroused->bored,Positive,High,Negative,Low,False,False,1,siglip2,"public_clean,public_inclusive,siglip2",0.451033,0.240041,0.210992,0.0,0.231954,False,False,0,0,
track2_0289,calm,content,calm->content,Positive,Low,Positive,Low,True,True,1,clip,clip,0.446295,0.446295,0.0,0.0,0.440539,False,False,43,0,
track2_0769,alarmed,annoyed,alarmed->annoyed,Negative,High,Negative,High,True,True,1,siglip2,"public_clean,public_inclusive,siglip2",0.444728,0.28717,0.157558,0.0,0.251436,False,False,0,0,
track2_0469,calm,content,calm->content,Positive,Low,Positive,Low,True,True,0,,public_clean,0.439573,0.0,0.439573,0.0,0.439573,False,False,43,0,
track2_0890,alarmed,excited,alarmed->excited,Negative,High,Positive,High,False,True,1,dinov2,dinov2,0.437813,0.437813,0.0,0.0,0.380761,False,False,0,0,
track2_0798,calm,content,calm->content,Positive,Low,Positive,Low,True,True,0,,public_clean,0.437541,0.0,0.437541,0.0,0.437541,False,False,43,0,
track2_0561,content,tired,content->tired,Positive,Low,Negative,Low,False,True,1,dinov2,dinov2,0.436323,0.436323,0.0,0.0,0.402692,False,False,0,0,
track2_0395,calm,annoyed,calm->annoyed,Positive,Low,Negative,High,False,False,1,dinov2,dinov2,0.434847,0.434847,0.0,0.0,0.39012,False,False,0,0,
track2_0140,aroused,calm,aroused->calm,Positive,High,Positive,Low,True,False,1,siglip2,"public_clean,public_inclusive,siglip2",0.434202,0.228937,0.205265,0.0,0.218682,False,False,0,0,
track2_0215,tired,sad,tired->sad,Negative,Low,Negative,Low,True,True,1,clip,clip,0.433619,0.433619,0.0,0.0,0.428918,False,False,3,0,
track2_0125,content,sad,content->sad,Positive,Low,Negative,Low,False,True,1,dinov2,dinov2,0.431887,0.431887,0.0,0.0,0.40168,False,False,0,0,
track2_0074,calm,tired,calm->tired,Positive,Low,Negative,Low,False,True,1,dinov2,dinov2,0.431421,0.431421,0.0,0.0,0.41232,False,False,0,0,
track2_0621,frustrated,tired,frustrated->tired,Negative,High,Negative,Low,True,False,1,siglip2,"public_clean,public_inclusive,siglip2",0.431002,0.246981,0.184021,0.0,0.232072,False,False,0,0,
track2_0433,content,excited,content->excited,Positive,Low,Positive,High,True,False,1,dinov2,dinov2,0.430323,0.430323,0.0,0.0,0.385018,False,False,0,0,
track2_0376,content,calm,content->calm,Positive,Low,Positive,Low,True,True,1,dinov2,dinov2,0.430021,0.430021,0.0,0.0,0.42031,False,False,20,0,
track2_0782,content,aroused,content->aroused,Positive,Low,Positive,High,True,False,1,dinov2,dinov2,0.429495,0.429495,0.0,0.0,0.375737,False,False,0,0,
track2_0565,alarmed,bored,alarmed->bored,Negative,High,Negative,Low,True,False,1,clip,clip,0.428656,0.428656,0.0,0.0,0.387015,False,False,0,0,
track2_0419,calm,content,calm->content,Positive,Low,Positive,Low,True,True,0,,public_clean,0.428067,0.0,0.428067,0.0,0.428067,False,False,43,0,
track2_0677,frustrated,excited,frustrated->excited,Negative,High,Positive,High,False,True,1,dinov2,dinov2,0.427405,0.427405,0.0,0.0,0.387851,False,False,0,0,
track2_0559,calm,excited,calm->excited,Positive,Low,Positive,High,True,False,1,dinov2,dinov2,0.426547,0.426547,0.0,0.0,0.377693,False,False,0,0,
track2_0140,aroused,tired,aroused->tired,Positive,High,Negative,Low,False,False,1,clip,clip,0.423915,0.423915,0.0,0.0,0.376406,False,False,0,0,
track2_0205,annoyed,aroused,annoyed->aroused,Negative,High,Positive,High,False,True,1,clip,clip,0.423841,0.423841,0.0,0.0,0.368205,False,False,0,0,
track2_0438,calm,bored,calm->bored,Positive,Low,Negative,Low,False,True,1,dinov2,dinov2,0.422853,0.422853,0.0,0.0,0.382586,False,False,0,0,
track2_0622,calm,glad,calm->glad,Positive,Low,Positive,Low,True,True,1,clip,clip,0.422196,0.422196,0.0,0.0,0.389498,False,False,2,0,
track2_0619,bored,annoyed,bored->annoyed,Negative,Low,Negative,High,True,False,1,siglip2,siglip2,0.421271,0.421271,0.0,0.0,0.362778,False,False,0,0,
track2_0537,tired,calm,tired->calm,Negative,Low,Positive,Low,False,True,1,dinov2,dinov2,0.421068,0.421068,0.0,0.0,0.406337,False,False,0,0,
track2_0792,content,happy,content->happy,Positive,Low,Positive,High,True,False,1,dinov2,dinov2,0.420297,0.420297,0.0,0.0,0.373137,False,False,0,0,
track2_0641,frustrated,annoyed,frustrated->annoyed,Negative,High,Negative,High,True,True,1,clip,clip,0.419484,0.419484,0.0,0.0,0.404666,False,False,0,0,
track2_0406,calm,bored,calm->bored,Positive,Low,Negative,Low,False,True,1,dinov2,dinov2,0.419378,0.419378,0.0,0.0,0.413062,False,False,0,0,
track2_0566,calm,tired,calm->tired,Positive,Low,Negative,Low,False,True,1,dinov2,dinov2,0.418905,0.418905,0.0,0.0,0.370171,False,False,0,0,
track2_0957,glad,calm,glad->calm,Positive,Low,Positive,Low,True,True,1,dinov2,dinov2,0.418812,0.418812,0.0,0.0,0.409438,False,False,1,0,
track2_0152,happy,excited,happy->excited,Positive,High,Positive,High,True,True,1,siglip2,"public_clean,public_inclusive,siglip2",0.418314,0.224033,0.194281,0.0,0.216012,False,False,3,0,
track2_0317,content,sad,content->sad,Positive,Low,Negative,Low,False,True,1,clip,clip,0.413867,0.413867,0.0,0.0,0.362148,False,False,0,0,
track2_0629,tired,calm,tired->calm,Negative,Low,Positive,Low,False,True,1,clip,clip,0.413187,0.413187,0.0,0.0,0.389003,False,False,0,0,
track2_0227,calm,bored,calm->bored,Positive,Low,Negative,Low,False,True,1,clip,clip,0.413143,0.413143,0.0,0.0,0.366911,False,False,0,0,
track2_0242,calm,tired,calm->tired,Positive,Low,Negative,Low,False,True,1,dinov2,dinov2,0.412182,0.412182,0.0,0.0,0.383319,False,False,0,0,
track2_0106,alarmed,annoyed,alarmed->annoyed,Negative,High,Negative,High,True,True,1,siglip2,"public_clean,siglip2",0.411569,0.230448,0.181121,0.0,0.22456,False,False,0,0,
track2_0244,calm,content,calm->content,Positive,Low,Positive,Low,True,True,1,clip,clip,0.411482,0.411482,0.0,0.0,0.406034,False,False,43,0,
track2_0790,content,calm,content->calm,Positive,Low,Positive,Low,True,True,1,clip,clip,0.409893,0.409893,0.0,0.0,0.374555,False,False,20,0,
track2_0913,glad,calm,glad->calm,Positive,Low,Positive,Low,True,True,1,dinov2,dinov2,0.409228,0.409228,0.0,0.0,0.374524,False,False,1,0,
track2_0378,alarmed,excited,alarmed->excited,Negative,High,Positive,High,False,True,2,"clip,dinov2","clip,dinov2",0.408948,0.408948,0.0,0.0,0.214834,False,False,0,0,
track2_0123,content,sad,content->sad,Positive,Low,Negative,Low,False,True,1,siglip2,siglip2,0.407482,0.407482,0.0,0.0,0.371669,False,False,0,0,
track2_0522,calm,content,calm->content,Positive,Low,Positive,Low,True,True,1,dinov2,dinov2,0.407232,0.407232,0.0,0.0,0.391927,False,False,43,0,
track2_0145,calm,bored,calm->bored,Positive,Low,Negative,Low,False,True,1,siglip2,"public_clean,public_inclusive,siglip2",0.404016,0.21529,0.188726,0.0,0.208155,False,False,0,0,
track2_0739,content,calm,content->calm,Positive,Low,Positive,Low,True,True,1,clip,clip,0.402283,0.402283,0.0,0.0,0.397117,False,False,20,0,
track2_0425,alarmed,happy,alarmed->happy,Negative,High,Positive,High,False,True,1,clip,clip,0.401443,0.401443,0.0,0.0,0.371665,False,False,0,0,
track2_0986,calm,excited,calm->excited,Positive,Low,Positive,High,True,False,1,dinov2,dinov2,0.40144,0.40144,0.0,0.0,0.370117,False,False,0,0,
track2_0127,content,happy,content->happy,Positive,Low,Positive,High,True,False,1,dinov2,dinov2,0.400002,0.400002,0.0,0.0,0.353522,False,False,0,0,
track2_0852,content,calm,content->calm,Positive,Low,Positive,Low,True,True,1,dinov2,dinov2,0.399891,0.399891,0.0,0.0,0.396055,False,False,20,0,
track2_0711,tired,bored,tired->bored,Negative,Low,Negative,Low,True,True,1,clip,clip,0.393299,0.393299,0.0,0.0,0.383565,False,False,0,0,
track2_0423,alarmed,aroused,alarmed->aroused,Negative,High,Positive,High,False,True,1,dinov2,dinov2,0.392512,0.392512,0.0,0.0,0.357387,False,False,0,0,
track2_0775,calm,content,calm->content,Positive,Low,Positive,Low,True,True,1,dinov2,dinov2,0.392241,0.392241,0.0,0.0,0.377886,False,False,43,0,
track2_0963,alarmed,calm,alarmed->calm,Negative,High,Positive,Low,False,False,1,clip,clip,0.390562,0.390562,0.0,0.0,0.383459,False,False,0,0,
track2_0730,calm,frustrated,calm->frustrated,Positive,Low,Negative,High,False,False,1,siglip2,"public_clean,public_inclusive,siglip2",0.386682,0.211737,0.174945,0.0,0.206933,False,False,0,0,
track2_0332,aroused,frustrated,aroused->frustrated,Positive,High,Negative,High,False,True,1,dinov2,dinov2,0.385672,0.385672,0.0,0.0,0.354802,False,False,0,0,
track2_0721,alarmed,aroused,alarmed->aroused,Negative,High,Positive,High,False,True,1,siglip2,siglip2,0.385639,0.385639,0.0,0.0,0.359073,False,False,0,0,
track2_0149,calm,annoyed,calm->annoyed,Positive,Low,Negative,High,False,False,1,dinov2,dinov2,0.383864,0.383864,0.0,0.0,0.341947,False,False,0,0,
track2_0724,frustrated,annoyed,frustrated->annoyed,Negative,High,Negative,High,True,True,1,clip,clip,0.383689,0.383689,0.0,0.0,0.366503,False,False,0,0,
track2_0142,excited,bored,excited->bored,Positive,High,Negative,Low,False,False,1,clip,clip,0.383269,0.383269,0.0,0.0,0.335635,False,False,0,0,
track2_0005,calm,annoyed,calm->annoyed,Positive,Low,Negative,High,False,False,1,dinov2,dinov2,0.381514,0.381514,0.0,0.0,0.336708,False,False,0,0,
track2_0275,sad,content,sad->content,Negative,Low,Positive,Low,False,True,1,siglip2,siglip2,0.380777,0.380777,0.0,0.0,0.371577,False,False,0,0,
track2_0740,calm,tired,calm->tired,Positive,Low,Negative,Low,False,True,1,dinov2,dinov2,0.379852,0.379852,0.0,0.0,0.364559,False,False,0,0,
track2_0085,content,tired,content->tired,Positive,Low,Negative,Low,False,True,1,dinov2,dinov2,0.378032,0.378032,0.0,0.0,0.342854,False,False,0,0,
track2_0603,aroused,excited,aroused->excited,Positive,High,Positive,High,True,True,1,dinov2,dinov2,0.376952,0.376952,0.0,0.0,0.361351,False,False,1,0,
track2_0103,content,excited,content->excited,Positive,Low,Positive,High,True,False,1,siglip2,siglip2,0.375663,0.375663,0.0,0.0,0.330526,False,False,0,0,
track2_0707,calm,content,calm->content,Positive,Low,Positive,Low,True,True,1,dinov2,dinov2,0.375474,0.375474,0.0,0.0,0.373615,False,False,43,0,
track2_0331,tired,calm,tired->calm,Negative,Low,Positive,Low,False,True,0,,"public_clean,public_inclusive",0.375368,0.0,0.375368,0.0,0.375368,False,False,0,0,
track2_0602,aroused,frustrated,aroused->frustrated,Positive,High,Negative,High,False,True,1,siglip2,siglip2,0.374987,0.374987,0.0,0.0,0.355304,False,False,0,0,
track2_0598,aroused,annoyed,aroused->annoyed,Positive,High,Negative,High,False,True,1,siglip2,siglip2,0.374893,0.374893,0.0,0.0,0.361567,False,False,0,0,
track2_0895,tired,sad,tired->sad,Negative,Low,Negative,Low,True,True,1,siglip2,siglip2,0.374088,0.374088,0.0,0.0,0.35897,False,False,3,0,
track2_0549,aroused,annoyed,aroused->annoyed,Positive,High,Negative,High,False,True,1,dinov2,dinov2,0.373198,0.373198,0.0,0.0,0.349072,False,False,0,0,
track2_0091,content,calm,content->calm,Positive,Low,Positive,Low,True,True,1,clip,clip,0.372514,0.372514,0.0,0.0,0.356285,False,False,20,0,
track2_0594,tired,calm,tired->calm,Negative,Low,Positive,Low,False,True,1,dinov2,dinov2,0.372114,0.372114,0.0,0.0,0.332506,False,False,0,0,
track2_0828,frustrated,bored,frustrated->bored,Negative,High,Negative,Low,True,False,1,siglip2,"public_clean,public_inclusive,siglip2",0.369781,0.198684,0.171097,0.0,0.193631,False,False,0,0,
track2_0491,annoyed,calm,annoyed->calm,Negative,High,Positive,Low,False,False,1,dinov2,dinov2,0.369598,0.369598,0.0,0.0,0.346819,False,False,0,0,
track2_0771,content,excited,content->excited,Positive,Low,Positive,High,True,False,1,dinov2,dinov2,0.369472,0.369472,0.0,0.0,0.324648,False,False,0,0,
track2_0176,alarmed,bored,alarmed->bored,Negative,High,Negative,Low,True,False,1,clip,clip,0.368863,0.368863,0.0,0.0,0.334218,False,False,0,0,
track2_0511,annoyed,content,annoyed->content,Negative,High,Positive,Low,False,False,1,siglip2,"public_clean,siglip2",0.3673,0.169687,0.197613,0.0,0.197613,False,False,0,0,
track2_0723,tired,content,tired->content,Negative,Low,Positive,Low,False,True,1,dinov2,dinov2,0.367182,0.367182,0.0,0.0,0.354568,False,False,0,0,
track2_0769,alarmed,tired,alarmed->tired,Negative,High,Negative,Low,True,False,1,dinov2,dinov2,0.367026,0.367026,0.0,0.0,0.328547,False,False,0,0,
track2_0808,calm,content,calm->content,Positive,Low,Positive,Low,True,True,1,clip,clip,0.36652,0.36652,0.0,0.0,0.365812,False,False,43,0,
track2_0508,sad,frustrated,sad->frustrated,Negative,Low,Negative,High,True,False,1,clip,clip,0.365685,0.365685,0.0,0.0,0.333987,False,False,0,0,
track2_0683,aroused,sad,aroused->sad,Positive,High,Negative,Low,False,False,1,dinov2,dinov2,0.362124,0.362124,0.0,0.0,0.322528,False,False,0,0,
track2_0567,tired,calm,tired->calm,Negative,Low,Positive,Low,False,True,1,dinov2,dinov2,0.360057,0.360057,0.0,0.0,0.357657,False,False,0,0,
track2_0381,content,calm,content->calm,Positive,Low,Positive,Low,True,True,1,dinov2,dinov2,0.359053,0.359053,0.0,0.0,0.342941,False,False,20,0,
track2_0538,calm,tired,calm->tired,Positive,Low,Negative,Low,False,True,1,clip,clip,0.358825,0.358825,0.0,0.0,0.323261,False,False,0,0,
track2_0126,calm,content,calm->content,Positive,Low,Positive,Low,True,True,0,,public_inclusive,0.357692,0.0,0.357692,0.0,0.357692,False,False,43,0,
track2_0367,content,happy,content->happy,Positive,Low,Positive,High,True,False,1,dinov2,dinov2,0.357596,0.357596,0.0,0.0,0.327863,False,False,0,0,
track2_0503,content,calm,content->calm,Positive,Low,Positive,Low,True,True,1,dinov2,dinov2,0.357372,0.357372,0.0,0.0,0.339215,False,False,20,0,
track2_0372,aroused,excited,aroused->excited,Positive,High,Positive,High,True,True,1,clip,clip,0.357342,0.357342,0.0,0.0,0.341096,False,False,1,0,
track2_0732,alarmed,happy,alarmed->happy,Negative,High,Positive,High,False,True,1,dinov2,dinov2,0.356308,0.356308,0.0,0.0,0.327918,False,False,0,0,
track2_0003,excited,content,excited->content,Positive,High,Positive,Low,True,False,1,dinov2,dinov2,0.355662,0.355662,0.0,0.0,0.316507,False,False,0,0,
track2_0360,calm,happy,calm->happy,Positive,Low,Positive,High,True,False,1,clip,clip,0.355049,0.355049,0.0,0.0,0.338808,False,False,0,0,
track2_0590,excited,alarmed,excited->alarmed,Positive,High,Negative,High,False,True,0,,"public_clean,public_inclusive",0.354986,0.0,0.354986,0.0,0.354986,False,False,0,0,
track2_0017,content,calm,content->calm,Positive,Low,Positive,Low,True,True,0,,"public_clean,public_inclusive",0.354551,0.0,0.354551,0.0,0.354551,False,False,20,0,
track2_0654,calm,bored,calm->bored,Positive,Low,Negative,Low,False,True,1,dinov2,dinov2,0.354472,0.354472,0.0,0.0,0.350837,False,False,0,0,
track2_0385,calm,bored,calm->bored,Positive,Low,Negative,Low,False,True,1,dinov2,dinov2,0.354325,0.354325,0.0,0.0,0.321911,False,False,0,0,
track2_0449,excited,content,excited->content,Positive,High,Positive,Low,True,False,1,siglip2,siglip2,0.354298,0.354298,0.0,0.0,0.337256,False,False,0,0,
track2_0912,alarmed,annoyed,alarmed->annoyed,Negative,High,Negative,High,True,True,1,dinov2,dinov2,0.354076,0.354076,0.0,0.0,0.345063,False,False,0,0,
track2_0286,calm,bored,calm->bored,Positive,Low,Negative,Low,False,True,1,dinov2,dinov2,0.352168,0.352168,0.0,0.0,0.34278,False,False,0,0,
track2_0180,aroused,excited,aroused->excited,Positive,High,Positive,High,True,True,1,clip,clip,0.350789,0.350789,0.0,0.0,0.338506,False,False,1,0,
track2_0273,bored,aroused,bored->aroused,Negative,Low,Positive,High,False,False,1,dinov2,dinov2,0.349957,0.349957,0.0,0.0,0.314721,False,False,0,0,
track2_0400,calm,content,calm->content,Positive,Low,Positive,Low,True,True,0,,"public_clean,public_inclusive",0.349357,0.0,0.349357,0.0,0.349357,False,False,43,0,
track2_0548,alarmed,excited,alarmed->excited,Negative,High,Positive,High,False,True,1,clip,clip,0.348841,0.348841,0.0,0.0,0.337321,False,False,0,0,
track2_0523,aroused,excited,aroused->excited,Positive,High,Positive,High,True,True,1,siglip2,siglip2,0.347973,0.347973,0.0,0.0,0.320376,False,False,1,0,
track2_0940,aroused,bored,aroused->bored,Positive,High,Negative,Low,False,False,1,clip,clip,0.346589,0.346589,0.0,0.0,0.314883,False,False,0,0,
track2_0619,bored,tired,bored->tired,Negative,Low,Negative,Low,True,True,1,dinov2,dinov2,0.344645,0.344645,0.0,0.0,0.33029,False,False,0,0,
track2_0701,calm,aroused,calm->aroused,Positive,Low,Positive,High,True,False,1,dinov2,dinov2,0.344561,0.344561,0.0,0.0,0.332062,False,False,0,0,
track2_0548,alarmed,aroused,alarmed->aroused,Negative,High,Positive,High,False,True,1,dinov2,dinov2,0.343741,0.343741,0.0,0.0,0.317383,False,False,0,0,
track2_0596,tired,frustrated,tired->frustrated,Negative,Low,Negative,High,True,False,1,siglip2,siglip2,0.343735,0.343735,0.0,0.0,0.321947,False,False,0,0,
track2_0747,tired,sad,tired->sad,Negative,Low,Negative,Low,True,True,1,clip,clip,0.342383,0.342383,0.0,0.0,0.340993,False,False,3,0,
track2_0857,tired,frustrated,tired->frustrated,Negative,Low,Negative,High,True,False,1,clip,clip,0.342308,0.342308,0.0,0.0,0.302038,False,False,0,0,
track2_0162,calm,tired,calm->tired,Positive,Low,Negative,Low,False,True,1,clip,clip,0.34177,0.34177,0.0,0.0,0.323713,False,False,0,0,
track2_0031,tired,content,tired->content,Negative,Low,Positive,Low,False,True,1,dinov2,dinov2,0.341339,0.341339,0.0,0.0,0.326801,False,False,0,0,
track2_0977,tired,content,tired->content,Negative,Low,Positive,Low,False,True,1,dinov2,dinov2,0.337259,0.337259,0.0,0.0,0.307578,False,False,0,0,
track2_0352,sad,content,sad->content,Negative,Low,Positive,Low,False,True,1,dinov2,dinov2,0.336509,0.336509,0.0,0.0,0.315911,False,False,0,0,
track2_0848,bored,content,bored->content,Negative,Low,Positive,Low,False,True,1,siglip2,siglip2,0.336056,0.336056,0.0,0.0,0.32573,False,False,0,0,
track2_0962,frustrated,annoyed,frustrated->annoyed,Negative,High,Negative,High,True,True,0,,"public_clean,public_inclusive",0.335992,0.0,0.335992,0.0,0.335992,False,False,0,0,
track2_0350,calm,annoyed,calm->annoyed,Positive,Low,Negative,High,False,False,1,dinov2,dinov2,0.333591,0.333591,0.0,0.0,0.313085,False,False,0,0,
track2_0247,frustrated,annoyed,frustrated->annoyed,Negative,High,Negative,High,True,True,1,dinov2,dinov2,0.33204,0.33204,0.0,0.0,0.301499,False,False,0,0,
track2_0731,calm,excited,calm->excited,Positive,Low,Positive,High,True,False,1,dinov2,dinov2,0.330916,0.330916,0.0,0.0,0.307322,False,False,0,0,
track2_0796,calm,frustrated,calm->frustrated,Positive,Low,Negative,High,False,False,1,clip,clip,0.329989,0.329989,0.0,0.0,0.299416,False,False,0,0,
track2_0018,frustrated,annoyed,frustrated->annoyed,Negative,High,Negative,High,True,True,1,clip,clip,0.329968,0.329968,0.0,0.0,0.312234,False,False,0,0,
track2_0907,annoyed,calm,annoyed->calm,Negative,High,Positive,Low,False,False,1,clip,clip,0.328591,0.328591,0.0,0.0,0.312928,False,False,0,0,
track2_0219,content,annoyed,content->annoyed,Positive,Low,Negative,High,False,False,1,clip,clip,0.328335,0.328335,0.0,0.0,0.300305,False,False,0,0,
track2_0918,calm,content,calm->content,Positive,Low,Positive,Low,True,True,1,dinov2,dinov2,0.328289,0.328289,0.0,0.0,0.324629,False,False,43,0,
track2_0308,content,calm,content->calm,Positive,Low,Positive,Low,True,True,0,,public_inclusive,0.327496,0.0,0.327496,0.0,0.327496,False,False,20,0,
track2_0962,frustrated,aroused,frustrated->aroused,Negative,High,Positive,High,False,True,1,clip,clip,0.327391,0.327391,0.0,0.0,0.307462,False,False,0,0,
track2_0778,content,happy,content->happy,Positive,Low,Positive,High,True,False,1,dinov2,dinov2,0.326692,0.326692,0.0,0.0,0.312051,False,False,0,0,
track2_0554,excited,alarmed,excited->alarmed,Positive,High,Negative,High,False,True,1,dinov2,dinov2,0.326495,0.326495,0.0,0.0,0.30312,False,False,0,0,
track2_0364,alarmed,calm,alarmed->calm,Negative,High,Positive,Low,False,False,1,clip,clip,0.32625,0.32625,0.0,0.0,0.297863,False,False,0,0,
track2_0708,frustrated,bored,frustrated->bored,Negative,High,Negative,Low,True,False,1,siglip2,siglip2,0.326081,0.326081,0.0,0.0,0.303215,False,False,0,0,
track2_0476,alarmed,calm,alarmed->calm,Negative,High,Positive,Low,False,False,1,clip,clip,0.325988,0.325988,0.0,0.0,0.290962,False,False,0,0,
track2_0506,calm,annoyed,calm->annoyed,Positive,Low,Negative,High,False,False,1,clip,clip,0.325201,0.325201,0.0,0.0,0.296238,False,False,0,0,
track2_0336,annoyed,content,annoyed->content,Negative,High,Positive,Low,False,False,1,clip,clip,0.323898,0.323898,0.0,0.0,0.30974,False,False,0,0,
track2_0450,tired,bored,tired->bored,Negative,Low,Negative,Low,True,True,1,clip,clip,0.322586,0.322586,0.0,0.0,0.292145,False,False,0,0,
track2_0127,content,annoyed,content->annoyed,Positive,Low,Negative,High,False,False,1,clip,clip,0.321654,0.321654,0.0,0.0,0.288519,False,False,0,0,
track2_0420,sad,bored,sad->bored,Negative,Low,Negative,Low,True,True,1,dinov2,dinov2,0.320102,0.320102,0.0,0.0,0.304992,False,False,0,0,
track2_0420,sad,content,sad->content,Negative,Low,Positive,Low,False,True,1,clip,clip,0.318224,0.318224,0.0,0.0,0.290917,False,False,0,0,
track2_0789,annoyed,content,annoyed->content,Negative,High,Positive,Low,False,False,1,dinov2,dinov2,0.318116,0.318116,0.0,0.0,0.308613,False,False,0,0,
track2_0811,sad,content,sad->content,Negative,Low,Positive,Low,False,True,1,dinov2,dinov2,0.317096,0.317096,0.0,0.0,0.294021,False,False,0,0,
track2_0520,frustrated,calm,frustrated->calm,Negative,High,Positive,Low,False,False,1,dinov2,dinov2,0.316537,0.316537,0.0,0.0,0.295742,False,False,0,0,
track2_0237,glad,alarmed,glad->alarmed,Positive,Low,Negative,High,False,False,1,dinov2,dinov2,0.315174,0.315174,0.0,0.0,0.300027,False,False,0,0,
track2_0954,calm,tired,calm->tired,Positive,Low,Negative,Low,False,True,1,clip,clip,0.313369,0.313369,0.0,0.0,0.277309,False,False,0,0,
track2_0782,content,glad,content->glad,Positive,Low,Positive,Low,True,True,1,clip,clip,0.312196,0.312196,0.0,0.0,0.311141,False,False,5,0,
track2_0532,content,bored,content->bored,Positive,Low,Negative,Low,False,True,1,clip,clip,0.312159,0.312159,0.0,0.0,0.290056,False,False,0,0,
track2_0834,calm,sad,calm->sad,Positive,Low,Negative,Low,False,True,1,dinov2,dinov2,0.312101,0.312101,0.0,0.0,0.301925,False,False,0,0,
track2_0879,calm,content,calm->content,Positive,Low,Positive,Low,True,True,1,dinov2,dinov2,0.311206,0.311206,0.0,0.0,0.305272,False,False,43,0,
track2_0113,bored,sad,bored->sad,Negative,Low,Negative,Low,True,True,1,dinov2,dinov2,0.310603,0.310603,0.0,0.0,0.3079,False,False,1,0,
track2_0238,calm,tired,calm->tired,Positive,Low,Negative,Low,False,True,1,clip,clip,0.309669,0.309669,0.0,0.0,0.280597,False,False,0,0,
track2_0523,aroused,calm,aroused->calm,Positive,High,Positive,Low,True,False,1,dinov2,dinov2,0.307366,0.307366,0.0,0.0,0.282837,False,False,0,0,
track2_0732,alarmed,excited,alarmed->excited,Negative,High,Positive,High,False,True,1,clip,clip,0.307187,0.307187,0.0,0.0,0.291276,False,False,0,0,
track2_0577,calm,aroused,calm->aroused,Positive,Low,Positive,High,True,False,1,dinov2,dinov2,0.307121,0.307121,0.0,0.0,0.295747,False,False,0,0,
track2_0607,calm,sad,calm->sad,Positive,Low,Negative,Low,False,True,0,,"public_clean,public_inclusive",0.307053,0.0,0.307053,0.0,0.307053,False,False,0,0,
track2_0750,sad,aroused,sad->aroused,Negative,Low,Positive,High,False,False,1,clip,clip,0.30676,0.30676,0.0,0.0,0.298047,False,False,0,0,
track2_0133,content,aroused,content->aroused,Positive,Low,Positive,High,True,False,1,clip,clip,0.305853,0.305853,0.0,0.0,0.2841,False,False,0,0,
track2_0714,alarmed,bored,alarmed->bored,Negative,High,Negative,Low,True,False,1,dinov2,dinov2,0.305605,0.305605,0.0,0.0,0.286285,False,False,0,0,
track2_0388,calm,bored,calm->bored,Positive,Low,Negative,Low,False,True,1,dinov2,dinov2,0.30502,0.30502,0.0,0.0,0.283767,False,False,0,0,
track2_0078,calm,aroused,calm->aroused,Positive,Low,Positive,High,True,False,1,dinov2,dinov2,0.305011,0.305011,0.0,0.0,0.301952,False,False,0,0,
track2_0106,alarmed,calm,alarmed->calm,Negative,High,Positive,Low,False,False,1,clip,clip,0.3018,0.3018,0.0,0.0,0.270303,False,False,0,0,
track2_0913,glad,aroused,glad->aroused,Positive,Low,Positive,High,True,False,1,siglip2,siglip2,0.301766,0.301766,0.0,0.0,0.27551,False,False,0,0,
track2_0035,content,calm,content->calm,Positive,Low,Positive,Low,True,True,1,dinov2,dinov2,0.30143,0.30143,0.0,0.0,0.284884,False,False,20,0,
track2_0713,calm,aroused,calm->aroused,Positive,Low,Positive,High,True,False,1,siglip2,siglip2,0.300498,0.300498,0.0,0.0,0.286827,False,False,0,0,
track2_0568,calm,bored,calm->bored,Positive,Low,Negative,Low,False,True,1,dinov2,dinov2,0.299687,0.299687,0.0,0.0,0.284313,False,False,0,0,
track2_0375,calm,annoyed,calm->annoyed,Positive,Low,Negative,High,False,False,1,dinov2,dinov2,0.2991,0.2991,0.0,0.0,0.274939,False,False,0,0,
track2_0203,aroused,frustrated,aroused->frustrated,Positive,High,Negative,High,False,True,1,clip,clip,0.29831,0.29831,0.0,0.0,0.277266,False,False,0,0,
track2_0423,alarmed,excited,alarmed->excited,Negative,High,Positive,High,False,True,1,clip,clip,0.298115,0.298115,0.0,0.0,0.269501,False,False,0,0,
track2_0511,annoyed,excited,annoyed->excited,Negative,High,Positive,High,False,True,1,dinov2,dinov2,0.297488,0.297488,0.0,0.0,0.277466,False,False,0,0,
track2_0842,annoyed,bored,annoyed->bored,Negative,High,Negative,Low,True,False,0,,public_clean,0.29557,0.0,0.29557,0.0,0.29557,False,False,0,0,
track2_0783,calm,tired,calm->tired,Positive,Low,Negative,Low,False,True,1,siglip2,siglip2,0.294431,0.294431,0.0,0.0,0.281012,False,False,0,0,
track2_0348,frustrated,annoyed,frustrated->annoyed,Negative,High,Negative,High,True,True,1,siglip2,siglip2,0.293745,0.293745,0.0,0.0,0.293324,False,False,0,0,
track2_0820,content,bored,content->bored,Positive,Low,Negative,Low,False,True,1,dinov2,dinov2,0.293166,0.293166,0.0,0.0,0.28882,False,False,0,0,
track2_0787,content,happy,content->happy,Positive,Low,Positive,High,True,False,0,,"public_clean,public_inclusive",0.292443,0.0,0.292443,0.0,0.292443,False,False,0,0,
track2_0835,bored,content,bored->content,Negative,Low,Positive,Low,False,True,1,dinov2,dinov2,0.290863,0.290863,0.0,0.0,0.278158,False,False,0,0,
track2_0971,content,happy,content->happy,Positive,Low,Positive,High,True,False,1,dinov2,dinov2,0.290701,0.290701,0.0,0.0,0.278879,False,False,0,0,
track2_0138,calm,annoyed,calm->annoyed,Positive,Low,Negative,High,False,False,1,clip,clip,0.289024,0.289024,0.0,0.0,0.268141,False,False,0,0,
track2_0379,content,frustrated,content->frustrated,Positive,Low,Negative,High,False,False,1,dinov2,dinov2,0.286618,0.286618,0.0,0.0,0.273051,False,False,0,0,
track2_0989,alarmed,bored,alarmed->bored,Negative,High,Negative,Low,True,False,1,clip,clip,0.286098,0.286098,0.0,0.0,0.278256,False,False,0,0,
track2_0921,alarmed,bored,alarmed->bored,Negative,High,Negative,Low,True,False,1,clip,clip,0.285696,0.285696,0.0,0.0,0.274502,False,False,0,0,
track2_0460,calm,bored,calm->bored,Positive,Low,Negative,Low,False,True,1,dinov2,dinov2,0.284371,0.284371,0.0,0.0,0.281419,False,False,0,0,
track2_0891,sad,bored,sad->bored,Negative,Low,Negative,Low,True,True,1,clip,clip,0.284038,0.284038,0.0,0.0,0.279571,False,False,0,0,
track2_0790,content,annoyed,content->annoyed,Positive,Low,Negative,High,False,False,1,dinov2,dinov2,0.284,0.284,0.0,0.0,0.275845,False,False,0,0,
track2_0621,frustrated,content,frustrated->content,Negative,High,Positive,Low,False,False,1,clip,clip,0.283886,0.283886,0.0,0.0,0.280778,False,False,0,0,
track2_0763,calm,annoyed,calm->annoyed,Positive,Low,Negative,High,False,False,1,dinov2,dinov2,0.283741,0.283741,0.0,0.0,0.265351,False,False,0,0,
track2_0586,alarmed,tired,alarmed->tired,Negative,High,Negative,Low,True,False,1,clip,clip,0.283409,0.283409,0.0,0.0,0.267166,False,False,0,0,
track2_0353,calm,content,calm->content,Positive,Low,Positive,Low,True,True,1,dinov2,dinov2,0.281868,0.281868,0.0,0.0,0.263465,False,False,43,0,
track2_0247,frustrated,bored,frustrated->bored,Negative,High,Negative,Low,True,False,1,clip,clip,0.281644,0.281644,0.0,0.0,0.269732,False,False,0,0,
track2_0079,calm,tired,calm->tired,Positive,Low,Negative,Low,False,True,1,clip,clip,0.281212,0.281212,0.0,0.0,0.276716,False,False,0,0,
track2_0878,alarmed,bored,alarmed->bored,Negative,High,Negative,Low,True,False,1,clip,clip,0.28116,0.28116,0.0,0.0,0.267162,False,False,0,0,
track2_0015,calm,sad,calm->sad,Positive,Low,Negative,Low,False,True,1,clip,clip,0.280695,0.280695,0.0,0.0,0.266221,False,False,0,0,
track2_0693,sad,tired,sad->tired,Negative,Low,Negative,Low,True,True,1,dinov2,dinov2,0.280398,0.280398,0.0,0.0,0.257454,False,False,1,0,
track2_0095,aroused,bored,aroused->bored,Positive,High,Negative,Low,False,False,1,dinov2,dinov2,0.27926,0.27926,0.0,0.0,0.267072,False,False,0,0,
track2_0976,calm,frustrated,calm->frustrated,Positive,Low,Negative,High,False,False,1,siglip2,siglip2,0.278903,0.278903,0.0,0.0,0.271687,False,False,0,0,
track2_0923,alarmed,happy,alarmed->happy,Negative,High,Positive,High,False,True,1,dinov2,dinov2,0.278292,0.278292,0.0,0.0,0.25481,False,False,0,0,
track2_0414,calm,tired,calm->tired,Positive,Low,Negative,Low,False,True,1,dinov2,dinov2,0.277816,0.277816,0.0,0.0,0.252007,False,False,0,0,
track2_0643,glad,aroused,glad->aroused,Positive,Low,Positive,High,True,False,1,dinov2,dinov2,0.276377,0.276377,0.0,0.0,0.272247,False,False,0,0,
track2_0348,frustrated,bored,frustrated->bored,Negative,High,Negative,Low,True,False,1,dinov2,dinov2,0.27545,0.27545,0.0,0.0,0.269138,False,False,0,0,
track2_0825,annoyed,aroused,annoyed->aroused,Negative,High,Positive,High,False,True,1,clip,clip,0.273881,0.273881,0.0,0.0,0.256572,False,False,0,0,
track2_0409,calm,content,calm->content,Positive,Low,Positive,Low,True,True,1,clip,clip,0.272638,0.272638,0.0,0.0,0.27003,False,False,43,0,
track2_0693,sad,excited,sad->excited,Negative,Low,Positive,High,False,False,1,clip,clip,0.271738,0.271738,0.0,0.0,0.267143,False,False,0,0,
track2_0375,calm,excited,calm->excited,Positive,Low,Positive,High,True,False,1,clip,clip,0.270931,0.270931,0.0,0.0,0.24935,False,False,0,0,
track2_0048,tired,bored,tired->bored,Negative,Low,Negative,Low,True,True,1,clip,clip,0.266421,0.266421,0.0,0.0,0.258943,False,False,0,0,
track2_0563,bored,tired,bored->tired,Negative,Low,Negative,Low,True,True,1,siglip2,siglip2,0.266281,0.266281,0.0,0.0,0.249939,False,False,0,0,
track2_0778,content,excited,content->excited,Positive,Low,Positive,High,True,False,1,clip,clip,0.265375,0.265375,0.0,0.0,0.254931,False,False,0,0,
track2_0714,alarmed,frustrated,alarmed->frustrated,Negative,High,Negative,High,True,True,1,clip,clip,0.264784,0.264784,0.0,0.0,0.254883,False,False,0,0,
track2_0736,bored,excited,bored->excited,Negative,Low,Positive,High,False,False,1,clip,clip,0.264067,0.264067,0.0,0.0,0.257779,False,False,0,0,
track2_0815,content,calm,content->calm,Positive,Low,Positive,Low,True,True,1,clip,clip,0.264024,0.264024,0.0,0.0,0.250962,False,False,20,0,
track2_0223,frustrated,aroused,frustrated->aroused,Negative,High,Positive,High,False,True,1,clip,clip,0.263023,0.263023,0.0,0.0,0.250521,False,False,0,0,
track2_0329,content,excited,content->excited,Positive,Low,Positive,High,True,False,1,clip,clip,0.262234,0.262234,0.0,0.0,0.249785,False,False,0,0,
track2_0184,annoyed,excited,annoyed->excited,Negative,High,Positive,High,False,True,1,siglip2,siglip2,0.261326,0.261326,0.0,0.0,0.244005,False,False,0,0,
track2_0473,calm,bored,calm->bored,Positive,Low,Negative,Low,False,True,1,dinov2,dinov2,0.261118,0.261118,0.0,0.0,0.247949,False,False,0,0,
track2_0450,tired,sad,tired->sad,Negative,Low,Negative,Low,True,True,1,dinov2,dinov2,0.260828,0.260828,0.0,0.0,0.24743,False,False,3,0,
track2_0716,alarmed,sad,alarmed->sad,Negative,High,Negative,Low,True,False,1,clip,clip,0.260236,0.260236,0.0,0.0,0.252505,False,False,0,0,
track2_0459,calm,aroused,calm->aroused,Positive,Low,Positive,High,True,False,1,dinov2,dinov2,0.259309,0.259309,0.0,0.0,0.24396,False,False,0,0,
track2_0224,aroused,excited,aroused->excited,Positive,High,Positive,High,True,True,1,dinov2,dinov2,0.2589,0.2589,0.0,0.0,0.256372,False,False,1,0,
track2_0488,excited,happy,excited->happy,Positive,High,Positive,High,True,True,1,clip,clip,0.258352,0.258352,0.0,0.0,0.256483,False,False,1,0,
track2_0518,aroused,bored,aroused->bored,Positive,High,Negative,Low,False,False,1,dinov2,dinov2,0.258051,0.258051,0.0,0.0,0.253975,False,False,0,0,
track2_0141,calm,annoyed,calm->annoyed,Positive,Low,Negative,High,False,False,1,siglip2,siglip2,0.257666,0.257666,0.0,0.0,0.256014,False,False,0,0,
track2_0096,frustrated,annoyed,frustrated->annoyed,Negative,High,Negative,High,True,True,1,clip,clip,0.257105,0.257105,0.0,0.0,0.2495,False,False,0,0,
track2_0603,aroused,bored,aroused->bored,Positive,High,Negative,Low,False,False,1,clip,clip,0.25637,0.25637,0.0,0.0,0.252583,False,False,0,0,
track2_0873,aroused,excited,aroused->excited,Positive,High,Positive,High,True,True,1,dinov2,dinov2,0.254881,0.254881,0.0,0.0,0.243836,False,False,1,0,
track2_0041,frustrated,aroused,frustrated->aroused,Negative,High,Positive,High,False,True,1,dinov2,dinov2,0.253823,0.253823,0.0,0.0,0.251265,False,False,0,0,
track2_0804,sad,annoyed,sad->annoyed,Negative,Low,Negative,High,True,False,1,dinov2,dinov2,0.251567,0.251567,0.0,0.0,0.248983,False,False,0,0,
track2_0547,annoyed,frustrated,annoyed->frustrated,Negative,High,Negative,High,True,True,1,clip,clip,0.250986,0.250986,0.0,0.0,0.243409,False,False,0,0,
track2_0072,calm,happy,calm->happy,Positive,Low,Positive,High,True,False,1,dinov2,dinov2,0.250692,0.250692,0.0,0.0,0.234473,False,False,0,0,
track2_0769,alarmed,bored,alarmed->bored,Negative,High,Negative,Low,True,False,1,clip,clip,0.249722,0.249722,0.0,0.0,0.231109,False,False,0,0,
track2_0177,tired,glad,tired->glad,Negative,Low,Positive,Low,False,True,1,dinov2,dinov2,0.248703,0.248703,0.0,0.0,0.243047,False,False,0,0,
track2_0005,calm,aroused,calm->aroused,Positive,Low,Positive,High,True,False,0,,"public_clean,public_inclusive",0.248308,0.0,0.248308,0.0,0.248308,False,False,0,0,
track2_0673,frustrated,annoyed,frustrated->annoyed,Negative,High,Negative,High,True,True,1,clip,clip,0.246765,0.246765,0.0,0.0,0.240675,False,False,0,0,
track2_0488,excited,content,excited->content,Positive,High,Positive,Low,True,False,0,,"public_clean,public_inclusive",0.246433,0.0,0.246433,0.0,0.246433,False,False,0,0,
track2_0591,calm,content,calm->content,Positive,Low,Positive,Low,True,True,1,dinov2,dinov2,0.243844,0.243844,0.0,0.0,0.242818,False,False,43,0,
track2_0327,alarmed,aroused,alarmed->aroused,Negative,High,Positive,High,False,True,1,dinov2,dinov2,0.243193,0.243193,0.0,0.0,0.242796,False,False,0,0,
track2_0418,annoyed,content,annoyed->content,Negative,High,Positive,Low,False,False,1,siglip2,siglip2,0.243185,0.243185,0.0,0.0,0.239502,False,False,0,0,
track2_0815,content,annoyed,content->annoyed,Positive,Low,Negative,High,False,False,1,siglip2,siglip2,0.242653,0.242653,0.0,0.0,0.241582,False,False,0,0,
track2_0162,calm,sad,calm->sad,Positive,Low,Negative,Low,False,True,1,dinov2,dinov2,0.242388,0.242388,0.0,0.0,0.239822,False,False,0,0,
track2_0799,alarmed,bored,alarmed->bored,Negative,High,Negative,Low,True,False,1,clip,clip,0.24233,0.24233,0.0,0.0,0.241508,False,False,0,0,
track2_0816,content,sad,content->sad,Positive,Low,Negative,Low,False,True,1,clip,clip,0.241044,0.241044,0.0,0.0,0.221664,False,False,0,0,
track2_0201,content,happy,content->happy,Positive,Low,Positive,High,True,False,1,clip,clip,0.240957,0.240957,0.0,0.0,0.228402,False,False,0,0,
track2_0203,aroused,annoyed,aroused->annoyed,Positive,High,Negative,High,False,True,1,dinov2,dinov2,0.240815,0.240815,0.0,0.0,0.222655,False,False,0,0,
track2_0070,aroused,tired,aroused->tired,Positive,High,Negative,Low,False,False,1,clip,clip,0.238468,0.238468,0.0,0.0,0.234276,False,False,0,0,
track2_0012,content,bored,content->bored,Positive,Low,Negative,Low,False,True,1,clip,clip,0.237391,0.237391,0.0,0.0,0.217215,False,False,0,0,
track2_0245,frustrated,tired,frustrated->tired,Negative,High,Negative,Low,True,False,1,clip,clip,0.237206,0.237206,0.0,0.0,0.228236,False,False,0,0,
track2_0380,alarmed,aroused,alarmed->aroused,Negative,High,Positive,High,False,True,1,clip,clip,0.23685,0.23685,0.0,0.0,0.230405,False,False,0,0,
track2_0872,calm,happy,calm->happy,Positive,Low,Positive,High,True,False,1,dinov2,dinov2,0.236404,0.236404,0.0,0.0,0.225872,False,False,0,0,
track2_0878,alarmed,tired,alarmed->tired,Negative,High,Negative,Low,True,False,1,dinov2,dinov2,0.235826,0.235826,0.0,0.0,0.235496,False,False,0,0,
track2_0380,alarmed,excited,alarmed->excited,Negative,High,Positive,High,False,True,1,dinov2,dinov2,0.235334,0.235334,0.0,0.0,0.22973,False,False,0,0,
track2_0590,excited,calm,excited->calm,Positive,High,Positive,Low,True,False,1,dinov2,dinov2,0.23412,0.23412,0.0,0.0,0.232177,False,False,0,0,
track2_0708,frustrated,sad,frustrated->sad,Negative,High,Negative,Low,True,False,0,,"public_clean,public_inclusive",0.233934,0.0,0.233934,0.0,0.233934,False,False,0,0,
track2_0231,bored,frustrated,bored->frustrated,Negative,Low,Negative,High,True,False,1,dinov2,dinov2,0.232945,0.232945,0.0,0.0,0.222389,False,False,0,0,
track2_0959,calm,sad,calm->sad,Positive,Low,Negative,Low,False,True,1,clip,clip,0.232401,0.232401,0.0,0.0,0.229722,False,False,0,0,
track2_0545,sad,alarmed,sad->alarmed,Negative,Low,Negative,High,True,False,0,,"public_clean,public_inclusive",0.231792,0.0,0.231792,0.0,0.231792,False,False,0,0,
track2_0015,calm,content,calm->content,Positive,Low,Positive,Low,True,True,0,,public_clean,0.230312,0.0,0.230312,0.0,0.230312,False,False,43,0,
track2_0187,annoyed,excited,annoyed->excited,Negative,High,Positive,High,False,True,1,clip,clip,0.230212,0.230212,0.0,0.0,0.224154,False,False,0,0,
track2_0184,annoyed,tired,annoyed->tired,Negative,High,Negative,Low,True,False,1,clip,clip,0.228373,0.228373,0.0,0.0,0.218463,False,False,0,0,
track2_0071,bored,calm,bored->calm,Negative,Low,Positive,Low,False,True,1,clip,clip,0.228351,0.228351,0.0,0.0,0.217394,False,False,0,0,
track2_0927,content,alarmed,content->alarmed,Positive,Low,Negative,High,False,False,1,clip,clip,0.227233,0.227233,0.0,0.0,0.217394,False,False,0,0,
track2_0356,aroused,tired,aroused->tired,Positive,High,Negative,Low,False,False,1,dinov2,dinov2,0.225335,0.225335,0.0,0.0,0.216771,False,False,0,0,
track2_0574,frustrated,content,frustrated->content,Negative,High,Positive,Low,False,False,1,clip,clip,0.224427,0.224427,0.0,0.0,0.221384,False,False,0,0,
track2_0511,annoyed,aroused,annoyed->aroused,Negative,High,Positive,High,False,True,1,clip,clip,0.224011,0.224011,0.0,0.0,0.221546,False,False,0,0,
track2_0621,frustrated,annoyed,frustrated->annoyed,Negative,High,Negative,High,True,True,1,dinov2,dinov2,0.222241,0.222241,0.0,0.0,0.201326,False,False,0,0,
track2_0833,calm,alarmed,calm->alarmed,Positive,Low,Negative,High,False,False,1,clip,clip,0.221837,0.221837,0.0,0.0,0.207566,False,False,0,0,
track2_0643,glad,excited,glad->excited,Positive,Low,Positive,High,True,False,0,,"public_clean,public_inclusive",0.221551,0.0,0.221551,0.0,0.221551,False,False,0,0,
track2_0547,annoyed,excited,annoyed->excited,Negative,High,Positive,High,False,True,0,,public_inclusive,0.219893,0.0,0.219893,0.0,0.219893,False,False,0,0,
track2_0542,aroused,annoyed,aroused->annoyed,Positive,High,Negative,High,False,True,0,,"public_clean,public_inclusive",0.219207,0.0,0.219207,0.0,0.219207,False,False,0,0,
track2_0913,glad,content,glad->content,Positive,Low,Positive,Low,True,True,0,,"public_clean,public_inclusive",0.217023,0.0,0.217023,0.0,0.217023,False,False,4,0,
track2_0643,glad,content,glad->content,Positive,Low,Positive,Low,True,True,1,siglip2,siglip2,0.216993,0.216993,0.0,0.0,0.213748,False,False,4,0,
track2_0184,annoyed,bored,annoyed->bored,Negative,High,Negative,Low,True,False,0,,"public_clean,public_inclusive",0.215517,0.0,0.215517,0.0,0.215517,False,False,0,0,
track2_0607,calm,bored,calm->bored,Positive,Low,Negative,Low,False,True,1,clip,clip,0.215355,0.215355,0.0,0.0,0.212288,False,False,0,0,
track2_0717,sad,excited,sad->excited,Negative,Low,Positive,High,False,False,1,clip,clip,0.214094,0.214094,0.0,0.0,0.20092,False,False,0,0,
track2_0802,calm,annoyed,calm->annoyed,Positive,Low,Negative,High,False,False,1,clip,clip,0.213782,0.213782,0.0,0.0,0.203973,False,False,0,0,
track2_0666,alarmed,tired,alarmed->tired,Negative,High,Negative,Low,True,False,1,dinov2,dinov2,0.213298,0.213298,0.0,0.0,0.209095,False,False,0,0,
track2_0992,sad,alarmed,sad->alarmed,Negative,Low,Negative,High,True,False,1,dinov2,dinov2,0.21328,0.21328,0.0,0.0,0.203473,False,False,0,0,
track2_0542,aroused,frustrated,aroused->frustrated,Positive,High,Negative,High,False,True,1,clip,clip,0.209049,0.209049,0.0,0.0,0.204554,False,False,0,0,
track2_0641,frustrated,aroused,frustrated->aroused,Negative,High,Positive,High,False,True,1,dinov2,dinov2,0.20658,0.20658,0.0,0.0,0.204552,False,False,0,0,
track2_0035,content,excited,content->excited,Positive,Low,Positive,High,True,False,1,clip,clip,0.206083,0.206083,0.0,0.0,0.202252,False,False,0,0,
track2_0554,excited,happy,excited->happy,Positive,High,Positive,High,True,True,1,clip,clip,0.205441,0.205441,0.0,0.0,0.194702,False,False,1,0,
track2_0108,calm,annoyed,calm->annoyed,Positive,Low,Negative,High,False,False,1,clip,clip,0.205131,0.205131,0.0,0.0,0.192869,False,False,0,0,
track2_0012,content,excited,content->excited,Positive,Low,Positive,High,True,False,1,dinov2,dinov2,0.205008,0.205008,0.0,0.0,0.202568,False,False,0,0,
track2_0423,alarmed,calm,alarmed->calm,Negative,High,Positive,Low,False,False,0,,public_clean,0.202362,0.0,0.202362,0.0,0.202362,False,False,0,0,
track2_0172,calm,aroused,calm->aroused,Positive,Low,Positive,High,True,False,1,clip,clip,0.202199,0.202199,0.0,0.0,0.190518,False,False,0,0,
track2_0884,tired,aroused,tired->aroused,Negative,Low,Positive,High,False,False,0,,public_inclusive,0.196752,0.0,0.196752,0.0,0.196752,False,False,0,0,
track2_0039,frustrated,bored,frustrated->bored,Negative,High,Negative,Low,True,False,0,,"public_clean,public_inclusive",0.195243,0.0,0.195243,0.0,0.195243,False,False,0,0,
track2_0535,calm,aroused,calm->aroused,Positive,Low,Positive,High,True,False,1,dinov2,dinov2,0.19267,0.19267,0.0,0.0,0.182315,False,False,0,0,
track2_0005,calm,frustrated,calm->frustrated,Positive,Low,Negative,High,False,False,1,clip,clip,0.192108,0.192108,0.0,0.0,0.187449,False,False,0,0,
track2_0825,annoyed,bored,annoyed->bored,Negative,High,Negative,Low,True,False,1,dinov2,dinov2,0.191443,0.191443,0.0,0.0,0.182662,False,False,0,0,
track2_0683,aroused,bored,aroused->bored,Positive,High,Negative,Low,False,False,1,clip,clip,0.189684,0.189684,0.0,0.0,0.188485,False,False,0,0,
track2_0453,happy,content,happy->content,Positive,High,Positive,Low,True,False,1,clip,clip,0.189275,0.189275,0.0,0.0,0.183813,False,False,0,0,
track2_0015,calm,tired,calm->tired,Positive,Low,Negative,Low,False,True,1,dinov2,dinov2,0.189177,0.189177,0.0,0.0,0.188282,False,False,0,0,
track2_0828,frustrated,tired,frustrated->tired,Negative,High,Negative,Low,True,False,1,clip,clip,0.187877,0.187877,0.0,0.0,0.187857,False,False,0,0,
track2_0476,alarmed,bored,alarmed->bored,Negative,High,Negative,Low,True,False,1,dinov2,dinov2,0.186553,0.186553,0.0,0.0,0.185136,False,False,0,0,
track2_0623,annoyed,aroused,annoyed->aroused,Negative,High,Positive,High,False,True,0,,public_inclusive,0.184935,0.0,0.184935,0.0,0.184935,False,False,0,0,
track2_0649,alarmed,excited,alarmed->excited,Negative,High,Positive,High,False,True,1,clip,clip,0.181494,0.181494,0.0,0.0,0.176508,False,False,0,0,
track2_0574,frustrated,aroused,frustrated->aroused,Negative,High,Positive,High,False,True,1,dinov2,dinov2,0.177072,0.177072,0.0,0.0,0.175728,False,False,0,0,
track2_0317,content,aroused,content->aroused,Positive,Low,Positive,High,True,False,1,dinov2,dinov2,0.174939,0.174939,0.0,0.0,0.169415,False,False,0,0,
track2_0162,calm,frustrated,calm->frustrated,Positive,Low,Negative,High,False,False,0,,public_inclusive,0.174875,0.0,0.174875,0.0,0.174875,False,False,0,0,
track2_0454,calm,sad,calm->sad,Positive,Low,Negative,Low,False,True,1,clip,clip,0.174674,0.174674,0.0,0.0,0.174086,False,False,0,0,
track2_0511,annoyed,calm,annoyed->calm,Negative,High,Positive,Low,False,False,0,,public_inclusive,0.173158,0.0,0.173158,0.0,0.173158,False,False,0,0,
track2_0332,aroused,calm,aroused->calm,Positive,High,Positive,Low,True,False,0,,public_clean,0.170236,0.0,0.170236,0.0,0.170236,False,False,0,0,
track2_0332,aroused,tired,aroused->tired,Positive,High,Negative,Low,False,False,0,,public_inclusive,0.165557,0.0,0.165557,0.0,0.165557,False,False,0,0,
track2_0315,calm,tired,calm->tired,Positive,Low,Negative,Low,False,True,1,siglip2,siglip2,0.16543,0.16543,0.0,0.0,0.162617,False,False,0,0,
track2_0714,alarmed,sad,alarmed->sad,Negative,High,Negative,Low,True,False,1,siglip2,siglip2,0.160234,0.160234,0.0,0.0,0.158614,False,False,0,0,
track2_0539,content,frustrated,content->frustrated,Positive,Low,Negative,High,False,False,0,,public_inclusive,0.155979,0.0,0.155979,0.0,0.155979,False,False,0,0,
track2_0714,alarmed,tired,alarmed->tired,Negative,High,Negative,Low,True,False,0,,"public_clean,public_inclusive",0.154362,0.0,0.154362,0.0,0.154362,False,False,0,0,
track2_0360,calm,bored,calm->bored,Positive,Low,Negative,Low,False,True,1,dinov2,dinov2,0.145384,0.145384,0.0,0.0,0.145024,False,False,0,0,
