clip_cosine,current_arousal,current_emotion,current_valence,dhash_distance,duplicate_bucket,evidence_level,neighbor_count,public_description,public_member,public_request_id,salient_attributes,same_quadrant,sample_id,sources,target_arousal,target_emotion,target_valence,topk_majority_count,transition
0.845613,Low,sad,Negative,99,,style_prior_only,10,,Orientalism/0178973_ThéodoreRalli-DrawingforthenovelbyDimitriosVikelas'LoukisLaras'.jpg,Orientalism_request-867,"composition,color",False,track2_0001,public_duplicate,Low,calm,Positive,9,sad->calm
0.934464,Low,calm,Positive,99,,same_series_style,10,,China_images/GetImageUmLDYaLUtjQyGBeWhodPPUhq.jpeg,China_images_request-4340,"composition,color",True,track2_0002,public_duplicate,Low,calm,Positive,8,calm->calm
0.921365,High,excited,Positive,99,,style_prior_only,10,,Korea/koo002992-000-90000.jpg,Korea_request-219,"composition,color",False,track2_0003,public_duplicate,Low,calm,Positive,7,excited->calm
0.885214,Low,content,Positive,99,,style_prior_only,10,,Ukiyo-e/0074782_TsukiokaYoshitoshi-Onogawa.jpg,Ukiyo-e_request-339,"composition,color",False,track2_0004,public_duplicate,High,excited,Positive,3,content->excited
0.901473,Low,calm,Positive,99,,style_prior_only,10,,Expressionism/0111510_PietroLazzari-AdamandEve(11).jpg,Expressionism_request-6258,"composition,color",True,track2_0005,public_duplicate,Low,calm,Positive,4,calm->calm
0.961802,Low,calm,Positive,24,strong_neighbor_ge095,near_same_work,12,"The image depicts a serene landscape with towering mountains and lush vegetation. The scene is set against a muted background, with intricate detailing of trees and gentle flowing water, exuding an aura of tranquility and timelessness.",China_images/FS-5818_09.jpg,China_images_request-1054,"composition,color",True,track2_0006,public_duplicate,Low,calm,Positive,12,calm->calm
0.924169,High,excited,Positive,99,,style_prior_only,10,,Cubism/0103903_LyonelFeininger-MarinefromTheFirstPortfolio(DieersteMappe).jpg,Cubism_request-1395,"composition,color",True,track2_0007,public_duplicate,High,excited,Positive,2,excited->excited
0.884267,High,alarmed,Negative,99,,style_prior_only,10,,Romanticism/0057106_MariàFortuny-Arabwatchingoverthebodyofafriend.jpg,Romanticism_request-4716,"composition,color",False,track2_0008,public_duplicate,Low,sad,Negative,4,alarmed->sad
0.892359,Low,content,Positive,99,,style_prior_only,10,,China_images/GetImageYJGobWVMFXGrGECbTvsMmOWh.jpeg,China_images_request-1749,"composition,color",True,track2_0009,public_duplicate,Low,calm,Positive,7,content->calm
0.946585,Low,calm,Positive,16,style_neighbor_review,same_series_style,11,,China_images/GetImageEUgSzZjovolVwZlkYNRdGOOy.jpeg,China_images_request-2483,"composition,color",True,track2_0010,public_duplicate,Low,calm,Positive,11,calm->calm
0.912287,High,happy,Positive,99,,style_prior_only,10,,China_images/GetImageIEQGiKAmLuTiYiQzsWOidQkx.jpeg,China_images_request-2857,"composition,color",False,track2_0011,public_duplicate,Low,calm,Positive,8,happy->calm
0.850959,Low,content,Positive,99,,style_prior_only,10,,Ukiyo-e/0076388_TsukiokaYoshitoshi-PostalTengu.jpg,Ukiyo-e_request-346,"composition,color",False,track2_0012,public_duplicate,High,excited,Positive,2,content->excited
0.943639,Low,calm,Positive,23,style_neighbor_review,same_series_style,11,,China_images/GetImageoHccBldCvgPlXqvPpqGcSCbu.jpeg,China_images_request-3595,"composition,color",True,track2_0013,public_duplicate,Low,calm,Positive,11,calm->calm
0.872778,Low,sad,Negative,99,,style_prior_only,10,,"Romanticism/0139937_JohnEverettMillais-Swallow,Swallow.jpg",Romanticism_request-12276,"composition,color",False,track2_0014,public_duplicate,Low,calm,Positive,7,sad->calm
0.912737,Low,calm,Positive,99,,style_prior_only,10,,Mannerism (Late Renaissance)/0121941_JanSaenredam-AdamandEve.jpg,Mannerism (Late Renaissance)_request-1480,"composition,color",False,track2_0015,public_duplicate,Low,sad,Negative,3,calm->sad
0.92485,Low,calm,Positive,99,,style_prior_only,10,,China_images/GetImageNpKzqvGfYiPrmaWYCRUMRAoC.jpeg,China_images_request-3524,"composition,color",True,track2_0016,public_duplicate,Low,content,Positive,1,calm->content
0.874659,Low,content,Positive,99,,style_prior_only,10,,Baroque/0108075_AdamElsheimer-MercuryandHerse.jpg,Baroque_request-4789,"composition,color",True,track2_0017,public_duplicate,Low,content,Positive,5,content->content
0.925836,High,frustrated,Negative,99,,style_prior_only,10,,Cubism/0101806_JacquesVillon-PortraitofanActor(FélixBarré).jpg,Cubism_request-1367,"composition,color",True,track2_0018,public_duplicate,High,frustrated,Negative,3,frustrated->frustrated
0.897893,Low,calm,Positive,99,,style_prior_only,10,,Early Renaissance/0132513_PietroPerugino-TheAdorationoftheMagi.jpg,Early Renaissance_request-690,"composition,color",True,track2_0019,public_duplicate,Low,content,Positive,4,calm->content
0.919226,Low,content,Positive,99,,style_prior_only,10,,China_images/FS-7112_07.jpg,China_images_request-1393,"composition,color",True,track2_0020,public_duplicate,Low,calm,Positive,9,content->calm
0.940319,Low,calm,Positive,25,style_neighbor_review,same_series_style,11,,China_images/GetImagentDOjVKwrGWCuTtwPDfFRxkS.jpeg,China_images_request-3542,"composition,color",True,track2_0021,public_duplicate,Low,content,Positive,2,calm->content
0.9141,Low,content,Positive,99,,style_prior_only,10,,"Ukiyo-e/0073930_ToyotaHokkei-EIGHTEENOLDADDAGES,TAKINGGIFTSTOTHETEMPLE.jpg",Ukiyo-e_request-335,"composition,color",True,track2_0022,public_duplicate,Low,calm,Positive,8,content->calm
0.953587,Low,calm,Positive,34,strong_neighbor_ge095,same_series_style,12,"The image depicts a serene traditional Chinese landscape featuring a majestic pavilion set among ancient trees. In the background, misty mountains rise gracefully, enveloping the scene in tranquility with delicate calligraphy adorning the upper portion.",China_images/GetImagexBMJgdmwJLSxwIlBcXOXYpXb.jpeg,China_images_request-4639,"composition,color",True,track2_0023,public_duplicate,Low,calm,Positive,9,calm->calm
0.913746,Low,calm,Positive,99,,style_prior_only,10,,China_images/GetImagegAdmTCknUIWvwJhGqywAhRJS.jpeg,China_images_request-2596,"composition,color",True,track2_0024,public_duplicate,Low,calm,Positive,8,calm->calm
0.921085,Low,calm,Positive,99,,style_prior_only,10,,Realism/0087252_ThomasEakins-StandingFemaleNude.jpg,Realism_request-7123,"composition,color",True,track2_0025,public_duplicate,Low,content,Positive,1,calm->content
0.934374,Low,calm,Positive,99,,same_series_style,10,,China_images/GetImageclkHziliUlBlfbHEmvEozXbO.jpeg,China_images_request-2228,"composition,color",True,track2_0026,public_duplicate,Low,calm,Positive,9,calm->calm
0.868413,Low,content,Positive,99,,style_prior_only,10,,Realism/0150196_IvanTvorozhnikov-Thebirdhadflown.jpg,Realism_request-12715,"composition,color",True,track2_0027,public_duplicate,Low,content,Positive,1,content->content
0.947096,Low,calm,Positive,28,style_neighbor_review,same_series_style,11,,China_images/GetImageBTyRcOosCOORcVBDuoWtKtML.jpeg,China_images_request-2144,"composition,color",True,track2_0028,public_duplicate,Low,calm,Positive,11,calm->calm
0.911469,Low,calm,Positive,99,,style_prior_only,10,,China_images/FS-F1968.22_006.jpg,China_images_request-85,"composition,color",True,track2_0029,public_duplicate,Low,calm,Positive,10,calm->calm
0.887531,High,alarmed,Negative,99,,style_prior_only,10,,Impressionism/0190709_Paul-AlbertBesnard-Gettingup.jpg,Impressionism_request-12205,"composition,color",True,track2_0030,public_duplicate,High,frustrated,Negative,1,alarmed->frustrated
0.909876,Low,tired,Negative,99,,style_prior_only,10,,"Impressionism/0150518_WilliamMerrittChase-StillLife,Fish.jpg",Impressionism_request-9538,"composition,color",True,track2_0031,public_duplicate,Low,sad,Negative,5,tired->sad
0.912976,High,aroused,Positive,99,,style_prior_only,10,,Ukiyo-e/95142_482531.jpg,Ukiyo-e_request-986,"composition,color",False,track2_0032,public_duplicate,Low,calm,Positive,6,aroused->calm
0.922868,High,aroused,Positive,99,,style_prior_only,10,,Ukiyo-e/22194.jpg,Ukiyo-e_request-1383,"composition,color",False,track2_0033,public_duplicate,Low,calm,Positive,6,aroused->calm
0.919425,Low,calm,Positive,99,,style_prior_only,10,,China_images/GetImagevURAvawkfXVLMlFLSIJivkbn.jpeg,China_images_request-4498,"composition,color",True,track2_0034,public_duplicate,Low,calm,Positive,8,calm->calm
0.943518,Low,content,Positive,23,style_neighbor_review,same_series_style,11,,Ukiyo-e/1292_1175303.jpg,Ukiyo-e_request-1076,"composition,color",True,track2_0035,public_duplicate,Low,calm,Positive,11,content->calm
0.930954,Low,calm,Positive,99,,same_series_style,10,,China_images/FS-5719_03.jpg,China_images_request-157,"composition,color",True,track2_0036,public_duplicate,Low,calm,Positive,9,calm->calm
0.88035,Low,tired,Negative,99,,style_prior_only,10,,Romanticism/0164290_CarlMillner-ChiemgauerAlpenlandschaftmitAlmhütte.BlickaufdenHochstaufen.jpg,Romanticism_request-14510,"composition,color",False,track2_0037,public_duplicate,Low,calm,Positive,10,tired->calm
0.842656,Low,tired,Negative,99,,style_prior_only,10,,Early Renaissance/0095764_GentileBellini-PortraitofSultanMehmedII(FatihSultanMehmet).jpg,Early Renaissance_request-494,"composition,color",False,track2_0038,public_duplicate,Low,calm,Positive,9,tired->calm
0.885774,High,frustrated,Negative,99,,style_prior_only,10,,Cubism/0101806_JacquesVillon-PortraitofanActor(FélixBarré).jpg,Cubism_request-1367,"composition,color",True,track2_0039,public_duplicate,High,frustrated,Negative,2,frustrated->frustrated
0.900279,Low,calm,Positive,99,,style_prior_only,10,,China_images/FS-6050_04.jpg,China_images_request-197,"composition,color",True,track2_0040,public_duplicate,Low,calm,Positive,10,calm->calm
0.899481,High,frustrated,Negative,99,,style_prior_only,10,,Surrealism/0163410_Wols-Plantatuberosa.jpg,Surrealism_request-4410,"composition,color",False,track2_0041,public_duplicate,Low,calm,Positive,6,frustrated->calm
0.895199,Low,calm,Positive,99,,style_prior_only,10,,China_images/FS-7484_04.jpg,China_images_request-1000,"composition,color",True,track2_0042,public_duplicate,Low,calm,Positive,9,calm->calm
0.920812,Low,content,Positive,99,,style_prior_only,10,,Romanticism/0023281_IvanAivazovsky-WinterCaravanonRoad.jpg,Romanticism_request-1643,"composition,color",True,track2_0043,public_duplicate,Low,calm,Positive,9,content->calm
0.924561,Low,content,Positive,99,,style_prior_only,10,,China_images/GetImagewhhgRJjPVWQskPbCLHuNtCLi.jpeg,China_images_request-4560,"composition,color",True,track2_0044,public_duplicate,Low,calm,Positive,8,content->calm
0.926948,Low,calm,Positive,99,,style_prior_only,10,,China_images/FS-7451_01.jpg,China_images_request-77,"composition,color",True,track2_0045,public_duplicate,Low,calm,Positive,10,calm->calm
0.921171,Low,calm,Positive,99,,style_prior_only,10,,Ukiyo-e/69624_1159883.jpg,Ukiyo-e_request-1403,"composition,color",True,track2_0046,public_duplicate,Low,calm,Positive,9,calm->calm
0.94428,Low,calm,Positive,27,style_neighbor_review,same_series_style,11,,China_images/GetImagebljnaQcFQAcCBygdCcgAhdWw.jpeg,China_images_request-2111,"composition,color",True,track2_0047,public_duplicate,Low,calm,Positive,10,calm->calm
0.896286,Low,tired,Negative,99,,style_prior_only,10,,Mannerism (Late Renaissance)/0174856_HendrickGoltzius-FarneseHercules.jpg,Mannerism (Late Renaissance)_request-2145,"composition,color",False,track2_0048,public_duplicate,Low,calm,Positive,6,tired->calm
0.926416,Low,content,Positive,99,,style_prior_only,10,,Early Renaissance/0011887_AmbrogioBergognone-TheVirginandChild.jpg,Early Renaissance_request-24,"composition,color",True,track2_0049,public_duplicate,Low,calm,Positive,8,content->calm
0.914864,Low,calm,Positive,99,,style_prior_only,10,,"Mannerism (Late Renaissance)/0132954_Francescode'Rossi(FrancescoSalviati),Cecchino-DesignforaSaltCellarandTazza.jpg",Mannerism (Late Renaissance)_request-1613,"composition,color",True,track2_0050,public_duplicate,Low,calm,Positive,7,calm->calm
0.944919,Low,calm,Positive,38,style_neighbor_review,same_series_style,11,,China_images/GetImageZbkBbZuDMurWdKQSywmTqmgC.jpeg,China_images_request-1835,"composition,color",True,track2_0051,public_duplicate,Low,calm,Positive,10,calm->calm
0.916746,Low,content,Positive,99,,style_prior_only,10,,Ukiyo-e/1292_1175303.jpg,Ukiyo-e_request-1076,"composition,color",True,track2_0052,public_duplicate,Low,calm,Positive,9,content->calm
0.93907,Low,bored,Negative,99,,same_series_style,10,,"Abstract Art/0111449_BalcombGreene-Untitled,fromtheAmericanAbstractArtistsportfolio.jpg",Abstract Art_request-1078,"composition,color",False,track2_0053,public_duplicate,Low,calm,Positive,6,bored->calm
0.911018,Low,content,Positive,99,,style_prior_only,10,,China_images/GetImagekWGquqjCXaMSRFVwVmFUIkaV.jpeg,China_images_request-3190,"composition,color",True,track2_0054,public_duplicate,Low,calm,Positive,6,content->calm
0.956721,Low,calm,Positive,33,strong_neighbor_ge095,same_series_style,12,"The image showcases a serene landscape with mountains, a river, and sparse trees. A misty atmosphere envelops the scene, conveying a sense of tranquility. Delicate brushwork and subtle ink tones create a harmonious, contemplative setting.",China_images/GetImageYzLfsJJHcnrSQMesBucYySSx.jpeg,China_images_request-1826,"composition,color",True,track2_0055,public_duplicate,Low,calm,Positive,11,calm->calm
0.829273,Low,tired,Negative,99,,style_prior_only,10,,Baroque/0079387_MichielvanMusscher-PortraitofAleksandrDanilovichMenshikov.jpg,Baroque_request-3435,"composition,color",False,track2_0056,public_duplicate,Low,content,Positive,2,tired->content
0.84814,Low,content,Positive,99,,style_prior_only,10,,Impressionism/0077931_IsaacIsraels-Sewingschool.jpg,Impressionism_request-4816,"composition,color",True,track2_0057,public_duplicate,Low,calm,Positive,4,content->calm
0.924709,Low,content,Positive,99,,style_prior_only,10,,Realism/0066862_JulesBreton-Summerlandscapewithpeasantsandcows.jpg,Realism_request-5291,"composition,color",True,track2_0058,public_duplicate,Low,calm,Positive,10,content->calm
0.926252,Low,content,Positive,99,,style_prior_only,10,,China_images/GetImagepwtbuOxKuZyHrnJSWGMaeQoB.jpeg,China_images_request-3779,"composition,color",True,track2_0059,public_duplicate,Low,calm,Positive,9,content->calm
0.902995,Low,calm,Positive,99,,style_prior_only,10,,Romanticism/0094095_ThomasBirch-Seascape.jpg,Romanticism_request-8060,"composition,color",True,track2_0060,public_duplicate,Low,calm,Positive,9,calm->calm
0.933066,Low,calm,Positive,99,,same_series_style,10,,China_images/GetImageySYPVbQGYukIiLyDvPDcVnjU.jpeg,China_images_request-1791,"composition,color",True,track2_0061,public_duplicate,Low,calm,Positive,10,calm->calm
0.989406,Low,calm,Positive,6,visual_duplicate_likely,exact_same_work,13,,China_images/GetImagerrqcYumKYophOJxIsjirNNhZ.jpeg,China_images_request-3982,"composition,color",True,track2_0062,public_duplicate,Low,calm,Positive,12,calm->calm
0.887848,Low,tired,Negative,99,,style_prior_only,10,,Realism/0161420_LéonAugustinLhermitte-Thegrandmother.jpg,Realism_request-13731,"composition,color",False,track2_0063,public_duplicate,Low,content,Positive,5,tired->content
0.932767,Low,calm,Positive,99,,same_series_style,10,,China_images/GetImagedqyQPJzrpHCCbcvaIyQqyBFI.jpeg,China_images_request-2359,"composition,color",True,track2_0064,public_duplicate,Low,calm,Positive,8,calm->calm
0.888861,Low,calm,Positive,99,,style_prior_only,10,,China_images/GetImagegjJvUzCSpxdgQfCmdEplRasz.jpeg,China_images_request-2641,"composition,color",True,track2_0065,public_duplicate,Low,calm,Positive,10,calm->calm
0.937829,Low,calm,Positive,99,,same_series_style,10,,Ukiyo-e/97865_1260120.jpg,Ukiyo-e_request-1005,"composition,color",True,track2_0066,public_duplicate,Low,calm,Positive,9,calm->calm
0.942208,Low,content,Positive,38,style_neighbor_review,same_series_style,11,,China_images/GetImageymJidMJfAtxBbzawiDnOpRUc.jpeg,China_images_request-1764,"composition,color",True,track2_0067,public_duplicate,Low,calm,Positive,8,content->calm
0.8874,Low,bored,Negative,99,,style_prior_only,10,,Abstract Art/0116779_EdwardWadsworth-ViewofaTown.jpg,Abstract Art_request-1129,"composition,color",False,track2_0068,public_duplicate,Low,calm,Positive,6,bored->calm
0.939275,Low,calm,Positive,99,,same_series_style,10,,China_images/GetImageUnCgNWNxyekGrIYGCzdDbRiT.jpeg,China_images_request-4344,"composition,color",True,track2_0069,public_duplicate,Low,calm,Positive,9,calm->calm
0.9001,High,aroused,Positive,99,,style_prior_only,10,,Cubism/0103210_MarioPrassinos-Cafetiere.jpg,Cubism_request-1385,"composition,color",False,track2_0070,public_duplicate,High,frustrated,Negative,3,aroused->frustrated
0.909159,Low,bored,Negative,99,,style_prior_only,10,,Cubism/0103210_MarioPrassinos-Cafetiere.jpg,Cubism_request-1385,"composition,color",False,track2_0071,public_duplicate,High,frustrated,Negative,3,bored->frustrated
0.917243,Low,calm,Positive,99,,style_prior_only,10,,China_images/GetImageKftOifKUofARmAeHpiUZqaJy.jpeg,China_images_request-3116,"composition,color",True,track2_0072,public_duplicate,Low,calm,Positive,7,calm->calm
0.927852,Low,calm,Positive,99,,style_prior_only,10,,China_images/GetImageVpvtGvscnpgTHTOgJERBNxuu.jpeg,China_images_request-4477,"composition,color",True,track2_0073,public_duplicate,Low,calm,Positive,10,calm->calm
0.913616,Low,calm,Positive,99,,style_prior_only,10,,China_images/FS-6375_01.jpg,China_images_request-582,"composition,color",True,track2_0074,public_duplicate,Low,calm,Positive,8,calm->calm
0.854459,Low,calm,Positive,99,,style_prior_only,10,,China_images/FS-6542_03.jpg,China_images_request-1206,"composition,color",True,track2_0075,public_duplicate,Low,calm,Positive,9,calm->calm
0.896356,Low,content,Positive,99,,style_prior_only,10,,Ukiyo-e/91361_458016.jpg,Ukiyo-e_request-1549,"composition,color",True,track2_0076,public_duplicate,Low,calm,Positive,8,content->calm
0.895833,Low,calm,Positive,99,,style_prior_only,10,,High Renaissance/0149543_AmbrogioBergognone-SaintPeter.jpg,High Renaissance_request-1285,"composition,color",True,track2_0077,public_duplicate,Low,calm,Positive,10,calm->calm
0.892776,Low,calm,Positive,99,,style_prior_only,10,,Ukiyo-e/dscn2057.jpg,Ukiyo-e_request-2056,"composition,color",True,track2_0078,public_duplicate,Low,content,Positive,1,calm->content
0.872331,Low,calm,Positive,99,,style_prior_only,10,,Contemporary Realism/0157100_NormanAckroyd-1stMillbankPrint.jpg,Contemporary Realism_request-1286,"composition,color",True,track2_0079,public_duplicate,Low,calm,Positive,7,calm->calm
0.891219,Low,calm,Positive,99,,style_prior_only,10,,Ukiyo-e/0110252_Hiroshige-87.BentenShrineattheInokashiraPond.jpg,Ukiyo-e_request-530,"composition,color",True,track2_0080,public_duplicate,Low,calm,Positive,10,calm->calm
0.93402,Low,calm,Positive,99,,same_series_style,10,,Ukiyo-e/0065158_KitagawaUtamaro-Thefourvirtues.jpg,Ukiyo-e_request-300,"composition,color",True,track2_0081,public_duplicate,Low,calm,Positive,9,calm->calm
0.930848,Low,calm,Positive,99,,same_series_style,10,,China_images/GetImageJOMZRmBXDzmWbuZQjtgzMNGS.jpeg,China_images_request-3031,"composition,color",True,track2_0082,public_duplicate,Low,calm,Positive,9,calm->calm
0.928923,Low,calm,Positive,99,,style_prior_only,10,,China_images/GetImagebySNFzCSnONFpHqOTKJFZkWc.jpeg,China_images_request-2163,"composition,color",True,track2_0083,public_duplicate,Low,calm,Positive,8,calm->calm
0.915332,Low,calm,Positive,99,,style_prior_only,10,,Ukiyo-e/91319_457764.jpg,Ukiyo-e_request-1542,"composition,color",True,track2_0084,public_duplicate,Low,calm,Positive,8,calm->calm
0.975767,Low,content,Positive,7,visual_duplicate_likely,exact_same_work,13,,China_images/GetImageMYGZhToCiUHrxgrfnvEqvoAN.jpeg,China_images_request-3438,"composition,color",True,track2_0085,public_duplicate,Low,content,Positive,7,content->content
0.873442,High,alarmed,Negative,99,,style_prior_only,10,,Realism/0152845_CharlesJacque-Lavue.jpg,Realism_request-12945,"composition,color",False,track2_0086,public_duplicate,Low,calm,Positive,4,alarmed->calm
0.916445,Low,content,Positive,99,,style_prior_only,10,,Ukiyo-e/18122.jpg,Ukiyo-e_request-1220,"composition,color",True,track2_0087,public_duplicate,Low,calm,Positive,10,content->calm
0.870206,Low,calm,Positive,99,,style_prior_only,10,,China_images/FS-5717_12.jpg,China_images_request-970,"composition,color",True,track2_0088,public_duplicate,Low,calm,Positive,9,calm->calm
0.909133,Low,calm,Positive,99,,style_prior_only,10,,China_images/GetImageISLqCMjCovRCwNdLCJQujOdY.jpeg,China_images_request-2923,"composition,color",True,track2_0089,public_duplicate,Low,calm,Positive,10,calm->calm
0.903256,Low,calm,Positive,99,,style_prior_only,10,,Sōsaku hanga/0101667_KoshiroOnchi-PoèmeNo.7LandscapeofMay.jpg,Sōsaku hanga_request-220,"composition,color",True,track2_0090,public_duplicate,Low,calm,Positive,6,calm->calm
0.84209,Low,content,Positive,99,,style_prior_only,10,,Baroque/0016105_FerdinandBol-PortraitofaWoman.jpg,Baroque_request-489,"composition,color",True,track2_0091,public_duplicate,Low,content,Positive,4,content->content
0.94808,Low,calm,Positive,14,style_neighbor_review,same_series_style,11,,China_images/GetImagejOfejBQMoSETrCBWHbKfncCo.jpeg,China_images_request-3028,"composition,color",True,track2_0092,public_duplicate,Low,content,Positive,3,calm->content
0.936878,Low,calm,Positive,99,,same_series_style,10,,China_images/FS-7410_50.jpg,China_images_request-359,"composition,color",True,track2_0093,public_duplicate,Low,calm,Positive,10,calm->calm
0.951509,Low,calm,Positive,24,strong_neighbor_ge095,same_series_style,12,"The image presents a classical Chinese landscape painting with towering cliffs and elegant trees. Figures in traditional attire engage in leisurely activities amidst a serene natural setting, evoking harmony between humanity and nature.",China_images/GetImageIUDFKXbupVSutjNWRoemimDt.jpeg,China_images_request-2932,"composition,color",True,track2_0094,public_duplicate,Low,calm,Positive,11,calm->calm
0.908732,High,aroused,Positive,99,,style_prior_only,10,,Cubism/0089610_CarlosMerida-LAMÁSCARADEHUNCAME.jpg,Cubism_request-1193,"composition,color",True,track2_0095,public_duplicate,High,excited,Positive,3,aroused->excited
0.930759,High,frustrated,Negative,99,,style_prior_only,10,,Ukiyo-e/0060786_TōshūsaiSharaku-BandōMitsugorōIIasIshiiGenzōinthePlayHanaAyameBunrokuSoga.jpg,Ukiyo-e_request-283,"composition,color",True,track2_0096,public_duplicate,High,alarmed,Negative,1,frustrated->alarmed
0.955065,Low,calm,Positive,36,strong_neighbor_ge095,same_series_style,12,"The painting portrays a serene mountain landscape. Towering rocky cliffs envelop the scene, with trees gracefully lining the slopes. A small dwelling nestles amid the rugged terrain, intricately detailed, giving an inviting feel amidst nature's grandeur.",China_images/FS-5771_04.jpg,China_images_request-18,"composition,color",True,track2_0097,public_duplicate,Low,calm,Positive,12,calm->calm
0.900024,Low,sad,Negative,99,,style_prior_only,10,,Realism/0092059_HenriFantin-Latour-Untitled.jpg,Realism_request-7576,"composition,color",False,track2_0098,public_duplicate,Low,content,Positive,3,sad->content
0.936363,Low,content,Positive,99,,same_series_style,10,,Korea/duk001155-000-0001.jpg,Korea_request-103,"composition,color",True,track2_0099,public_duplicate,Low,calm,Positive,9,content->calm
0.933297,Low,calm,Positive,99,,same_series_style,10,,Ukiyo-e/89704_446573.jpg,Ukiyo-e_request-1475,"composition,color",True,track2_0100,public_duplicate,Low,calm,Positive,10,calm->calm
0.859988,Low,content,Positive,99,,style_prior_only,10,,Realism/0093806_FerdinandHodler-Thecobblerbythewindow.jpg,Realism_request-7749,"composition,color",True,track2_0101,public_duplicate,Low,content,Positive,2,content->content
0.943033,Low,calm,Positive,29,style_neighbor_review,same_series_style,11,,China_images/GetImageckPlRsoNTDNqhMizjlgFepZh.jpeg,China_images_request-2223,"composition,color",True,track2_0102,public_duplicate,Low,calm,Positive,10,calm->calm
0.93006,Low,content,Positive,99,,same_series_style,10,,Ukiyo-e/110607_596291.jpg,Ukiyo-e_request-1636,"composition,color",True,track2_0103,public_duplicate,Low,calm,Positive,8,content->calm
0.898311,Low,calm,Positive,99,,style_prior_only,10,,Ukiyo-e/91319_457764.jpg,Ukiyo-e_request-1542,"composition,color",True,track2_0104,public_duplicate,Low,calm,Positive,10,calm->calm
0.881552,Low,calm,Positive,99,,style_prior_only,10,,Impressionism/0131709_EugeneBoudin-AtlanticcoastnearBenerville.jpg,Impressionism_request-8277,"composition,color",True,track2_0105,public_duplicate,Low,calm,Positive,7,calm->calm
0.891824,High,alarmed,Negative,99,,style_prior_only,10,,Ukiyo-e/dscn1571.jpg,Ukiyo-e_request-1741,"composition,color",False,track2_0106,public_duplicate,High,excited,Positive,1,alarmed->excited
0.864221,High,alarmed,Negative,99,,style_prior_only,10,,Ukiyo-e/0176169_UtagawaKunisada-Tiger.jpg,Ukiyo-e_request-849,"composition,color",False,track2_0107,public_duplicate,High,excited,Positive,1,alarmed->excited
0.922111,Low,calm,Positive,99,,style_prior_only,10,,Mannerism (Late Renaissance)/0111462_CarloUrbino-TheAdorationoftheShepherds.jpg,Mannerism (Late Renaissance)_request-1337,"composition,color",True,track2_0108,public_duplicate,Low,calm,Positive,4,calm->calm
0.919809,Low,calm,Positive,99,,style_prior_only,10,,China_images/GetImagevtGTVDGXZsKEfMkSSRwqTLWb.jpeg,China_images_request-4491,"composition,color",True,track2_0109,public_duplicate,Low,calm,Positive,10,calm->calm
0.956397,Low,calm,Positive,24,strong_neighbor_ge095,same_series_style,12,"The image depicts a serene landscape with towering rocky mountains, wispy clouds, and a traditional pavilion nestled among trees. The scene is enveloped in a muted, earthy palette, creating a tranquil and timeless atmosphere.",China_images/GetImagedLCYPVoRPZLDLUFLHFLWnjpr.jpeg,China_images_request-2329,"composition,color",True,track2_0110,public_duplicate,Low,calm,Positive,12,calm->calm
0.906238,Low,content,Positive,99,,style_prior_only,10,,Ukiyo-e/dscn2042.jpg,Ukiyo-e_request-2044,"composition,color",True,track2_0111,public_duplicate,Low,calm,Positive,9,content->calm
0.93711,Low,calm,Positive,99,,same_series_style,10,,China_images/FS-7504_41.jpg,China_images_request-973,"composition,color",True,track2_0112,public_duplicate,Low,calm,Positive,8,calm->calm
0.873276,Low,bored,Negative,99,,style_prior_only,10,,"Impressionism/0120920_IvanAlbright-NearEromsoe,Norway.jpg",Impressionism_request-7570,"composition,color",True,track2_0113,public_duplicate,Low,sad,Negative,1,bored->sad
0.934609,High,frustrated,Negative,99,,style_prior_only,10,,Abstract Expressionism/0186413_GeneDavis-Autumn.jpg,Abstract Expressionism_request-3915,"composition,color",True,track2_0114,public_duplicate,High,frustrated,Negative,2,frustrated->frustrated
0.938996,Low,calm,Positive,99,,style_prior_only,10,,China_images/GetImagejOfejBQMoSETrCBWHbKfncCo.jpeg,China_images_request-3028,"composition,color",True,track2_0115,public_duplicate,Low,content,Positive,3,calm->content
0.919469,Low,calm,Positive,99,,style_prior_only,10,,"Ukiyo-e/0119859_ToyotaHokkei-AGoodTimetoOpentheStorehouse(Kurabikiyoshi),fromtheseriesSeriesfortheHanazonoGroup(Hanazonobantsuzuki).jpg",Ukiyo-e_request-572,"composition,color",True,track2_0116,public_duplicate,Low,calm,Positive,10,calm->calm
0.911226,Low,calm,Positive,99,,style_prior_only,10,,China_images/GetImageTDkZmgdXKJgDtWGroeioYbXn.jpeg,China_images_request-4170,"composition,color",True,track2_0117,public_duplicate,Low,calm,Positive,8,calm->calm
0.923797,Low,calm,Positive,99,,style_prior_only,10,,China_images/GetImagerwFoIsHXqlLIAJUUhTOAmOid.jpeg,China_images_request-4002,"composition,color",True,track2_0118,public_duplicate,Low,content,Positive,2,calm->content
0.92302,Low,calm,Positive,99,,style_prior_only,10,,China_images/GetImageEgdfVwblPEHauaQpmbYlzbdY.jpeg,China_images_request-2424,"composition,color",True,track2_0119,public_duplicate,Low,calm,Positive,9,calm->calm
0.880433,High,alarmed,Negative,99,,style_prior_only,10,,Baroque/0195102_SalvatorRosa-TritonsFightingOverANereid.jpg,Baroque_request-8799,"composition,color",True,track2_0120,public_duplicate,High,alarmed,Negative,2,alarmed->alarmed
0.933758,Low,calm,Positive,99,,same_series_style,10,,China_images/GetImageQnrDOSsfxEvgHyNRMwRyTfxt.jpeg,China_images_request-3852,"composition,color",True,track2_0121,public_duplicate,Low,calm,Positive,8,calm->calm
0.931723,Low,calm,Positive,99,,same_series_style,10,,China_images/GetImagexvujTDHkXTrpbytLHhAyayNE.jpeg,China_images_request-1697,"composition,color",True,track2_0122,public_duplicate,Low,calm,Positive,9,calm->calm
0.846061,Low,content,Positive,99,,style_prior_only,10,,Baroque/0019836_AdriaenvanOstade-TheMerryPeasant.jpg,Baroque_request-657,"composition,color",False,track2_0123,public_duplicate,High,happy,Positive,2,content->happy
0.906408,Low,calm,Positive,99,,style_prior_only,10,,China_images/FS-7462_16.jpg,China_images_request-1512,"composition,color",True,track2_0124,public_duplicate,Low,calm,Positive,9,calm->calm
0.815706,Low,content,Positive,99,,style_prior_only,10,,Rococo/0119710_Charles-AndrevanLoo(CarlevanLoo)-Self-portrait.jpg,Rococo_request-2492,"composition,color",True,track2_0125,public_duplicate,Low,calm,Positive,9,content->calm
0.978717,Low,calm,Positive,1,visual_duplicate_likely,exact_same_work,13,,China_images/GetImagehiwZikZsIJrbLYFqtsQumIdJ.jpeg,China_images_request-2756,"composition,color",True,track2_0126,public_duplicate,Low,calm,Positive,12,calm->calm
0.873965,Low,content,Positive,99,,style_prior_only,10,,Ukiyo-e/j02748.jpg,Ukiyo-e_request-2178,"composition,color",True,track2_0127,public_duplicate,Low,calm,Positive,7,content->calm
0.879194,Low,calm,Positive,99,,style_prior_only,10,,Early Renaissance/0097600_AntonellodaMessina-PortraitofaMan.jpg,Early Renaissance_request-503,"composition,color",True,track2_0128,public_duplicate,Low,calm,Positive,10,calm->calm
0.905698,Low,calm,Positive,99,,style_prior_only,10,,Ukiyo-e/91284_457554.jpg,Ukiyo-e_request-1533,"composition,color",True,track2_0129,public_duplicate,Low,calm,Positive,10,calm->calm
0.959683,Low,calm,Positive,39,same_work_or_series_review,same_series_style,12,,China_images/GetImagevQKhbWReTQqeJwKLsTPLgBsM.jpeg,China_images_request-4482,"composition,color",True,track2_0130,public_duplicate,Low,calm,Positive,8,calm->calm
0.909985,Low,content,Positive,99,,style_prior_only,10,,Ukiyo-e/14011_224240.jpg,Ukiyo-e_request-1154,"composition,color",False,track2_0131,public_duplicate,High,excited,Positive,1,content->excited
0.921954,High,alarmed,Negative,99,,style_prior_only,10,,Ukiyo-e/17314.jpg,Ukiyo-e_request-1173,"composition,color",True,track2_0132,public_duplicate,High,alarmed,Negative,1,alarmed->alarmed
0.940875,Low,content,Positive,31,style_neighbor_review,same_series_style,11,,Ukiyo-e/97650_504200.jpg,Ukiyo-e_request-996,"composition,color",True,track2_0133,public_duplicate,Low,content,Positive,3,content->content
0.903163,Low,content,Positive,99,,style_prior_only,10,,China_images/FS-7486_02.jpg,China_images_request-1336,"composition,color",True,track2_0134,public_duplicate,Low,calm,Positive,9,content->calm
0.851819,Low,content,Positive,99,,style_prior_only,10,,Impressionism/0135375_MartínRicoyOrtega-ASpanishGarden.jpg,Impressionism_request-8502,"composition,color",True,track2_0135,public_duplicate,Low,calm,Positive,6,content->calm
0.905301,Low,content,Positive,99,,style_prior_only,10,,Ukiyo-e/1292_1175303.jpg,Ukiyo-e_request-1076,"composition,color",True,track2_0136,public_duplicate,Low,calm,Positive,8,content->calm
0.906025,Low,content,Positive,99,,style_prior_only,10,,China_images/GetImageBsftSVYdGHxPxiIEmEeLhUQM.jpeg,China_images_request-2136,"composition,color",True,track2_0137,public_duplicate,Low,calm,Positive,9,content->calm
0.915276,Low,calm,Positive,99,,style_prior_only,10,,Abstract Expressionism/0171069_GeneDavis-BirdLand.jpg,Abstract Expressionism_request-3588,"composition,color",False,track2_0138,public_duplicate,High,annoyed,Negative,1,calm->annoyed
0.923681,Low,calm,Positive,99,,style_prior_only,10,,China_images/GetImageikNkvWQgiguUPlRgKhGvZwIi.jpeg,China_images_request-2884,"composition,color",True,track2_0139,public_duplicate,Low,calm,Positive,7,calm->calm
0.922703,High,aroused,Positive,99,,style_prior_only,10,,Ukiyo-e/17317.jpg,Ukiyo-e_request-1176,"composition,color",False,track2_0140,public_duplicate,High,alarmed,Negative,1,aroused->alarmed
0.919375,Low,calm,Positive,99,,style_prior_only,10,,Ukiyo-e/1303_1175373.jpg,Ukiyo-e_request-1077,"composition,color",True,track2_0141,public_duplicate,Low,calm,Positive,8,calm->calm
0.857965,High,excited,Positive,99,,style_prior_only,10,,Korea/koo002992-000-90000.jpg,Korea_request-219,"composition,color",False,track2_0142,public_duplicate,Low,calm,Positive,6,excited->calm
0.896132,Low,calm,Positive,99,,style_prior_only,10,,Ukiyo-e/0078365_Hiroshige-33.TowboasAlongtheYotsugiDōriCanal.jpg,Ukiyo-e_request-360,"composition,color",True,track2_0143,public_duplicate,Low,calm,Positive,10,calm->calm
0.91414,Low,content,Positive,99,,style_prior_only,10,,China_images/FS-5374_01.jpg,China_images_request-948,"composition,color",True,track2_0144,public_duplicate,Low,content,Positive,2,content->content
0.868373,Low,calm,Positive,99,,style_prior_only,10,,"Mannerism (Late Renaissance)/0093244_Tintoretto-FedericoI.Gonzaga,thecityofLegnano.jpg",Mannerism (Late Renaissance)_request-1119,"composition,color",False,track2_0145,public_duplicate,High,alarmed,Negative,2,calm->alarmed
0.968541,Low,calm,Positive,29,same_work_or_series_review,near_same_work,12,,China_images/FS-8087_11.jpg,China_images_request-329,"composition,color",True,track2_0146,public_duplicate,Low,calm,Positive,11,calm->calm
0.94601,Low,calm,Positive,36,style_neighbor_review,same_series_style,11,,China_images/FS-5710_04.jpg,China_images_request-491,"composition,color",True,track2_0147,public_duplicate,Low,calm,Positive,11,calm->calm
0.93744,Low,calm,Positive,99,,same_series_style,10,,China_images/FS-7450_08.jpg,China_images_request-1473,"composition,color",True,track2_0148,public_duplicate,Low,calm,Positive,8,calm->calm
0.858272,Low,calm,Positive,99,,style_prior_only,10,,China_images/FS-8194_19.jpg,China_images_request-1318,"composition,color",True,track2_0149,public_duplicate,Low,calm,Positive,9,calm->calm
0.912332,Low,tired,Negative,99,,style_prior_only,10,,Realism/0163253_GustaveCourbet-ViewoftheForestofFontainebleau.jpg,Realism_request-13881,"composition,color",False,track2_0150,public_duplicate,Low,calm,Positive,8,tired->calm
0.897365,High,alarmed,Negative,99,,style_prior_only,10,,Realism/0098822_TheophileSteinlen-BoutdeRueLeSoir.jpg,Realism_request-8217,"composition,color",False,track2_0151,public_duplicate,Low,sad,Negative,4,alarmed->sad
0.84567,High,happy,Positive,99,,style_prior_only,10,,Ukiyo-e/dscn1391.jpg,Ukiyo-e_request-1693,"composition,color",False,track2_0152,public_duplicate,Low,content,Positive,1,happy->content
0.902581,Low,calm,Positive,99,,style_prior_only,10,,China_images/FS-5665_01.jpg,China_images_request-1105,"composition,color",True,track2_0153,public_duplicate,Low,calm,Positive,9,calm->calm
0.983327,Low,calm,Positive,0,visual_duplicate_likely,exact_same_work,13,,China_images/GetImageJpDcgZULLuyxrOVutqEISQAs.jpeg,China_images_request-3035,"composition,color",True,track2_0154,public_duplicate,Low,calm,Positive,13,calm->calm
0.892384,Low,content,Positive,99,,style_prior_only,10,,New Realism/0131777_GeorgeLuks-PortraitofaYoungGirl(AntoinetteKraushaar).jpg,New Realism_request-256,"composition,color",True,track2_0155,public_duplicate,Low,calm,Positive,8,content->calm
0.931089,Low,calm,Positive,99,,same_series_style,10,,China_images/GetImageReVCGKTGFMYQoxwhdheLgezs.jpeg,China_images_request-3926,"composition,color",True,track2_0156,public_duplicate,Low,calm,Positive,10,calm->calm
0.888319,Low,calm,Positive,99,,style_prior_only,10,,China_images/GetImageCHgBpWAkkYTNoKPIFWLJAcgb.jpeg,China_images_request-2206,"composition,color",True,track2_0157,public_duplicate,Low,calm,Positive,9,calm->calm
0.923584,Low,calm,Positive,99,,style_prior_only,10,,China_images/FS-7461_31.jpg,China_images_request-611,"composition,color",True,track2_0158,public_duplicate,Low,calm,Positive,9,calm->calm
0.903608,Low,calm,Positive,99,,style_prior_only,10,,High Renaissance/0047645_PietroPerugino-MadonnaofLoreta(Annunciation).jpg,High Renaissance_request-379,"composition,color",True,track2_0159,public_duplicate,Low,content,Positive,2,calm->content
0.930821,Low,calm,Positive,99,,same_series_style,10,,Early Renaissance/0064999_FilippoLippi-MadonnaandChildwithtwoAngels.jpg,Early Renaissance_request-315,"composition,color",True,track2_0160,public_duplicate,Low,calm,Positive,8,calm->calm
0.955873,Low,calm,Positive,31,strong_neighbor_ge095,same_series_style,12,"The image depicts a serene landscape of rolling hills, dense foliage, and a tranquil village scene. Delicate trees and houses are nestled among the mountainous terrain. Soft, muted tones create a calming and harmonious atmosphere.",China_images/GetImageiwAYGZWeHSKZSTXJjAzOtYCD.jpeg,China_images_request-2943,"composition,color",True,track2_0161,public_duplicate,Low,calm,Positive,10,calm->calm
0.888085,Low,calm,Positive,99,,style_prior_only,10,,Rococo/0045510_Charles-AndrevanLoo(CarlevanLoo)-SittingMan.jpg,Rococo_request-860,"composition,color",True,track2_0162,public_duplicate,Low,calm,Positive,8,calm->calm
0.875958,Low,tired,Negative,99,,style_prior_only,10,,Realism/0038413_ÉmileAugusteHublin-Sweetslumber.jpg,Realism_request-2855,"composition,color",False,track2_0163,public_duplicate,Low,calm,Positive,2,tired->calm
0.950909,Low,calm,Positive,23,strong_neighbor_ge095,same_series_style,12,"The image presents a tranquil landscape with towering mountains and lush trees, rendered in fine detail. A subtle, flowing river winds through, under a simple bridge. The scene is enveloped in a misty, ethereal atmosphere.",China_images/GetImagegAdmTCknUIWvwJhGqywAhRJS.jpeg,China_images_request-2596,"composition,color",True,track2_0164,public_duplicate,Low,calm,Positive,11,calm->calm
0.929851,Low,content,Positive,99,,style_prior_only,10,,Korea/koo002992-000-90000.jpg,Korea_request-219,"composition,color",True,track2_0165,public_duplicate,Low,calm,Positive,8,content->calm
0.896633,Low,calm,Positive,99,,style_prior_only,10,,Early Renaissance/0128186_PietroPerugino-The Visitation with St.Anne and St. John the Stigmata ofSt.Francis.jpg,Early Renaissance_request-671,"composition,color",True,track2_0166,public_duplicate,Low,calm,Positive,7,calm->calm
0.914953,Low,content,Positive,99,,style_prior_only,10,,China_images/GetImagehmlzVcAjttbUUITlEVaUYhSy.jpeg,China_images_request-2770,"composition,color",True,track2_0167,public_duplicate,Low,calm,Positive,6,content->calm
0.911365,Low,calm,Positive,99,,style_prior_only,10,,Ukiyo-e/0101519_ToyotaHokkei-Inrōandfan.jpg,Ukiyo-e_request-490,"composition,color",True,track2_0168,public_duplicate,Low,calm,Positive,9,calm->calm
0.927501,Low,content,Positive,99,,style_prior_only,10,,China_images/FS-7491_11.jpg,China_images_request-1060,"composition,color",True,track2_0169,public_duplicate,Low,calm,Positive,9,content->calm
0.935215,High,frustrated,Negative,99,,same_series_style,10,,Abstract Expressionism/0136256_PhilipGuston-Untitled.jpg,Abstract Expressionism_request-2801,"composition,color",False,track2_0170,public_duplicate,High,excited,Positive,7,frustrated->excited
0.905431,Low,calm,Positive,99,,style_prior_only,10,,Ukiyo-e/dscn2027.jpg,Ukiyo-e_request-2029,"composition,color",True,track2_0171,public_duplicate,Low,calm,Positive,7,calm->calm
0.878041,Low,calm,Positive,99,,style_prior_only,10,,China_images/GetImageUQwPRinbbYuKppkYbJdIhHAQ.jpeg,China_images_request-4362,"composition,color",True,track2_0172,public_duplicate,Low,calm,Positive,8,calm->calm
0.927485,Low,calm,Positive,99,,style_prior_only,10,,China_images/GetImageyqrEcpqLXYjZcnfhnCnXHqyv.jpeg,China_images_request-1785,"composition,color",True,track2_0173,public_duplicate,Low,content,Positive,2,calm->content
0.930917,Low,content,Positive,99,,same_series_style,10,,China_images/GetImageRdiaxcoLPKSgVyFjsQqWuzhb.jpeg,China_images_request-3920,"composition,color",True,track2_0174,public_duplicate,Low,calm,Positive,9,content->calm
0.852325,Low,tired,Negative,99,,style_prior_only,10,,Realism/0160676_ThomasEakins-CowboySinging.jpg,Realism_request-13662,"composition,color",False,track2_0175,public_duplicate,Low,calm,Positive,10,tired->calm
0.892239,High,alarmed,Negative,99,,style_prior_only,10,,Romanticism/0084483_Jean-BaptisteCarpeaux-BacchanalewithChildrenandDonkey.jpg,Romanticism_request-7204,"composition,color",False,track2_0176,public_duplicate,High,excited,Positive,3,alarmed->excited
0.901602,Low,tired,Negative,99,,style_prior_only,10,,Realism/0101811_LéonAugustinLhermitte-Figuresinacottageinterior.jpg,Realism_request-8509,"composition,color",False,track2_0177,public_duplicate,Low,content,Positive,6,tired->content
0.8804,Low,content,Positive,99,,style_prior_only,10,,"Academicism/0085459_Jean-VictorSchnetz-Augustin-JosephComtedeMailly(1712-1794),Marquisd'Haucourt,MarshalofFrance.jpg",Academicism_request-1714,"composition,color",True,track2_0178,public_duplicate,Low,calm,Positive,10,content->calm
0.865536,Low,tired,Negative,99,,style_prior_only,10,,Expressionism/0155341_YasuoKuniyoshi-StillLifeatWindow.jpg,Expressionism_request-8899,"composition,color",False,track2_0179,public_duplicate,Low,calm,Positive,3,tired->calm
0.850129,High,aroused,Positive,99,,style_prior_only,10,,Ukiyo-e/0192710_Hiroshige-75TheDyers'QuarterinKanda.jpg,Ukiyo-e_request-947,"composition,color",False,track2_0180,public_duplicate,Low,calm,Positive,10,aroused->calm
0.932997,Low,content,Positive,99,,same_series_style,10,,China_images/GetImageRdiaxcoLPKSgVyFjsQqWuzhb.jpeg,China_images_request-3920,"composition,color",True,track2_0181,public_duplicate,Low,calm,Positive,7,content->calm
0.941828,Low,calm,Positive,15,style_neighbor_review,same_series_style,11,,China_images/GetImagenMthwMNkoCjFXXIGIomYyyXY.jpeg,China_images_request-3511,"composition,color",True,track2_0182,public_duplicate,Low,calm,Positive,10,calm->calm
0.903175,Low,calm,Positive,99,,style_prior_only,10,,"Mannerism (Late Renaissance)/0172457_Francescode'Rossi(FrancescoSalviati),Cecchino-SaintMark.jpg",Mannerism (Late Renaissance)_request-2115,"composition,color",True,track2_0183,public_duplicate,Low,calm,Positive,10,calm->calm
0.915548,High,annoyed,Negative,99,,style_prior_only,10,,Abstract Expressionism/0073949_BasilBeattie-UntitledDrawing.jpg,Abstract Expressionism_request-1475,"composition,color",False,track2_0184,public_duplicate,Low,tired,Negative,1,annoyed->tired
0.943804,Low,content,Positive,31,style_neighbor_review,same_series_style,11,,China_images/GetImagerfKOsjoVIRmAAcLYvJeejCiX.jpeg,China_images_request-3928,"composition,color",True,track2_0185,public_duplicate,Low,calm,Positive,11,content->calm
0.943698,Low,calm,Positive,30,style_neighbor_review,same_series_style,11,,China_images/FS-7463_07.jpg,China_images_request-206,"composition,color",True,track2_0186,public_duplicate,Low,calm,Positive,11,calm->calm
0.912386,High,annoyed,Negative,99,,style_prior_only,10,,Ukiyo-e/4268_1175513.jpg,Ukiyo-e_request-1092,"composition,color",False,track2_0187,public_duplicate,Low,calm,Positive,4,annoyed->calm
0.905472,Low,bored,Negative,99,,style_prior_only,10,,Ukiyo-e/89704_446573.jpg,Ukiyo-e_request-1475,"composition,color",False,track2_0188,public_duplicate,Low,calm,Positive,5,bored->calm
0.883205,Low,content,Positive,99,,style_prior_only,10,,Ukiyo-e/0101822_Hiroshige-49(47)FudōFallsinŌji.jpg,Ukiyo-e_request-492,"composition,color",True,track2_0189,public_duplicate,Low,calm,Positive,9,content->calm
0.928742,Low,calm,Positive,99,,style_prior_only,10,,China_images/GetImageQCIcsdFRUKAyFjjlHtcASqda.jpeg,China_images_request-3804,"composition,color",True,track2_0190,public_duplicate,Low,calm,Positive,9,calm->calm
0.946592,Low,content,Positive,31,style_neighbor_review,same_series_style,11,,China_images/GetImageNFVCgtlkQafZxGEqMspBCJIZ.jpeg,China_images_request-3472,"composition,color",True,track2_0191,public_duplicate,Low,calm,Positive,8,content->calm
0.919971,High,frustrated,Negative,99,,style_prior_only,10,,Cubism/0103903_LyonelFeininger-MarinefromTheFirstPortfolio(DieersteMappe).jpg,Cubism_request-1395,"composition,color",False,track2_0192,public_duplicate,High,excited,Positive,2,frustrated->excited
0.915725,Low,calm,Positive,99,,style_prior_only,10,,China_images/GetImageySYPVbQGYukIiLyDvPDcVnjU.jpeg,China_images_request-1791,"composition,color",True,track2_0193,public_duplicate,Low,calm,Positive,10,calm->calm
0.930965,Low,calm,Positive,99,,same_series_style,10,,China_images/GetImageXuIatkNbrjZsGDwkqxnHUyCZ.jpeg,China_images_request-1691,"composition,color",True,track2_0194,public_duplicate,Low,calm,Positive,10,calm->calm
0.943305,Low,calm,Positive,26,style_neighbor_review,same_series_style,11,,China_images/GetImageSloFcolAYRWinamOTBAfSdWY.jpeg,China_images_request-4073,"composition,color",True,track2_0195,public_duplicate,Low,calm,Positive,11,calm->calm
0.865295,Low,tired,Negative,99,,style_prior_only,10,,"Romanticism/0130165_MariàFortuny-Bustofaman,allegoryofBacchus.jpg",Romanticism_request-11398,"composition,color",True,track2_0196,public_duplicate,Low,sad,Negative,4,tired->sad
0.862488,Low,calm,Positive,99,,style_prior_only,10,,High Renaissance/0131230_BernardinoLuini-PortraitofaLady.jpg,High Renaissance_request-1109,"composition,color",True,track2_0197,public_duplicate,Low,calm,Positive,9,calm->calm
0.912036,High,excited,Positive,99,,style_prior_only,10,,Sōsaku hanga/0108964_HiroyukiTajima-DialogueWithRed(B).jpg,Sōsaku hanga_request-240,"composition,color",False,track2_0198,public_duplicate,Low,calm,Positive,7,excited->calm
0.952767,Low,calm,Positive,16,strong_neighbor_ge095,same_series_style,12,"The artwork showcases a serene scene with two figures in a natural setting beside a rocky landscape. A delicate tree, adorned with red blossoms, adds a touch of elegance. Calligraphy runs vertically along the left, enhancing its cultural richness.",China_images/FS-7492_17.jpg,China_images_request-1446,"composition,color",True,track2_0199,public_duplicate,Low,calm,Positive,12,calm->calm
0.949573,Low,calm,Positive,22,style_neighbor_review,same_series_style,11,,China_images/FS-8087_11.jpg,China_images_request-329,"composition,color",True,track2_0200,public_duplicate,Low,calm,Positive,11,calm->calm
0.917556,Low,content,Positive,99,,style_prior_only,10,,Ukiyo-e/1292_1175303.jpg,Ukiyo-e_request-1076,"composition,color",True,track2_0201,public_duplicate,Low,calm,Positive,8,content->calm
0.933692,Low,content,Positive,99,,same_series_style,10,,China_images/GetImagelkAtZdhDzdnwGMiWbzYjIlLv.jpeg,China_images_request-3253,"composition,color",True,track2_0202,public_duplicate,Low,content,Positive,6,content->content
0.91251,High,aroused,Positive,99,,style_prior_only,10,,Mannerism (Late Renaissance)/0097216_BartolomeoPasserotti-MaleNude.jpg,Mannerism (Late Renaissance)_request-1168,"composition,color",False,track2_0203,public_duplicate,Low,calm,Positive,7,aroused->calm
0.893374,Low,calm,Positive,99,,style_prior_only,10,,China_images/GetImageZxdxIZsRzWOTPsNmmwbcEzvu.jpeg,China_images_request-1933,"composition,color",True,track2_0204,public_duplicate,Low,calm,Positive,10,calm->calm
0.911627,High,annoyed,Negative,99,,style_prior_only,10,,Ukiyo-e/97650_504200.jpg,Ukiyo-e_request-996,"composition,color",False,track2_0205,public_duplicate,Low,content,Positive,1,annoyed->content
0.896712,Low,calm,Positive,99,,style_prior_only,10,,Academicism/0150582_CharlesGleyre-ÉtudePourLeRetourDuFilsProdigue.jpg,Academicism_request-3218,"composition,color",True,track2_0206,public_duplicate,Low,calm,Positive,10,calm->calm
0.913237,Low,content,Positive,99,,style_prior_only,10,,Ukiyo-e/1303_1175373.jpg,Ukiyo-e_request-1077,"composition,color",True,track2_0207,public_duplicate,Low,calm,Positive,7,content->calm
0.925671,High,frustrated,Negative,99,,style_prior_only,10,,Lyrical Abstraction/0062425_GustaveSingier-Composition.jpg,Lyrical Abstraction_request-246,"composition,color",False,track2_0208,public_duplicate,Low,calm,Positive,1,frustrated->calm
0.890623,High,alarmed,Negative,99,,style_prior_only,10,,Romanticism/0161915_MariàFortuny-Anchorite(therecluse).jpg,Romanticism_request-14281,"composition,color",False,track2_0209,public_duplicate,Low,sad,Negative,1,alarmed->sad
0.967328,Low,content,Positive,15,same_work_or_series_review,near_same_work,12,,China_images/GetImageCSIrdbJTFSsQaXooNVZMtDKL.jpeg,China_images_request-2262,"composition,color",True,track2_0210,public_duplicate,Low,calm,Positive,11,content->calm
0.829396,Low,tired,Negative,99,,style_prior_only,10,,"Expressionism/0102590_OttoMueller-BadeszeneMitVierFiguren,HausUndBoot(nachRechts).jpg",Expressionism_request-5682,"composition,color",False,track2_0211,public_duplicate,Low,calm,Positive,9,tired->calm
0.952407,Low,calm,Positive,19,same_work_or_series_review,same_series_style,12,,China_images/FS-6371_02.jpg,China_images_request-1506,"composition,color",True,track2_0212,public_duplicate,Low,calm,Positive,12,calm->calm
0.862572,Low,sad,Negative,99,,style_prior_only,10,,Romanticism/0171181_ArthurHughes-Amy(study).jpg,Romanticism_request-15150,"composition,color",False,track2_0213,public_duplicate,Low,content,Positive,4,sad->content
0.892891,Low,calm,Positive,99,,style_prior_only,10,,China_images/FS-5678_07.jpg,China_images_request-136,"composition,color",True,track2_0214,public_duplicate,Low,calm,Positive,9,calm->calm
0.873781,Low,tired,Negative,99,,style_prior_only,10,,Realism/0020597_NikolaiGe-Portrait ofEvdokiya Nikolaevna Kostycheva.jpg,Realism_request-1312,"composition,color",False,track2_0215,public_duplicate,Low,content,Positive,7,tired->content
0.910517,Low,calm,Positive,99,,style_prior_only,10,,Ukiyo-e/109485_587088.jpg,Ukiyo-e_request-1628,"composition,color",True,track2_0216,public_duplicate,Low,calm,Positive,10,calm->calm
0.938242,Low,calm,Positive,99,,same_series_style,10,,China_images/FS-S1987.270.8_001.jpg,China_images_request-272,"composition,color",True,track2_0217,public_duplicate,Low,calm,Positive,7,calm->calm
0.940902,Low,calm,Positive,34,style_neighbor_review,same_series_style,11,,China_images/GetImageYzLfsJJHcnrSQMesBucYySSx.jpeg,China_images_request-1826,"composition,color",True,track2_0218,public_duplicate,Low,calm,Positive,11,calm->calm
0.910398,Low,content,Positive,99,,style_prior_only,10,,Ukiyo-e/0188320_TsukiokaYoshitoshi-TheSevenLuckyGods.jpg,Ukiyo-e_request-922,"composition,color",False,track2_0219,public_duplicate,High,excited,Positive,2,content->excited
0.934178,Low,calm,Positive,99,,same_series_style,10,,China_images/GetImagehuSxyIIKTOcShmbLiMXBwUWq.jpeg,China_images_request-2811,"composition,color",True,track2_0220,public_duplicate,Low,calm,Positive,9,calm->calm
0.891887,Low,tired,Negative,99,,style_prior_only,10,,Realism/0090420_Jean-FrancoisMillet-SeatedNude.jpg,Realism_request-7427,"composition,color",False,track2_0221,public_duplicate,Low,calm,Positive,8,tired->calm
0.937913,Low,calm,Positive,99,,same_series_style,10,,China_images/FS-5124_02.jpg,China_images_request-785,"composition,color",True,track2_0222,public_duplicate,Low,calm,Positive,8,calm->calm
0.896507,High,frustrated,Negative,99,,style_prior_only,10,,Mannerism (Late Renaissance)/0174856_HendrickGoltzius-FarneseHercules.jpg,Mannerism (Late Renaissance)_request-2145,"composition,color",False,track2_0223,public_duplicate,Low,calm,Positive,6,frustrated->calm
0.920391,High,aroused,Positive,99,,style_prior_only,10,,Cubism/0103903_LyonelFeininger-MarinefromTheFirstPortfolio(DieersteMappe).jpg,Cubism_request-1395,"composition,color",True,track2_0224,public_duplicate,High,excited,Positive,4,aroused->excited
0.881709,Low,calm,Positive,99,,style_prior_only,10,,Ukiyo-e/dscn1623.jpg,Ukiyo-e_request-1765,"composition,color",True,track2_0225,public_duplicate,Low,calm,Positive,9,calm->calm
0.886035,Low,sad,Negative,99,,style_prior_only,10,,Rococo/0111707_Charles-AndrevanLoo(CarlevanLoo)-StandingMan.jpg,Rococo_request-2296,"composition,color",False,track2_0226,public_duplicate,Low,calm,Positive,9,sad->calm
0.864892,Low,calm,Positive,99,,style_prior_only,10,,Romanticism/0067251_AlexanderPope-EmblemsoftheCivilWar.jpg,Romanticism_request-5665,"composition,color",False,track2_0227,public_duplicate,Low,bored,Negative,1,calm->bored
0.901457,Low,calm,Positive,99,,style_prior_only,10,,Abstract Art/0075952_AlbertoMagnelli-Untitled.jpg,Abstract Art_request-734,"composition,color",True,track2_0228,public_duplicate,Low,content,Positive,2,calm->content
0.914767,Low,content,Positive,99,,style_prior_only,10,,Ukiyo-e/79557_434322.jpg,Ukiyo-e_request-1427,"composition,color",True,track2_0229,public_duplicate,Low,calm,Positive,8,content->calm
0.937533,Low,calm,Positive,99,,same_series_style,10,,China_images/GetImageXzvWqwCtaADkFAOsPEKZGioO.jpeg,China_images_request-1711,"composition,color",True,track2_0230,public_duplicate,Low,calm,Positive,10,calm->calm
0.906606,Low,bored,Negative,99,,style_prior_only,10,,Surrealism/0169522_AndreMasson-Nocturne.jpg,Surrealism_request-4577,"composition,color",False,track2_0231,public_duplicate,High,excited,Positive,1,bored->excited
0.909326,High,happy,Positive,99,,style_prior_only,10,,Ukiyo-e/0127317_KitagawaUtamaro-Courtesan`sEntourageatNewYear`sFestival.jpg,Ukiyo-e_request-614,"composition,color",False,track2_0232,public_duplicate,Low,calm,Positive,9,happy->calm
0.904336,Low,tired,Negative,99,,style_prior_only,10,,Realism/0116681_ThomasEakins-TheThinker(PortraitofLouisKenton).jpg,Realism_request-9844,"composition,color",False,track2_0233,public_duplicate,Low,calm,Positive,5,tired->calm
0.912138,Low,calm,Positive,99,,style_prior_only,10,,China_images/GetImageUmLDYaLUtjQyGBeWhodPPUhq.jpeg,China_images_request-4340,"composition,color",True,track2_0234,public_duplicate,Low,calm,Positive,8,calm->calm
0.933503,Low,sad,Negative,99,,same_series_style,10,,High Renaissance/0133071_PietroPerugino-PaladiMonteripido.jpg,High Renaissance_request-1131,"composition,color",True,track2_0235,public_duplicate,Low,sad,Negative,5,sad->sad
0.880981,Low,calm,Positive,99,,style_prior_only,10,,Ukiyo-e/dscn1418.jpg,Ukiyo-e_request-1714,"composition,color",True,track2_0236,public_duplicate,Low,calm,Positive,8,calm->calm
0.910576,Low,glad,Positive,99,,style_prior_only,10,,Baroque/0168744_JanvanGoyen-ASceneontheIce.jpg,Baroque_request-7641,"composition,color",True,track2_0237,public_duplicate,Low,calm,Positive,10,glad->calm
0.877815,Low,calm,Positive,99,,style_prior_only,10,,Naturalism/0016013_CarlRungius-EwesSeekingShelter.jpg,Naturalism_request-39,"composition,color",True,track2_0238,public_duplicate,Low,calm,Positive,6,calm->calm
0.936195,Low,calm,Positive,99,,same_series_style,10,,China_images/GetImageVSzpSJWDfQMpnOJSHtUBdquj.jpeg,China_images_request-4490,"composition,color",True,track2_0239,public_duplicate,Low,calm,Positive,9,calm->calm
0.893918,Low,calm,Positive,99,,style_prior_only,10,,Surrealism/0071702_JorgeCastillo-Josehascaughtasmallbird.jpg,Surrealism_request-1876,"composition,color",True,track2_0240,public_duplicate,Low,calm,Positive,8,calm->calm
0.884408,High,alarmed,Negative,99,,style_prior_only,10,,Romanticism/0084483_Jean-BaptisteCarpeaux-BacchanalewithChildrenandDonkey.jpg,Romanticism_request-7204,"composition,color",False,track2_0241,public_duplicate,High,excited,Positive,1,alarmed->excited
0.87241,Low,calm,Positive,99,,style_prior_only,10,,Ukiyo-e/0110145_Hiroshige-30.PlumParkinKameido.jpg,Ukiyo-e_request-528,"composition,color",True,track2_0242,public_duplicate,Low,calm,Positive,7,calm->calm
0.931693,Low,calm,Positive,99,,same_series_style,10,,China_images/GetImageUOGuTkgbaEifjErIuLgPbQyz.jpeg,China_images_request-4351,"composition,color",True,track2_0243,public_duplicate,Low,calm,Positive,7,calm->calm
0.912569,Low,calm,Positive,99,,style_prior_only,10,,China_images/GetImageeDVSxtSkFiTqoYYUByYeaCvq.jpeg,China_images_request-2416,"composition,color",True,track2_0244,public_duplicate,Low,calm,Positive,10,calm->calm
0.901122,High,frustrated,Negative,99,,style_prior_only,10,,Academicism/0030764_MariàFortuny-Malenudebackwiththearmextended.jpg,Academicism_request-533,"composition,color",False,track2_0245,public_duplicate,Low,calm,Positive,9,frustrated->calm
0.889016,Low,calm,Positive,99,,style_prior_only,10,,China_images/GetImageWaaZcYKEYQZtnpsyGuBncCeQ.jpeg,China_images_request-4526,"composition,color",True,track2_0246,public_duplicate,Low,calm,Positive,8,calm->calm
0.936899,High,frustrated,Negative,99,,style_prior_only,10,,Abstract Expressionism/0111579_PerleFine-Lair.jpg,Abstract Expressionism_request-2253,"composition,color",True,track2_0247,public_duplicate,High,frustrated,Negative,4,frustrated->frustrated
0.946098,Low,calm,Positive,24,style_neighbor_review,same_series_style,11,,China_images/GetImageVSzpSJWDfQMpnOJSHtUBdquj.jpeg,China_images_request-4490,"composition,color",True,track2_0248,public_duplicate,Low,calm,Positive,10,calm->calm
0.891482,High,frustrated,Negative,99,,style_prior_only,10,,Expressionism/0008783_LyndWard-Undercliff.jpg,Expressionism_request-178,"composition,color",False,track2_0249,public_duplicate,Low,calm,Positive,3,frustrated->calm
0.930856,Low,content,Positive,99,,same_series_style,10,,China_images/GetImageNjASpXbtImqmLOmIZPMlRwWZ.jpeg,China_images_request-3490,"composition,color",True,track2_0250,public_duplicate,Low,calm,Positive,9,content->calm
0.884542,High,frustrated,Negative,99,,style_prior_only,10,,Surrealism/0045785_AntonioAreal-HomenagemaFernãoMendesPinto.jpg,Surrealism_request-1111,"composition,color",True,track2_0251,public_duplicate,High,alarmed,Negative,4,frustrated->alarmed
0.913099,Low,calm,Positive,99,,style_prior_only,10,,China_images/GetImageckPlRsoNTDNqhMizjlgFepZh.jpeg,China_images_request-2223,"composition,color",True,track2_0252,public_duplicate,Low,calm,Positive,10,calm->calm
0.983111,Low,calm,Positive,15,same_series_high_clip,near_same_work,12,"The image portrays a serene landscape with delicate buildings nestled among lush greenery by a calm waterway. Mountains rise gently in the background, enveloped in a misty haze that suggests tranquility and timelessness.",China_images/GetImagedzkkwAlUFqJnrKONmZVsjLgp.jpeg,China_images_request-2399,"composition,color",True,track2_0253,public_duplicate,Low,calm,Positive,11,calm->calm
0.935564,Low,calm,Positive,99,,same_series_style,10,,China_images/FS-6543_04.jpg,China_images_request-1201,"composition,color",True,track2_0254,public_duplicate,Low,calm,Positive,10,calm->calm
0.871353,Low,calm,Positive,99,,style_prior_only,10,,China_images/GetImageWaaZcYKEYQZtnpsyGuBncCeQ.jpeg,China_images_request-4526,"composition,color",True,track2_0255,public_duplicate,Low,calm,Positive,9,calm->calm
0.797304,High,frustrated,Negative,99,,style_prior_only,10,,Regionalism/0103564_NormanRockwell-NewPlayer.jpg,Regionalism_request-273,"composition,color",False,track2_0256,public_duplicate,Low,content,Positive,1,frustrated->content
0.893084,Low,calm,Positive,99,,style_prior_only,10,,China_images/GetImagezrXcfkvqarswiDVavekZrNHk.jpeg,China_images_request-1913,"composition,color",True,track2_0257,public_duplicate,Low,calm,Positive,9,calm->calm
0.861868,Low,content,Positive,99,,style_prior_only,10,,Rococo/0154249_GiuseppeGalliDaBibiena-TemplesandRegia.jpg,Rococo_request-3302,"composition,color",True,track2_0258,public_duplicate,Low,calm,Positive,7,content->calm
0.923325,Low,calm,Positive,99,,style_prior_only,10,,Ukiyo-e/0025157_TōshūsaiSharaku-NakamuraNakazoIIasPrinceKoretakaDisguisedinthePlayŌshukubaiKoinoHatsune.jpg,Ukiyo-e_request-96,"composition,color",False,track2_0259,public_duplicate,High,frustrated,Negative,1,calm->frustrated
0.900954,Low,calm,Positive,99,,style_prior_only,10,,China_images/FS-7484_04.jpg,China_images_request-1000,"composition,color",True,track2_0260,public_duplicate,Low,calm,Positive,10,calm->calm
0.940431,Low,calm,Positive,24,style_neighbor_review,same_series_style,11,,Ukiyo-e/0065158_KitagawaUtamaro-Thefourvirtues.jpg,Ukiyo-e_request-300,"composition,color",True,track2_0261,public_duplicate,Low,calm,Positive,11,calm->calm
0.875059,Low,calm,Positive,99,,style_prior_only,10,,Rococo/0071523_PauNGFollowLouis-JosephMondhare-VuedelaVilled´Hambourg.jpg,Rococo_request-1421,"composition,color",True,track2_0262,public_duplicate,Low,calm,Positive,7,calm->calm
0.85533,High,excited,Positive,99,,style_prior_only,10,,Art Nouveau (Modern)/0081651_IvanBilibin-Chernomor'sGardens.SketchesofsceneryforMikhailGlinka'sRuslanandLudmilla.jpg,Art Nouveau (Modern)_request-2545,"composition,color",False,track2_0263,public_duplicate,Low,calm,Positive,4,excited->calm
0.881343,Low,calm,Positive,99,,style_prior_only,10,,China_images/GetImageTbbREbsdApGCkgiYaZHvaDXB.jpeg,China_images_request-4159,"composition,color",True,track2_0264,public_duplicate,Low,content,Positive,1,calm->content
0.928657,Low,content,Positive,99,,style_prior_only,10,,China_images/FS-5826_14.jpg,China_images_request-99,"composition,color",True,track2_0265,public_duplicate,Low,calm,Positive,8,content->calm
0.92455,Low,calm,Positive,99,,style_prior_only,10,,China_images/FS-8132_22.jpg,China_images_request-679,"composition,color",True,track2_0266,public_duplicate,Low,calm,Positive,8,calm->calm
0.903064,Low,calm,Positive,99,,style_prior_only,10,,China_images/FS-7481_03.jpg,China_images_request-1025,"composition,color",True,track2_0267,public_duplicate,Low,calm,Positive,8,calm->calm
0.894506,Low,content,Positive,99,,style_prior_only,10,,Impressionism/0104057_HenrideToulouse-Lautrec-Portraitofayoungwoman.jpg,Impressionism_request-6468,"composition,color",True,track2_0268,public_duplicate,Low,calm,Positive,9,content->calm
0.904576,Low,content,Positive,99,,style_prior_only,10,,China_images/FS-6375_01.jpg,China_images_request-582,"composition,color",True,track2_0269,public_duplicate,Low,calm,Positive,7,content->calm
0.930874,Low,content,Positive,99,,same_series_style,10,,China_images/GetImageSOeFDgidtuUVKCKKEjLyLqDB.jpeg,China_images_request-4087,"composition,color",True,track2_0270,public_duplicate,Low,calm,Positive,10,content->calm
0.956132,Low,content,Positive,27,same_work_or_series_review,same_series_style,12,,China_images/FS-7280_07.jpg,China_images_request-1055,"composition,color",True,track2_0271,public_duplicate,Low,content,Positive,4,content->content
0.977835,Low,calm,Positive,1,visual_duplicate_likely,exact_same_work,13,,China_images/GetImagemUWkWGWdSEpasZNUXXHtDWVn.jpeg,China_images_request-3423,"composition,color",True,track2_0272,public_duplicate,Low,calm,Positive,13,calm->calm
0.913291,Low,bored,Negative,99,,style_prior_only,10,,Abstract Expressionism/0165845_ConradMarca-Relli-UntitledCollage.jpg,Abstract Expressionism_request-3464,"composition,color",True,track2_0273,public_duplicate,Low,bored,Negative,1,bored->bored
0.935224,Low,calm,Positive,99,,same_series_style,10,,China_images/GetImageNqYWwYOmnTxhtgBVzpBBvKRK.jpeg,China_images_request-3534,"composition,color",True,track2_0274,public_duplicate,Low,calm,Positive,10,calm->calm
0.921883,Low,sad,Negative,99,,style_prior_only,10,,China_images/GetImageeTaeJRsUaBtqFGXFKPKNZBkU.jpeg,China_images_request-2478,"composition,color",False,track2_0275,public_duplicate,Low,content,Positive,2,sad->content
0.900322,High,frustrated,Negative,99,,style_prior_only,10,,"Symbolism/0121431_OdilonRedon-Hefalls,head-first,intotheabyss(plate17).jpg",Symbolism_request-2142,"composition,color",True,track2_0276,public_duplicate,High,frustrated,Negative,3,frustrated->frustrated
0.934923,Low,calm,Positive,99,,same_series_style,10,,China_images/GetImagerqoFmwyYPRGWCOPDbrtzyEMr.jpeg,China_images_request-3975,"composition,color",True,track2_0277,public_duplicate,Low,calm,Positive,10,calm->calm
0.947891,Low,calm,Positive,29,style_neighbor_review,same_series_style,11,,China_images/GetImagebljnaQcFQAcCBygdCcgAhdWw.jpeg,China_images_request-2111,"composition,color",True,track2_0278,public_duplicate,Low,calm,Positive,9,calm->calm
0.924355,High,aroused,Positive,99,,style_prior_only,10,,China_images/GetImageTmfdplLhTsgOzXTnSxfyybRc.jpeg,China_images_request-4214,"composition,color",False,track2_0279,public_duplicate,Low,calm,Positive,8,aroused->calm
0.925743,Low,content,Positive,99,,style_prior_only,10,,China_images/FS-5667_08.jpg,China_images_request-1308,"composition,color",True,track2_0280,public_duplicate,Low,calm,Positive,10,content->calm
0.951311,Low,calm,Positive,23,strong_neighbor_ge095,same_series_style,12,"The image features two birds perched on a flowering branch, surrounded by delicate blooms and leaves. Traditional Chinese calligraphy is present on the left side, enhancing the cultural and thematic essence of the piece.",China_images/FS-7280_02.jpg,China_images_request-747,"composition,color",True,track2_0281,public_duplicate,Low,calm,Positive,11,calm->calm
0.89602,Low,content,Positive,99,,style_prior_only,10,,High Renaissance/0153505_DomenicoBeccafumi-TheMiraculousCommunionofSaintCatherineofSiena.jpg,High Renaissance_request-1327,"composition,color",True,track2_0282,public_duplicate,Low,calm,Positive,6,content->calm
0.905533,Low,calm,Positive,99,,style_prior_only,10,,Islamic_image/DP231358.jpg,Islamic_image_request-372,"composition,color",True,track2_0283,public_duplicate,Low,calm,Positive,8,calm->calm
0.930613,Low,calm,Positive,99,,same_series_style,10,,China_images/GetImagebsWSYkmAoteKiNZlTQEQKrfd.jpeg,China_images_request-2138,"composition,color",True,track2_0284,public_duplicate,Low,calm,Positive,10,calm->calm
0.954327,Low,calm,Positive,26,same_work_or_series_review,same_series_style,12,,China_images/GetImageYhBbpvEyhwkxXizxJeGscVBa.jpeg,China_images_request-1740,"composition,color",True,track2_0285,public_duplicate,Low,calm,Positive,11,calm->calm
0.893862,Low,calm,Positive,99,,style_prior_only,10,,Ukiyo-e/92089_462438.jpg,Ukiyo-e_request-971,"composition,color",True,track2_0286,public_duplicate,Low,calm,Positive,9,calm->calm
0.944795,Low,calm,Positive,22,style_neighbor_review,same_series_style,11,,China_images/GetImageRCXBdmcoGWIjTBoMoebFKCvb.jpeg,China_images_request-3919,"composition,color",True,track2_0287,public_duplicate,Low,calm,Positive,10,calm->calm
0.927748,Low,calm,Positive,99,,style_prior_only,10,,China_images/FS-7112_02.jpg,China_images_request-22,"composition,color",True,track2_0288,public_duplicate,Low,calm,Positive,10,calm->calm
0.924152,Low,calm,Positive,99,,style_prior_only,10,,Ukiyo-e/0054624_TōshūsaiSharaku-ActorIchikawaYaozoIIIasaCourtesan'sAttendant.jpg,Ukiyo-e_request-237,"composition,color",True,track2_0289,public_duplicate,Low,calm,Positive,8,calm->calm
0.91858,Low,content,Positive,99,,style_prior_only,10,,Romanticism/0011122_JohannWilhelmSchirmer-Riderbyapondinapanoramiclandscape.jpg,Romanticism_request-494,"composition,color",True,track2_0290,public_duplicate,Low,calm,Positive,8,content->calm
0.933449,Low,calm,Positive,99,,style_prior_only,10,,China_images/GetImageJkYyvErKWmcArMNsSpPJVHhG.jpeg,China_images_request-3014,"composition,color",True,track2_0291,public_duplicate,Low,content,Positive,4,calm->content
0.887774,Low,content,Positive,99,,style_prior_only,10,,China_images/GetImageDrSWBTmzwXruONxZBvxgcFPh.jpeg,China_images_request-2362,"composition,color",True,track2_0292,public_duplicate,Low,calm,Positive,6,content->calm
0.948811,Low,calm,Positive,25,style_neighbor_review,same_series_style,11,,China_images/FS-S1987.270.8_001.jpg,China_images_request-272,"composition,color",True,track2_0293,public_duplicate,Low,calm,Positive,9,calm->calm
0.865903,Low,sad,Negative,99,,style_prior_only,10,,Academicism/0077217_WilhelmBendz-ChristianMorgenstern.jpg,Academicism_request-1539,"composition,color",False,track2_0294,public_duplicate,Low,calm,Positive,9,sad->calm
0.94007,Low,calm,Positive,39,style_neighbor_review,same_series_style,11,,China_images/GetImageAgexunHGYucaFpSZVGyTyYJQ.jpeg,China_images_request-1978,"composition,color",True,track2_0295,public_duplicate,Low,calm,Positive,11,calm->calm
0.896919,Low,calm,Positive,99,,style_prior_only,10,,Ukiyo-e/89645_446224.jpg,Ukiyo-e_request-1470,"composition,color",True,track2_0296,public_duplicate,Low,calm,Positive,8,calm->calm
0.864611,Low,calm,Positive,99,,style_prior_only,10,,Surrealism/0033724_YiannisTsaroychis-MementosoftheDeadFiancee.jpg,Surrealism_request-765,"composition,color",True,track2_0297,public_duplicate,Low,content,Positive,1,calm->content
0.933939,Low,content,Positive,99,,style_prior_only,10,,China_images/GetImageBVHQHemhWxtYtnyTiSxkKkWu.jpeg,China_images_request-2148,"composition,color",True,track2_0298,public_duplicate,Low,content,Positive,4,content->content
0.954779,Low,calm,Positive,16,strong_neighbor_ge095,same_series_style,12,"The image portrays a traditional landscape painting filled with textured mountains and flowing water. The scene is subtly detailed, using a monochromatic palette. The artwork embraces natural elements, capturing an ethereal and timeless essence.",China_images/FS-5807_03.jpg,China_images_request-884,"composition,color",True,track2_0299,public_duplicate,Low,calm,Positive,12,calm->calm
0.911486,Low,calm,Positive,99,,style_prior_only,10,,China_images/GetImageSjxgJWNuZTDUUOQoKoJrOIem.jpeg,China_images_request-4067,"composition,color",True,track2_0300,public_duplicate,Low,content,Positive,1,calm->content
0.916751,High,aroused,Positive,99,,style_prior_only,10,,Neo-Expressionism/0020478_GeorgBaselitz-HeadandBottle.jpg,Neo-Expressionism_request-124,"composition,color",False,track2_0301,public_duplicate,High,alarmed,Negative,1,aroused->alarmed
0.933621,Low,calm,Positive,99,,same_series_style,10,,China_images/GetImageFBulbXVqlsyFHzMkrFwAQHNl.jpeg,China_images_request-2509,"composition,color",True,track2_0302,public_duplicate,Low,calm,Positive,9,calm->calm
0.932239,Low,calm,Positive,99,,same_series_style,10,,China_images/FS-7328_12.jpg,China_images_request-661,"composition,color",True,track2_0303,public_duplicate,Low,calm,Positive,10,calm->calm
0.903342,Low,calm,Positive,99,,style_prior_only,10,,China_images/GetImageTgPTMXqgPJjhrIkfkFIDYgGk.jpeg,China_images_request-4186,"composition,color",True,track2_0304,public_duplicate,Low,calm,Positive,10,calm->calm
0.930853,Low,calm,Positive,99,,same_series_style,10,,China_images/GetImagebhVsbUhajQhIsFIZuPdQzrRs.jpeg,China_images_request-2090,"composition,color",True,track2_0305,public_duplicate,Low,calm,Positive,10,calm->calm
0.901038,Low,content,Positive,99,,style_prior_only,10,,Romanticism/0023281_IvanAivazovsky-WinterCaravanonRoad.jpg,Romanticism_request-1643,"composition,color",True,track2_0306,public_duplicate,Low,calm,Positive,9,content->calm
0.9361,Low,calm,Positive,99,,same_series_style,10,,China_images/FS-7444_16.jpg,China_images_request-1190,"composition,color",True,track2_0307,public_duplicate,Low,calm,Positive,8,calm->calm
0.881221,Low,content,Positive,99,,style_prior_only,10,,Early Renaissance/0187621_FraAngelico-AdorationoftheMagi.jpg,Early Renaissance_request-1010,"composition,color",False,track2_0308,public_duplicate,High,happy,Positive,1,content->happy
0.939691,Low,calm,Positive,99,,same_series_style,10,,China_images/FS-8543_26.jpg,China_images_request-513,"composition,color",True,track2_0309,public_duplicate,Low,calm,Positive,10,calm->calm
0.921224,High,frustrated,Negative,99,,style_prior_only,10,,Abstract Expressionism/0136256_PhilipGuston-Untitled.jpg,Abstract Expressionism_request-2801,"composition,color",False,track2_0310,public_duplicate,High,excited,Positive,2,frustrated->excited
0.957531,Low,calm,Positive,29,same_work_or_series_review,same_series_style,12,,China_images/GetImageAmpnoSvSuOpnTrkuwuIQbTbJ.jpeg,China_images_request-2010,"composition,color",True,track2_0311,public_duplicate,Low,calm,Positive,12,calm->calm
0.94612,Low,calm,Positive,28,style_neighbor_review,same_series_style,11,,China_images/GetImageNqYWwYOmnTxhtgBVzpBBvKRK.jpeg,China_images_request-3534,"composition,color",True,track2_0312,public_duplicate,Low,calm,Positive,10,calm->calm
0.914245,Low,calm,Positive,99,,style_prior_only,10,,Ink and wash painting/0066843_LiTang-SittingonRocksGazingattheMist.jpg,Ink and wash painting_request-194,"composition,color",True,track2_0313,public_duplicate,Low,calm,Positive,9,calm->calm
0.881536,Low,calm,Positive,99,,style_prior_only,10,,Mannerism (Late Renaissance)/0120152_Tintoretto-SaintGeorgeandtheDragon.jpg,Mannerism (Late Renaissance)_request-1455,"composition,color",False,track2_0314,public_duplicate,High,excited,Positive,3,calm->excited
0.925175,Low,calm,Positive,99,,style_prior_only,10,,Cubism/0103210_MarioPrassinos-Cafetiere.jpg,Cubism_request-1385,"composition,color",False,track2_0315,public_duplicate,High,frustrated,Negative,3,calm->frustrated
0.906953,High,happy,Positive,99,,style_prior_only,10,,Ukiyo-e/1292_1175303.jpg,Ukiyo-e_request-1076,"composition,color",False,track2_0316,public_duplicate,Low,calm,Positive,8,happy->calm
0.879424,Low,content,Positive,99,,style_prior_only,10,,Realism/0043295_WilliamMerrittChase-TheWoundedPoacher(TheVeteran).jpg,Realism_request-3256,"composition,color",False,track2_0317,public_duplicate,Low,sad,Negative,3,content->sad
0.891207,Low,calm,Positive,99,,style_prior_only,10,,Ukiyo-e/101197_526880.jpg,Ukiyo-e_request-1053,"composition,color",True,track2_0318,public_duplicate,Low,calm,Positive,8,calm->calm
0.858433,Low,calm,Positive,99,,style_prior_only,10,,Academicism/0037378_William-AdolpheBouguereau-Studyoffacesaftertheantique.jpg,Academicism_request-684,"composition,color",True,track2_0319,public_duplicate,Low,calm,Positive,7,calm->calm
0.95391,Low,calm,Positive,19,strong_neighbor_ge095,same_series_style,12,"The artwork displays a serene landscape, with towering mountains and delicate trees. A small, humble dwelling nestles in the foreground, surrounded by lush vegetation. The distant horizon is filled with misty peaks, evoking a sense of tranquility.",China_images/FS-8257_02.jpg,China_images_request-687,"composition,color",True,track2_0320,public_duplicate,Low,calm,Positive,12,calm->calm
0.893288,Low,calm,Positive,99,,style_prior_only,10,,China_images/FS-8220_01.jpg,China_images_request-17,"composition,color",True,track2_0321,public_duplicate,Low,calm,Positive,10,calm->calm
0.900619,Low,content,Positive,99,,style_prior_only,10,,China_images/GetImagehmRZmtkiNYGtwgdltVKkCYSP.jpeg,China_images_request-2773,"composition,color",True,track2_0322,public_duplicate,Low,calm,Positive,8,content->calm
0.95133,Low,calm,Positive,26,strong_neighbor_ge095,same_series_style,12,"The image features two elderly individuals in traditional Japanese attire. One stands with a staff, and the other is seated, adorned in elaborate robes. The background is a neutral tone with calligraphy, adding cultural depth.",Ukiyo-e/0017051_ToyotaHokkei-TheNohplayTakasago.jpg,Ukiyo-e_request-54,"composition,color",True,track2_0323,public_duplicate,Low,calm,Positive,10,calm->calm
0.885804,Low,content,Positive,99,,style_prior_only,10,,Post-Impressionism/0150693_GustaveLoiseau-TheLoingatMoret.jpg,Post-Impressionism_request-5143,"composition,color",True,track2_0324,public_duplicate,Low,content,Positive,1,content->content
0.912707,Low,sad,Negative,99,,style_prior_only,10,,Impressionism/0168068_IsaacIsraels-Dameinavondtoilet.jpg,Impressionism_request-10675,"composition,color",False,track2_0325,public_duplicate,Low,calm,Positive,10,sad->calm
0.958921,Low,calm,Positive,18,same_work_or_series_review,same_series_style,13,,China_images/GetImagehYVBLStCkrhGhicBiBWIoeGY.jpeg,China_images_request-2828,"composition,color",True,track2_0326,public_duplicate,Low,calm,Positive,13,calm->calm
0.865513,High,alarmed,Negative,99,,style_prior_only,10,,Neo-Expressionism/0051346_VasiliyRyabchenko-TheDeathofActaeon.jpg,Neo-Expressionism_request-363,"composition,color",True,track2_0327,public_duplicate,High,frustrated,Negative,1,alarmed->frustrated
0.916592,Low,calm,Positive,99,,style_prior_only,10,,Korea/bon000291-000-0001.jpg,Korea_request-6,"composition,color",True,track2_0328,public_duplicate,Low,calm,Positive,9,calm->calm
0.878242,Low,content,Positive,99,,style_prior_only,10,,Ukiyo-e/89944_448030.jpg,Ukiyo-e_request-1503,"composition,color",True,track2_0329,public_duplicate,Low,calm,Positive,5,content->calm
0.963262,Low,calm,Positive,6,visual_duplicate_likely,exact_same_work,13,,China_images/GetImagenOWkhPDxMRrSEJAxOlMRujbH.jpeg,China_images_request-3522,"composition,color",True,track2_0330,public_duplicate,Low,calm,Positive,12,calm->calm
0.846512,Low,tired,Negative,99,,style_prior_only,10,,Realism/0147207_VasilyVereshchagin-BeatingthefiancesofPenelopereturningUlysses.jpg,Realism_request-12439,"composition,color",False,track2_0331,public_duplicate,High,alarmed,Negative,1,tired->alarmed
0.906145,High,aroused,Positive,99,,style_prior_only,10,,Rococo/0111707_Charles-AndrevanLoo(CarlevanLoo)-StandingMan.jpg,Rococo_request-2296,"composition,color",False,track2_0332,public_duplicate,Low,calm,Positive,9,aroused->calm
0.943327,Low,calm,Positive,36,style_neighbor_review,same_series_style,11,,Ukiyo-e/0011083_KitagawaUtamaro-Oneoutofaseriesofsix.jpg,Ukiyo-e_request-20,"composition,color",True,track2_0333,public_duplicate,Low,calm,Positive,10,calm->calm
0.938786,Low,calm,Positive,99,,same_series_style,10,,China_images/GetImagepsjrUOvXavoxATEMfFrcHzSt.jpeg,China_images_request-3764,"composition,color",True,track2_0334,public_duplicate,Low,calm,Positive,10,calm->calm
0.863148,Low,content,Positive,99,,style_prior_only,10,,"Ukiyo-e/0126245_Hiroshige-116.SugatamiBridge,OmokageBridgeandJaribaatTakata.jpg",Ukiyo-e_request-609,"composition,color",True,track2_0335,public_duplicate,Low,calm,Positive,7,content->calm
0.907018,High,annoyed,Negative,99,,style_prior_only,10,,Ukiyo-e/95081_482147.jpg,Ukiyo-e_request-978,"composition,color",False,track2_0336,public_duplicate,Low,calm,Positive,8,annoyed->calm
0.932127,Low,calm,Positive,99,,same_series_style,10,,China_images/FS-5817_11.jpg,China_images_request-1186,"composition,color",True,track2_0337,public_duplicate,Low,calm,Positive,9,calm->calm
0.854107,Low,content,Positive,99,,style_prior_only,10,,Rococo/0109797_AlexanderRoslin-Ritrattodinobildonnaconcagnolinoestemma.jpg,Rococo_request-2255,"composition,color",True,track2_0338,public_duplicate,Low,calm,Positive,8,content->calm
0.905535,Low,calm,Positive,99,,style_prior_only,10,,China_images/FS-5374_01.jpg,China_images_request-948,"composition,color",True,track2_0339,public_duplicate,Low,content,Positive,3,calm->content
0.879002,Low,calm,Positive,99,,style_prior_only,10,,China_images/FS-7454_47.jpg,China_images_request-328,"composition,color",True,track2_0340,public_duplicate,Low,calm,Positive,7,calm->calm
0.920811,Low,calm,Positive,99,,style_prior_only,10,,Ink and wash painting/0066843_LiTang-SittingonRocksGazingattheMist.jpg,Ink and wash painting_request-194,"composition,color",True,track2_0341,public_duplicate,Low,calm,Positive,10,calm->calm
0.898457,Low,calm,Positive,99,,style_prior_only,10,,"Mannerism (Late Renaissance)/0143208_Francescode'Rossi(FrancescoSalviati),Cecchino-SeatedMaleNude.jpg",Mannerism (Late Renaissance)_request-1736,"composition,color",True,track2_0342,public_duplicate,Low,calm,Positive,8,calm->calm
0.927941,Low,calm,Positive,99,,style_prior_only,10,,China_images/GetImageVPqNHrxXizFltsuxytArNZHY.jpeg,China_images_request-4475,"composition,color",True,track2_0343,public_duplicate,Low,calm,Positive,10,calm->calm
0.915781,Low,calm,Positive,99,,style_prior_only,10,,China_images/GetImagecghNnsiCIGmcMAxQEsTRHnUv.jpeg,China_images_request-2202,"composition,color",True,track2_0344,public_duplicate,Low,calm,Positive,9,calm->calm
0.872567,Low,tired,Negative,99,,style_prior_only,10,,Academicism/0112156_RaimundodeMadrazo-QueenMariaCristinaofHabsburg-Lorraine.jpg,Academicism_request-2308,"composition,color",False,track2_0345,public_duplicate,Low,calm,Positive,10,tired->calm
0.892097,Low,calm,Positive,99,,style_prior_only,10,,Realism/0031492_WinslowHomer-PeachBlossoms.jpg,Realism_request-2264,"composition,color",True,track2_0346,public_duplicate,Low,calm,Positive,8,calm->calm
0.930908,Low,calm,Positive,99,,same_series_style,10,,China_images/FS-7325_25.jpg,China_images_request-1667,"composition,color",True,track2_0347,public_duplicate,Low,calm,Positive,7,calm->calm
0.919669,High,frustrated,Negative,99,,style_prior_only,10,,Tachisme/0017923_CharlesLapicque-LePardon.jpg,Tachisme_request-29,"composition,color",True,track2_0348,public_duplicate,High,frustrated,Negative,4,frustrated->frustrated
0.898108,Low,tired,Negative,99,,style_prior_only,10,,Realism/0180060_IlyaRepin-ChurchandbelltowerinChuguyev.jpg,Realism_request-15325,"composition,color",False,track2_0349,public_duplicate,Low,calm,Positive,9,tired->calm
0.890531,Low,calm,Positive,99,,style_prior_only,10,,Ukiyo-e/89946_448042.jpg,Ukiyo-e_request-1504,"composition,color",True,track2_0350,public_duplicate,Low,calm,Positive,9,calm->calm
0.894646,Low,content,Positive,99,,style_prior_only,10,,Ukiyo-e/110521_595723.jpg,Ukiyo-e_request-1632,"composition,color",False,track2_0351,public_duplicate,High,excited,Positive,1,content->excited
0.867552,Low,sad,Negative,99,,style_prior_only,10,,"Naturalism/0180821_HarrietBacker-Evening,Interior.jpg",Naturalism_request-728,"composition,color",False,track2_0352,public_duplicate,Low,calm,Positive,8,sad->calm
0.904836,Low,calm,Positive,99,,style_prior_only,10,,Early Renaissance/0112348_FraAngelico-TheStoryofSt.NicholasGivingDowrytoThreePoorGirls.jpg,Early Renaissance_request-579,"composition,color",False,track2_0353,public_duplicate,Low,sad,Negative,1,calm->sad
0.936501,Low,calm,Positive,99,,same_series_style,10,,China_images/GetImageaVMGkOHtIFXRYuohpvlhFXym.jpeg,China_images_request-2048,"composition,color",True,track2_0354,public_duplicate,Low,calm,Positive,9,calm->calm
0.92481,Low,content,Positive,99,,style_prior_only,10,,China_images/FS-7476_02.jpg,China_images_request-1223,"composition,color",True,track2_0355,public_duplicate,Low,calm,Positive,7,content->calm
0.858318,High,aroused,Positive,99,,style_prior_only,10,,Abstract Expressionism/0052747_MorrisLouis-CharredJournalFirewrittenV.jpg,Abstract Expressionism_request-984,"composition,color",True,track2_0356,public_duplicate,High,excited,Positive,7,aroused->excited
0.952102,Low,calm,Positive,21,same_work_or_series_review,same_series_style,12,,Ukiyo-e/0156095_Hiroshige-58(52)SuddenShoweroverShin-ŌhashibridgeandAtake.jpg,Ukiyo-e_request-746,"composition,color",True,track2_0357,public_duplicate,Low,calm,Positive,11,calm->calm
0.902123,Low,calm,Positive,99,,style_prior_only,10,,Ukiyo-e/110521_595723.jpg,Ukiyo-e_request-1632,"composition,color",False,track2_0358,public_duplicate,High,excited,Positive,3,calm->excited
0.93725,High,frustrated,Negative,99,,same_series_style,10,,Expressionism/0078735_MaxPechstein-WomandesiredbyMan.jpg,Expressionism_request-4287,"composition,color",True,track2_0359,public_duplicate,High,frustrated,Negative,5,frustrated->frustrated
0.905951,Low,calm,Positive,99,,style_prior_only,10,,Realism/0053099_HenriFantin-Latour-Pansies.jpg,Realism_request-4105,"composition,color",True,track2_0360,public_duplicate,Low,content,Positive,5,calm->content
0.917204,High,excited,Positive,99,,style_prior_only,10,,Ukiyo-e/89839_447388.jpg,Ukiyo-e_request-1487,"composition,color",False,track2_0361,public_duplicate,Low,calm,Positive,8,excited->calm
0.944477,Low,calm,Positive,20,style_neighbor_review,same_series_style,11,,China_images/GetImageigAfNvPYZOVZCcuOpmCDRuXe.jpeg,China_images_request-2866,"composition,color",True,track2_0362,public_duplicate,Low,calm,Positive,10,calm->calm
0.947524,Low,calm,Positive,15,style_neighbor_review,same_series_style,11,,China_images/FS-5124_02.jpg,China_images_request-785,"composition,color",True,track2_0363,public_duplicate,Low,calm,Positive,11,calm->calm
0.918977,High,alarmed,Negative,99,,style_prior_only,10,,"Baroque/0102030_SalvatorRosa-SeatedFemaleNude,inSolitude.jpg",Baroque_request-4488,"composition,color",False,track2_0364,public_duplicate,Low,calm,Positive,6,alarmed->calm
0.926767,Low,calm,Positive,99,,style_prior_only,10,,China_images/GetImageBTyRcOosCOORcVBDuoWtKtML.jpeg,China_images_request-2144,"composition,color",True,track2_0365,public_duplicate,Low,calm,Positive,10,calm->calm
0.811988,High,excited,Positive,99,,style_prior_only,10,,Naïve Art (Primitivism)/0140850_LudwigBemelmans-Illustrationfor'TheHighWorld'.jpg,Naïve Art (Primitivism)_request-1878,"composition,color",True,track2_0366,public_duplicate,High,happy,Positive,2,excited->happy
0.843281,Low,content,Positive,99,,style_prior_only,10,,Ink and wash painting/0013349_TangYin-人物故事图.jpg,Ink and wash painting_request-28,"composition,color",True,track2_0367,public_duplicate,Low,content,Positive,1,content->content
0.940168,Low,calm,Positive,26,style_neighbor_review,same_series_style,11,,China_images/GetImageJkYyvErKWmcArMNsSpPJVHhG.jpeg,China_images_request-3014,"composition,color",True,track2_0368,public_duplicate,Low,content,Positive,3,calm->content
0.913616,High,annoyed,Negative,99,,style_prior_only,10,,Ukiyo-e/4268_1175513.jpg,Ukiyo-e_request-1092,"composition,color",False,track2_0369,public_duplicate,Low,calm,Positive,8,annoyed->calm
0.854985,Low,content,Positive,99,,style_prior_only,10,,Mannerism (Late Renaissance)/0174640_CornelisCort-AllegoryoftheArts.jpg,Mannerism (Late Renaissance)_request-2143,"composition,color",False,track2_0370,public_duplicate,High,excited,Positive,2,content->excited
0.944457,Low,calm,Positive,20,style_neighbor_review,same_series_style,11,,China_images/GetImagesASRUkpgMZgrPjgvyCUfRZlC.jpeg,China_images_request-4017,"composition,color",True,track2_0371,public_duplicate,Low,calm,Positive,10,calm->calm
0.937508,High,aroused,Positive,99,,style_prior_only,10,,Ukiyo-e/7992_1176593.jpg,Ukiyo-e_request-1111,"composition,color",True,track2_0372,public_duplicate,High,excited,Positive,3,aroused->excited
0.940811,Low,calm,Positive,26,style_neighbor_review,same_series_style,11,,China_images/FS-6694_04.jpg,China_images_request-715,"composition,color",True,track2_0373,public_duplicate,Low,calm,Positive,10,calm->calm
0.936525,Low,content,Positive,99,,same_series_style,10,,Ukiyo-e/88956_428052.jpg,Ukiyo-e_request-1466,"composition,color",True,track2_0374,public_duplicate,Low,calm,Positive,9,content->calm
0.877795,Low,calm,Positive,99,,style_prior_only,10,,Surrealism/0100734_AndreMasson-CaribbeanLandscape.jpg,Surrealism_request-2700,"composition,color",False,track2_0375,public_duplicate,High,excited,Positive,4,calm->excited
0.903947,Low,content,Positive,99,,style_prior_only,10,,Ukiyo-e/91361_458016.jpg,Ukiyo-e_request-1549,"composition,color",True,track2_0376,public_duplicate,Low,calm,Positive,7,content->calm
0.895614,Low,content,Positive,99,,style_prior_only,10,,Ukiyo-e/92081_462390.jpg,Ukiyo-e_request-1561,"composition,color",True,track2_0377,public_duplicate,Low,content,Positive,2,content->content
0.890055,High,alarmed,Negative,99,,style_prior_only,10,,Romanticism/0108512_AlbrechtAdam-BattleofOstrovno1812.jpg,Romanticism_request-9414,"composition,color",False,track2_0378,public_duplicate,Low,sad,Negative,2,alarmed->sad
0.880562,Low,content,Positive,99,,style_prior_only,10,,Art Informel/0113283_AntoniTapies-Angleettaches.jpg,Art Informel_request-961,"composition,color",False,track2_0379,public_duplicate,High,frustrated,Negative,3,content->frustrated
0.935641,High,alarmed,Negative,99,,same_series_style,10,,Ukiyo-e/110607_596291.jpg,Ukiyo-e_request-1636,"composition,color",False,track2_0380,public_duplicate,Low,calm,Positive,7,alarmed->calm
0.905984,Low,content,Positive,99,,style_prior_only,10,,Ukiyo-e/79557_434322.jpg,Ukiyo-e_request-1427,"composition,color",True,track2_0381,public_duplicate,Low,calm,Positive,8,content->calm
0.950433,Low,content,Positive,28,same_work_or_series_review,same_series_style,12,,Abstract Expressionism/0055658_MarkRothko-Untitled.jpg,Abstract Expressionism_request-1048,"composition,color",False,track2_0382,public_duplicate,High,excited,Positive,7,content->excited
0.840865,Low,calm,Positive,99,,style_prior_only,10,,Academicism/0037378_William-AdolpheBouguereau-Studyoffacesaftertheantique.jpg,Academicism_request-684,"composition,color",True,track2_0383,public_duplicate,Low,calm,Positive,8,calm->calm
0.892534,Low,calm,Positive,99,,style_prior_only,10,,China_images/GetImagesTEbRqHzqkRvjBZpdcvTDRJP.jpeg,China_images_request-4114,"composition,color",True,track2_0384,public_duplicate,Low,calm,Positive,10,calm->calm
0.880785,Low,calm,Positive,99,,style_prior_only,10,,China_images/GetImagesWEpGOoUOsHoZayfEuKPZyFU.jpeg,China_images_request-4130,"composition,color",True,track2_0385,public_duplicate,Low,calm,Positive,8,calm->calm
0.871464,Low,calm,Positive,99,,style_prior_only,10,,Rococo/0111707_Charles-AndrevanLoo(CarlevanLoo)-StandingMan.jpg,Rococo_request-2296,"composition,color",True,track2_0386,public_duplicate,Low,calm,Positive,10,calm->calm
0.951365,Low,calm,Positive,34,strong_neighbor_ge095,same_series_style,12,"The image depicts a traditional landscape painting with jagged mountains, flowing streams, and sparse trees. The scene exudes tranquility, rendered in soft hues, capturing the serene essence of nature within a vertical composition.",China_images/FS-5847_02.jpg,China_images_request-208,"composition,color",True,track2_0387,public_duplicate,Low,calm,Positive,12,calm->calm
0.906394,Low,calm,Positive,99,,style_prior_only,10,,Cubism/0103903_LyonelFeininger-MarinefromTheFirstPortfolio(DieersteMappe).jpg,Cubism_request-1395,"composition,color",False,track2_0388,public_duplicate,High,excited,Positive,3,calm->excited
0.945637,Low,calm,Positive,27,style_neighbor_review,same_series_style,11,,China_images/GetImagebljnaQcFQAcCBygdCcgAhdWw.jpeg,China_images_request-2111,"composition,color",True,track2_0389,public_duplicate,Low,calm,Positive,9,calm->calm
0.877162,Low,calm,Positive,99,,style_prior_only,10,,China_images/FS-F1968.22_006.jpg,China_images_request-85,"composition,color",True,track2_0390,public_duplicate,Low,calm,Positive,10,calm->calm
0.961891,Low,calm,Positive,2,visual_duplicate_likely,exact_same_work,13,,China_images/GetImageoNabQNFIlMOSuQGKdHQMPBPl.jpeg,China_images_request-3622,"composition,color",True,track2_0391,public_duplicate,Low,calm,Positive,12,calm->calm
0.938628,Low,calm,Positive,99,,same_series_style,10,,Ukiyo-e/0065158_KitagawaUtamaro-Thefourvirtues.jpg,Ukiyo-e_request-300,"composition,color",True,track2_0392,public_duplicate,Low,calm,Positive,9,calm->calm
0.933404,Low,calm,Positive,99,,same_series_style,10,,China_images/GetImageJKFlNPSMWkxfbktFSgITCGlT.jpeg,China_images_request-3010,"composition,color",True,track2_0393,public_duplicate,Low,calm,Positive,9,calm->calm
0.885623,High,aroused,Positive,99,,style_prior_only,10,,Mannerism (Late Renaissance)/0097216_BartolomeoPasserotti-MaleNude.jpg,Mannerism (Late Renaissance)_request-1168,"composition,color",False,track2_0394,public_duplicate,Low,calm,Positive,8,aroused->calm
0.928877,Low,calm,Positive,99,,style_prior_only,10,,Cubism/0103210_MarioPrassinos-Cafetiere.jpg,Cubism_request-1385,"composition,color",False,track2_0395,public_duplicate,High,frustrated,Negative,2,calm->frustrated
0.937778,Low,content,Positive,99,,same_series_style,10,,China_images/GetImagegkitaNJQyILhXjjwtTGLVYev.jpeg,China_images_request-2648,"composition,color",True,track2_0396,public_duplicate,Low,calm,Positive,10,content->calm
0.881565,High,excited,Positive,99,,style_prior_only,10,,Tachisme/0060174_AlexandreIstrati-Untitled.jpg,Tachisme_request-141,"composition,color",True,track2_0397,public_duplicate,High,excited,Positive,7,excited->excited
0.92233,Low,calm,Positive,99,,style_prior_only,10,,China_images/GetImageUskkWrdUivKiEuuWYOQbDNmH.jpeg,China_images_request-4367,"composition,color",True,track2_0398,public_duplicate,Low,calm,Positive,10,calm->calm
0.93242,Low,calm,Positive,99,,same_series_style,10,,China_images/GetImageKSnPPFiwriScvZSaLkbLQQii.jpeg,China_images_request-3173,"composition,color",True,track2_0399,public_duplicate,Low,calm,Positive,8,calm->calm
0.929613,Low,calm,Positive,99,,style_prior_only,10,,Ukiyo-e/dscn2042.jpg,Ukiyo-e_request-2044,"composition,color",True,track2_0400,public_duplicate,Low,calm,Positive,9,calm->calm
0.889539,High,annoyed,Negative,99,,style_prior_only,10,,Ukiyo-e/88904_427335.jpg,Ukiyo-e_request-1462,"composition,color",False,track2_0401,public_duplicate,High,excited,Positive,2,annoyed->excited
0.919483,Low,calm,Positive,99,,style_prior_only,10,,China_images/FS-5715_06.jpg,China_images_request-773,"composition,color",True,track2_0402,public_duplicate,Low,calm,Positive,10,calm->calm
0.928906,Low,calm,Positive,99,,style_prior_only,10,,China_images/FS-7413_13.jpg,China_images_request-579,"composition,color",True,track2_0403,public_duplicate,Low,calm,Positive,9,calm->calm
0.908021,Low,calm,Positive,99,,style_prior_only,10,,China_images/FS-5755_13.jpg,China_images_request-915,"composition,color",True,track2_0404,public_duplicate,Low,calm,Positive,9,calm->calm
0.930852,Low,calm,Positive,99,,same_series_style,10,,Ukiyo-e/0011083_KitagawaUtamaro-Oneoutofaseriesofsix.jpg,Ukiyo-e_request-20,"composition,color",True,track2_0405,public_duplicate,Low,calm,Positive,8,calm->calm
0.92979,Low,calm,Positive,99,,style_prior_only,10,,China_images/FS-7458_17.jpg,China_images_request-40,"composition,color",True,track2_0406,public_duplicate,Low,calm,Positive,6,calm->calm
0.908953,Low,calm,Positive,99,,style_prior_only,10,,China_images/GetImageJHTwDrxvjFOkvdNbHJZOlNwM.jpeg,China_images_request-3001,"composition,color",True,track2_0407,public_duplicate,Low,calm,Positive,10,calm->calm
0.860726,Low,sad,Negative,99,,style_prior_only,10,,Pop Art/0144340_BeatrizGonzález-VerticalDisplacement.jpg,Pop Art_request-1600,"composition,color",False,track2_0408,public_duplicate,Low,calm,Positive,2,sad->calm
0.897656,Low,calm,Positive,99,,style_prior_only,10,,Ukiyo-e/1292_1175303.jpg,Ukiyo-e_request-1076,"composition,color",True,track2_0409,public_duplicate,Low,calm,Positive,5,calm->calm
0.932889,Low,content,Positive,99,,same_series_style,10,,China_images/GetImagexWOFXFiIXtScinzkXQrBSXrB.jpeg,China_images_request-1701,"composition,color",True,track2_0410,public_duplicate,Low,calm,Positive,9,content->calm
0.925607,Low,calm,Positive,99,,style_prior_only,10,,China_images/GetImageodAAUSGWxhnQkONMobukasLK.jpeg,China_images_request-3577,"composition,color",True,track2_0411,public_duplicate,Low,calm,Positive,9,calm->calm
0.931885,High,alarmed,Negative,99,,same_series_style,10,,Rococo/0045510_Charles-AndrevanLoo(CarlevanLoo)-SittingMan.jpg,Rococo_request-860,"composition,color",False,track2_0412,public_duplicate,Low,calm,Positive,6,alarmed->calm
0.903831,Low,content,Positive,99,,style_prior_only,10,,Ukiyo-e/0065158_KitagawaUtamaro-Thefourvirtues.jpg,Ukiyo-e_request-300,"composition,color",True,track2_0413,public_duplicate,Low,calm,Positive,9,content->calm
0.865295,Low,calm,Positive,99,,style_prior_only,10,,Academicism/0030764_MariàFortuny-Malenudebackwiththearmextended.jpg,Academicism_request-533,"composition,color",True,track2_0414,public_duplicate,Low,calm,Positive,7,calm->calm
0.948247,Low,calm,Positive,30,style_neighbor_review,same_series_style,11,,China_images/GetImageigAfNvPYZOVZCcuOpmCDRuXe.jpeg,China_images_request-2866,"composition,color",True,track2_0415,public_duplicate,Low,calm,Positive,11,calm->calm
0.891041,Low,calm,Positive,99,,style_prior_only,10,,China_images/FS-7454_47.jpg,China_images_request-328,"composition,color",True,track2_0416,public_duplicate,Low,calm,Positive,9,calm->calm
0.920595,Low,content,Positive,99,,style_prior_only,10,,China_images/GetImagecJnbPQXQWhtPCIkEELUSgIlo.jpeg,China_images_request-2217,"composition,color",True,track2_0417,public_duplicate,Low,calm,Positive,10,content->calm
0.804374,High,annoyed,Negative,99,,style_prior_only,10,,Romanticism/0122002_EdwardBurne-Jones-HeadStudyforTheMasqueofCupid.jpg,Romanticism_request-10668,"composition,color",False,track2_0418,public_duplicate,Low,sad,Negative,2,annoyed->sad
0.893037,Low,calm,Positive,99,,style_prior_only,10,,Baroque/0103702_CornelisSaftleven-riverlandscapewithfigures.jpg,Baroque_request-4573,"composition,color",True,track2_0419,public_duplicate,Low,calm,Positive,7,calm->calm
0.86936,Low,sad,Negative,99,,style_prior_only,10,,Realism/0152845_CharlesJacque-Lavue.jpg,Realism_request-12945,"composition,color",False,track2_0420,public_duplicate,Low,calm,Positive,7,sad->calm
0.917404,Low,calm,Positive,99,,style_prior_only,10,,Ukiyo-e/101065_526087.jpg,Ukiyo-e_request-1046,"composition,color",True,track2_0421,public_duplicate,Low,calm,Positive,8,calm->calm
0.917493,Low,calm,Positive,99,,style_prior_only,10,,China_images/FS-7478_04.jpg,China_images_request-1086,"composition,color",True,track2_0422,public_duplicate,Low,calm,Positive,9,calm->calm
0.927486,High,alarmed,Negative,99,,style_prior_only,10,,Ukiyo-e/0146985_TōshūsaiSharaku-SakataHangorōIIIasYahazunoYahatei.jpg,Ukiyo-e_request-703,"composition,color",False,track2_0423,public_duplicate,Low,calm,Positive,7,alarmed->calm
0.841312,Low,content,Positive,99,,style_prior_only,10,,Realism/0009167_OctavBăncilă-StillLifewithFruits.jpg,Realism_request-284,"composition,color",True,track2_0424,public_duplicate,Low,content,Positive,6,content->content
0.914263,High,alarmed,Negative,99,,style_prior_only,10,,Ukiyo-e/0171714_UtagawaToyokuni-SegawaKikunojoIIIandBandoMitsugoroII.jpg,Ukiyo-e_request-831,"composition,color",False,track2_0425,public_duplicate,Low,calm,Positive,8,alarmed->calm
0.937396,Low,calm,Positive,99,,same_series_style,10,,China_images/GetImageDiFMPaHcsImtmtPdlHQfVTpW.jpeg,China_images_request-2317,"composition,color",True,track2_0426,public_duplicate,Low,calm,Positive,10,calm->calm
0.915251,Low,calm,Positive,99,,style_prior_only,10,,China_images/GetImageqthyNXOaEfymKveWmIuXNIYC.jpeg,China_images_request-3877,"composition,color",True,track2_0427,public_duplicate,Low,content,Positive,2,calm->content
0.920436,Low,content,Positive,99,,style_prior_only,10,,Early Renaissance/0011887_AmbrogioBergognone-TheVirginandChild.jpg,Early Renaissance_request-24,"composition,color",True,track2_0428,public_duplicate,Low,calm,Positive,7,content->calm
0.934376,Low,calm,Positive,99,,style_prior_only,10,,China_images/GetImageJkYyvErKWmcArMNsSpPJVHhG.jpeg,China_images_request-3014,"composition,color",True,track2_0429,public_duplicate,Low,content,Positive,4,calm->content
0.934214,Low,calm,Positive,99,,same_series_style,10,,Korea/bon000291-000-0001.jpg,Korea_request-6,"composition,color",True,track2_0430,public_duplicate,Low,calm,Positive,8,calm->calm
0.884172,High,happy,Positive,99,,style_prior_only,10,,China_images/GetImageTqRkTuIsUIgJuBgzEICWfKsD.jpeg,China_images_request-4239,"composition,color",False,track2_0431,public_duplicate,Low,content,Positive,4,happy->content
0.903601,Low,content,Positive,99,,style_prior_only,10,,China_images/GetImageEfWBJsMYqbnwBcDCAQIrVbFm.jpeg,China_images_request-2423,"composition,color",True,track2_0432,public_duplicate,Low,calm,Positive,9,content->calm
0.873476,Low,content,Positive,99,,style_prior_only,10,,Ukiyo-e/0014753_Hiroshige-51(65)TheSannōFestivalProcessionatKōjimachiItchōme.jpg,Ukiyo-e_request-42,"composition,color",True,track2_0433,public_duplicate,Low,calm,Positive,9,content->calm
0.919275,Low,content,Positive,99,,style_prior_only,10,,Realism/0161154_HenriFantin-Latour-Roses.jpg,Realism_request-13709,"composition,color",True,track2_0434,public_duplicate,Low,calm,Positive,5,content->calm
0.898088,Low,sad,Negative,99,,style_prior_only,10,,Early Renaissance/0119681_FraAngelico-TheStoryofSt.Nicholas.BirthofSt.Nicholas.jpg,Early Renaissance_request-620,"composition,color",False,track2_0435,public_duplicate,Low,content,Positive,1,sad->content
0.928839,Low,calm,Positive,99,,style_prior_only,10,,China_images/GetImageUpUVosHRtfkPJqtLvxwtiIhK.jpeg,China_images_request-4359,"composition,color",True,track2_0436,public_duplicate,Low,content,Positive,1,calm->content
0.922229,Low,content,Positive,99,,style_prior_only,10,,China_images/GetImageayauJEFKnpQKCIaxlRtyqMql.jpeg,China_images_request-2056,"composition,color",True,track2_0437,public_duplicate,Low,calm,Positive,9,content->calm
0.867219,Low,calm,Positive,99,,style_prior_only,10,,Baroque/0108911_GiovanniBattistaGaulli-StudyforaYoungManDancing.jpg,Baroque_request-4846,"composition,color",True,track2_0438,public_duplicate,Low,calm,Positive,10,calm->calm
0.860032,Low,content,Positive,99,,style_prior_only,10,,Art Informel/0131710_JeanReneBazaine-Composition.jpg,Art Informel_request-1117,"composition,color",False,track2_0439,public_duplicate,High,excited,Positive,4,content->excited
0.908818,High,frustrated,Negative,99,,style_prior_only,10,,Art Informel/0098788_KarlOttoGotz-Untitled.jpg,Art Informel_request-833,"composition,color",False,track2_0440,public_duplicate,High,excited,Positive,2,frustrated->excited
0.894695,High,annoyed,Negative,99,,style_prior_only,10,,China_images/GetImagezrXcfkvqarswiDVavekZrNHk.jpeg,China_images_request-1913,"composition,color",False,track2_0441,public_duplicate,Low,calm,Positive,10,annoyed->calm
0.927019,Low,content,Positive,99,,style_prior_only,10,,China_images/GetImageZEhSRTkbqUnlAhGbYXpGYIiX.jpeg,China_images_request-1854,"composition,color",True,track2_0442,public_duplicate,Low,calm,Positive,8,content->calm
0.926654,Low,content,Positive,99,,style_prior_only,10,,China_images/GetImageNpKzqvGfYiPrmaWYCRUMRAoC.jpeg,China_images_request-3524,"composition,color",True,track2_0443,public_duplicate,Low,content,Positive,2,content->content
0.910255,High,alarmed,Negative,99,,style_prior_only,10,,Romanticism/0032101_JohanChristianDahl-ShipwreckontheCoastofNorway.jpg,Romanticism_request-2458,"composition,color",True,track2_0444,public_duplicate,High,alarmed,Negative,9,alarmed->alarmed
0.912615,Low,calm,Positive,99,,style_prior_only,10,,China_images/GetImagepbZxWtDrqlUQMwAvgnoRoHsm.jpeg,China_images_request-3685,"composition,color",True,track2_0445,public_duplicate,Low,calm,Positive,10,calm->calm
0.969444,Low,calm,Positive,3,visual_duplicate_likely,exact_same_work,13,,China_images/GetImageWKJSMdBqjnaLbYBeVhrZUtfw.jpeg,China_images_request-4570,"composition,color",True,track2_0446,public_duplicate,Low,calm,Positive,13,calm->calm
0.907098,Low,content,Positive,99,,style_prior_only,10,,China_images/GetImageQhhcDfAQPNanTdsZWtOwEgXr.jpeg,China_images_request-3826,"composition,color",True,track2_0447,public_duplicate,Low,calm,Positive,8,content->calm
0.91999,Low,content,Positive,99,,style_prior_only,10,,Ukiyo-e/91361_458016.jpg,Ukiyo-e_request-1549,"composition,color",True,track2_0448,public_duplicate,Low,calm,Positive,9,content->calm
0.914216,High,excited,Positive,99,,style_prior_only,10,,Korea/duk004481-00-01.jpg,Korea_request-181,"composition,color",False,track2_0449,public_duplicate,Low,calm,Positive,7,excited->calm
0.823559,Low,tired,Negative,99,,style_prior_only,10,,Rococo/0157339_ThomasGainsborough-Studyofwillows.jpg,Rococo_request-3372,"composition,color",False,track2_0450,public_duplicate,Low,calm,Positive,5,tired->calm
0.903194,Low,content,Positive,99,,style_prior_only,10,,China_images/GetImageHADbbDkKfwtwkhjfBMfnAroy.jpeg,China_images_request-2716,"composition,color",True,track2_0451,public_duplicate,Low,content,Positive,2,content->content
0.915789,Low,calm,Positive,99,,style_prior_only,10,,China_images/FS-6127_05.jpg,China_images_request-346,"composition,color",True,track2_0452,public_duplicate,Low,calm,Positive,10,calm->calm
0.910937,High,happy,Positive,99,,style_prior_only,10,,Ukiyo-e/92089_462438.jpg,Ukiyo-e_request-971,"composition,color",False,track2_0453,public_duplicate,Low,calm,Positive,7,happy->calm
0.878011,Low,calm,Positive,99,,style_prior_only,10,,China_images/GetImagebwExXmAzrypkUfmTorLGWOfs.jpeg,China_images_request-2152,"composition,color",True,track2_0454,public_duplicate,Low,calm,Positive,8,calm->calm
0.928831,Low,content,Positive,99,,style_prior_only,10,,China_images/GetImageVprDDWlETigioFayOYttvmNC.jpeg,China_images_request-4476,"composition,color",True,track2_0455,public_duplicate,Low,content,Positive,1,content->content
0.935129,Low,calm,Positive,99,,same_series_style,10,,China_images/FS-5667_11.jpg,China_images_request-1115,"composition,color",True,track2_0456,public_duplicate,Low,calm,Positive,10,calm->calm
0.881374,Low,calm,Positive,99,,style_prior_only,10,,"Baroque/0098403_GaspardeCrayer-SaintBenedictreceivingTotila,KingoftheOstrogoths.jpg",Baroque_request-4305,"composition,color",False,track2_0457,public_duplicate,High,excited,Positive,3,calm->excited
0.912464,High,aroused,Positive,99,,style_prior_only,10,,China_images/GetImagetEqWEGKuBPULorEPcAopoWDY.jpeg,China_images_request-4180,"composition,color",False,track2_0458,public_duplicate,Low,calm,Positive,10,aroused->calm
0.868673,Low,calm,Positive,99,,style_prior_only,10,,Romanticism/0061639_FranzRichardUnterberger-ThunderingWaterfall.jpg,Romanticism_request-5142,"composition,color",False,track2_0459,public_duplicate,High,excited,Positive,2,calm->excited
0.930897,Low,calm,Positive,99,,style_prior_only,10,,Ukiyo-e/76434_621261.jpg,Ukiyo-e_request-1417,"composition,color",False,track2_0460,public_duplicate,High,excited,Positive,3,calm->excited
0.905986,Low,calm,Positive,99,,style_prior_only,10,,China_images/GetImageGENiuuwHStWZtzpDqYWBSMqZ.jpeg,China_images_request-2611,"composition,color",True,track2_0461,public_duplicate,Low,calm,Positive,10,calm->calm
0.895368,Low,calm,Positive,99,,style_prior_only,10,,"Abstract Art/0085856_FernandodeSzyszlo-Ellugar,losinstrumentosI.jpg",Abstract Art_request-852,"composition,color",True,track2_0462,public_duplicate,Low,calm,Positive,8,calm->calm
0.937707,Low,calm,Positive,99,,same_series_style,10,,China_images/FS-F1968.22_006.jpg,China_images_request-85,"composition,color",True,track2_0463,public_duplicate,Low,calm,Positive,8,calm->calm
0.905872,Low,bored,Negative,99,,style_prior_only,10,,Expressionism/0110592_PierreAlechinsky-Loudspeaker(Hautparleur).jpg,Expressionism_request-6199,"composition,color",False,track2_0464,public_duplicate,High,frustrated,Negative,2,bored->frustrated
0.904112,Low,calm,Positive,99,,style_prior_only,10,,China_images/GetImagetMOTOPxXxTLzhQjteckvIRZC.jpeg,China_images_request-4219,"composition,color",True,track2_0465,public_duplicate,Low,calm,Positive,8,calm->calm
0.908877,Low,calm,Positive,99,,style_prior_only,10,,China_images/FS-7491_01.jpg,China_images_request-447,"composition,color",True,track2_0466,public_duplicate,Low,content,Positive,1,calm->content
0.884809,Low,calm,Positive,99,,style_prior_only,10,,China_images/FS-7462_16.jpg,China_images_request-1512,"composition,color",True,track2_0467,public_duplicate,Low,calm,Positive,9,calm->calm
0.906043,Low,calm,Positive,99,,style_prior_only,10,,Mannerism (Late Renaissance)/0164982_Titian-PortraitofCardinalCristoforoMadruzzo.jpg,Mannerism (Late Renaissance)_request-2008,"composition,color",True,track2_0468,public_duplicate,Low,calm,Positive,9,calm->calm
0.904798,Low,calm,Positive,99,,style_prior_only,10,,China_images/GetImageacJzFmzQzcIIPvfMDxzPknRP.jpeg,China_images_request-1962,"composition,color",True,track2_0469,public_duplicate,Low,calm,Positive,10,calm->calm
0.883947,Low,calm,Positive,99,,style_prior_only,10,,China_images/FS-7490_26.jpg,China_images_request-342,"composition,color",True,track2_0470,public_duplicate,Low,calm,Positive,9,calm->calm
0.924204,Low,content,Positive,99,,style_prior_only,10,,Ukiyo-e/0104580_UtagawaToyokuni-TheactorsMatsumotoYonesaburôIandNakamuraDenkurôIV.jpg,Ukiyo-e_request-508,"composition,color",True,track2_0471,public_duplicate,Low,calm,Positive,6,content->calm
0.932831,Low,calm,Positive,99,,style_prior_only,10,,Rococo/0046356_Charles-AndrevanLoo(CarlevanLoo)-LifeDrawing.jpg,Rococo_request-882,"composition,color",True,track2_0472,public_duplicate,Low,calm,Positive,4,calm->calm
0.899804,Low,calm,Positive,99,,style_prior_only,10,,Ukiyo-e/0119765_OgataGekko-Nihonhanazue.jpg,Ukiyo-e_request-571,"composition,color",True,track2_0473,public_duplicate,Low,calm,Positive,10,calm->calm
0.936434,Low,calm,Positive,99,,same_series_style,10,,China_images/FS-7413_12.jpg,China_images_request-721,"composition,color",True,track2_0474,public_duplicate,Low,calm,Positive,9,calm->calm
0.94163,Low,content,Positive,32,style_neighbor_review,same_series_style,11,,China_images/GetImagebljnaQcFQAcCBygdCcgAhdWw.jpeg,China_images_request-2111,"composition,color",True,track2_0475,public_duplicate,Low,calm,Positive,8,content->calm
0.876274,High,alarmed,Negative,99,,style_prior_only,10,,Early Renaissance/0144745_FilippinoLippi-EstherChoisieParAssuérus.jpg,Early Renaissance_request-758,"composition,color",False,track2_0476,public_duplicate,Low,calm,Positive,6,alarmed->calm
0.928389,Low,content,Positive,99,,style_prior_only,10,,"Ukiyo-e/0118512_ToyotaHokkei-Carpenter(Banjo),fromtheseriesTenKindsofPeople(Jinbutsujûbantsuzuki).jpg",Ukiyo-e_request-563,"composition,color",True,track2_0477,public_duplicate,Low,calm,Positive,8,content->calm
0.877232,Low,calm,Positive,99,,style_prior_only,10,,Ukiyo-e/0101519_ToyotaHokkei-Inrōandfan.jpg,Ukiyo-e_request-490,"composition,color",True,track2_0478,public_duplicate,Low,calm,Positive,9,calm->calm
0.871055,High,alarmed,Negative,99,,style_prior_only,10,,Romanticism/0022496_RosarioWeissZorrilla-ElGenioDeLaLibertad.jpg,Romanticism_request-1569,"composition,color",False,track2_0479,public_duplicate,High,excited,Positive,2,alarmed->excited
0.872649,High,alarmed,Negative,99,,style_prior_only,10,,Realism/0152845_CharlesJacque-Lavue.jpg,Realism_request-12945,"composition,color",False,track2_0480,public_duplicate,Low,calm,Positive,6,alarmed->calm
0.905724,Low,content,Positive,99,,style_prior_only,10,,China_images/GetImageDOlCstOygpxTXOQQxSmxSskn.jpeg,China_images_request-2344,"composition,color",True,track2_0481,public_duplicate,Low,calm,Positive,9,content->calm
0.902185,Low,bored,Negative,99,,style_prior_only,10,,Lyrical Abstraction/0057343_GustaveSingier-Untitled.jpg,Lyrical Abstraction_request-226,"composition,color",False,track2_0482,public_duplicate,High,excited,Positive,1,bored->excited
0.92358,Low,content,Positive,99,,style_prior_only,10,,Ukiyo-e/0059987_TōshūsaiSharaku-ActorYamashitaKinsakuIIasSadato'sWifeIwate.jpg,Ukiyo-e_request-276,"composition,color",True,track2_0483,public_duplicate,Low,content,Positive,2,content->content
0.939659,Low,calm,Positive,99,,same_series_style,10,,China_images/FS-7413_13.jpg,China_images_request-579,"composition,color",True,track2_0484,public_duplicate,Low,calm,Positive,10,calm->calm
0.889118,Low,calm,Positive,99,,style_prior_only,10,,Academicism/0144405_JuliusSchmid-StefanieFürth.jpg,Academicism_request-3055,"composition,color",True,track2_0485,public_duplicate,Low,calm,Positive,10,calm->calm
0.896703,High,frustrated,Negative,99,,style_prior_only,10,,Abstract Expressionism/0137857_NínaTryggvadóttir-DeconstructionPieceNo.14(NT-CP-50-21).jpg,Abstract Expressionism_request-2850,"composition,color",True,track2_0486,public_duplicate,High,frustrated,Negative,2,frustrated->frustrated
0.962168,Low,calm,Positive,39,same_work_or_series_review,near_same_work,12,,China_images/FS-5887_10.jpg,China_images_request-1017,"composition,color",True,track2_0487,public_duplicate,Low,calm,Positive,12,calm->calm
0.929025,High,excited,Positive,99,,style_prior_only,10,,Ukiyo-e/91446_458526.jpg,Ukiyo-e_request-1556,"composition,color",False,track2_0488,public_duplicate,Low,calm,Positive,7,excited->calm
0.934048,Low,content,Positive,99,,same_series_style,10,,Ukiyo-e/0171714_UtagawaToyokuni-SegawaKikunojoIIIandBandoMitsugoroII.jpg,Ukiyo-e_request-831,"composition,color",True,track2_0489,public_duplicate,Low,calm,Positive,10,content->calm
0.903898,Low,calm,Positive,99,,style_prior_only,10,,China_images/FS-5413_01.jpg,China_images_request-1532,"composition,color",True,track2_0490,public_duplicate,Low,calm,Positive,9,calm->calm
0.88436,High,annoyed,Negative,99,,style_prior_only,10,,Early Renaissance/0144578_AntonellodaMessina-PortraitofaMan.jpg,Early Renaissance_request-754,"composition,color",False,track2_0491,public_duplicate,Low,calm,Positive,9,annoyed->calm
0.938363,Low,calm,Positive,99,,same_series_style,10,,China_images/FS-7271_18.jpg,China_images_request-959,"composition,color",True,track2_0492,public_duplicate,Low,calm,Positive,8,calm->calm
0.926617,Low,content,Positive,99,,style_prior_only,10,,China_images/FS-7994_12.jpg,China_images_request-1117,"composition,color",True,track2_0493,public_duplicate,Low,calm,Positive,8,content->calm
0.930989,Low,content,Positive,99,,same_series_style,10,,China_images/GetImageiguENiJPnGyScwJXZItCSdBd.jpeg,China_images_request-2871,"composition,color",True,track2_0494,public_duplicate,Low,calm,Positive,9,content->calm
0.956228,Low,calm,Positive,28,strong_neighbor_ge095,same_series_style,12,"The artwork features delicate blossoms intricately painted, surrounded by lush, verdant leaves. The flowers cascade gently, exuding an air of elegance and serenity against a neutral background, embodying the harmony between nature and art.",China_images/GetImagebljnaQcFQAcCBygdCcgAhdWw.jpeg,China_images_request-2111,"composition,color",True,track2_0495,public_duplicate,Low,calm,Positive,9,calm->calm
0.932469,Low,calm,Positive,99,,same_series_style,10,,China_images/GetImageigAfNvPYZOVZCcuOpmCDRuXe.jpeg,China_images_request-2866,"composition,color",True,track2_0496,public_duplicate,Low,calm,Positive,8,calm->calm
0.935406,Low,calm,Positive,99,,same_series_style,10,,China_images/FS-5568_12.jpg,China_images_request-711,"composition,color",True,track2_0497,public_duplicate,Low,calm,Positive,10,calm->calm
0.912228,Low,calm,Positive,99,,style_prior_only,10,,China_images/GetImagepbZxWtDrqlUQMwAvgnoRoHsm.jpeg,China_images_request-3685,"composition,color",True,track2_0498,public_duplicate,Low,calm,Positive,8,calm->calm
0.91411,High,frustrated,Negative,99,,style_prior_only,10,,Cubism/0142785_OttoGustavCarlsund-Framförtoalettspegeln.jpg,Cubism_request-1954,"composition,color",True,track2_0499,public_duplicate,High,frustrated,Negative,5,frustrated->frustrated
0.943722,Low,calm,Positive,27,style_neighbor_review,same_series_style,11,,Ink and wash painting/0066843_LiTang-SittingonRocksGazingattheMist.jpg,Ink and wash painting_request-194,"composition,color",True,track2_0500,public_duplicate,Low,calm,Positive,9,calm->calm
0.910035,Low,calm,Positive,99,,style_prior_only,10,,Ukiyo-e/m03801.jpg,Ukiyo-e_request-2201,"composition,color",True,track2_0501,public_duplicate,Low,calm,Positive,10,calm->calm
0.901839,Low,content,Positive,99,,style_prior_only,10,,"Baroque/0094172_JuanvanderHamen-Appelen,Kweeperen,PruimenEnKerseninEenKorf.jpg",Baroque_request-4128,"composition,color",True,track2_0502,public_duplicate,Low,calm,Positive,5,content->calm
0.891135,Low,content,Positive,99,,style_prior_only,10,,Realism/0172001_AbbottHandersonThayer-Chadwick’sDog.jpg,Realism_request-14623,"composition,color",True,track2_0503,public_duplicate,Low,content,Positive,2,content->content
0.878375,Low,tired,Negative,99,,style_prior_only,10,,Expressionism/0118874_AntonHeyboer-LeftWomanBehindAsThime.jpg,Expressionism_request-6719,"composition,color",True,track2_0504,public_duplicate,Low,sad,Negative,4,tired->sad
0.946175,Low,tired,Negative,30,style_neighbor_review,same_series_style,11,,China_images/FS-8380_21.jpg,China_images_request-1373,"composition,color",False,track2_0505,public_duplicate,Low,calm,Positive,10,tired->calm
0.878178,Low,calm,Positive,99,,style_prior_only,10,,Cubism/0185027_ArshileGorky-Composition.jpg,Cubism_request-2558,"composition,color",False,track2_0506,public_duplicate,High,excited,Positive,5,calm->excited
0.878954,Low,calm,Positive,99,,style_prior_only,10,,Early Renaissance/0144745_FilippinoLippi-EstherChoisieParAssuérus.jpg,Early Renaissance_request-758,"composition,color",True,track2_0507,public_duplicate,Low,calm,Positive,6,calm->calm
0.911924,Low,sad,Negative,99,,style_prior_only,10,,Rococo/0045510_Charles-AndrevanLoo(CarlevanLoo)-SittingMan.jpg,Rococo_request-860,"composition,color",False,track2_0508,public_duplicate,Low,calm,Positive,4,sad->calm
0.955758,Low,calm,Positive,29,strong_neighbor_ge095,same_series_style,12,"The artwork depicts a tranquil landscape, enveloped in soft mist, with gentle mountains, winding rivers, and lush trees. The serene scene is adorned with delicate calligraphy, creating a harmonious blend of nature and art.",China_images/GetImageEleyOjnqstrAuHmdbjfbaqqA.jpeg,China_images_request-2447,"composition,color",True,track2_0509,public_duplicate,Low,calm,Positive,11,calm->calm
0.948866,Low,calm,Positive,16,style_neighbor_review,same_series_style,11,,Ink and wash painting/0066843_LiTang-SittingonRocksGazingattheMist.jpg,Ink and wash painting_request-194,"composition,color",True,track2_0510,public_duplicate,Low,calm,Positive,11,calm->calm
0.938347,High,annoyed,Negative,99,,same_series_style,10,,Ukiyo-e/0106446_UtagawaToyokuniII-ThekabukiactorSegawaKikunojoVasOkuniGozen.jpg,Ukiyo-e_request-514,"composition,color",False,track2_0511,public_duplicate,Low,calm,Positive,7,annoyed->calm
0.885916,Low,calm,Positive,99,,style_prior_only,10,,China_images/FS-8194_19.jpg,China_images_request-1318,"composition,color",True,track2_0512,public_duplicate,Low,calm,Positive,8,calm->calm
0.949143,Low,content,Positive,33,style_neighbor_review,same_series_style,11,,China_images/GetImagenuEuImzOVWIFnwYjmSeEKwDD.jpeg,China_images_request-3546,"composition,color",True,track2_0513,public_duplicate,Low,calm,Positive,7,content->calm
0.932663,Low,calm,Positive,99,,same_series_style,10,,China_images/FS-7518_35.jpg,China_images_request-1231,"composition,color",True,track2_0514,public_duplicate,Low,calm,Positive,10,calm->calm
0.929336,Low,content,Positive,99,,style_prior_only,10,,China_images/FS-7472_04.jpg,China_images_request-878,"composition,color",True,track2_0515,public_duplicate,Low,calm,Positive,8,content->calm
0.877523,Low,content,Positive,99,,style_prior_only,10,,China_images/FS-7480_02.jpg,China_images_request-1533,"composition,color",True,track2_0516,public_duplicate,Low,calm,Positive,10,content->calm
0.902647,Low,content,Positive,99,,style_prior_only,10,,China_images/FS-7463_07.jpg,China_images_request-206,"composition,color",True,track2_0517,public_duplicate,Low,calm,Positive,10,content->calm
0.935581,High,aroused,Positive,99,,style_prior_only,10,,Cubism/0101806_JacquesVillon-PortraitofanActor(FélixBarré).jpg,Cubism_request-1367,"composition,color",False,track2_0518,public_duplicate,High,frustrated,Negative,3,aroused->frustrated
0.949557,Low,calm,Positive,23,style_neighbor_review,same_series_style,11,,China_images/FS-5887_10.jpg,China_images_request-1017,"composition,color",True,track2_0519,public_duplicate,Low,calm,Positive,10,calm->calm
0.86713,High,frustrated,Negative,99,,style_prior_only,10,,Baroque/0008214_PeterPaulRubens-AnatomicalStudiesaLeftForearminTwoPositionsandaRightForearm.jpg,Baroque_request-115,"composition,color",False,track2_0520,public_duplicate,High,excited,Positive,1,frustrated->excited
0.856586,Low,calm,Positive,99,,style_prior_only,10,,Islamic_image/DP-29545-001.jpg,Islamic_image_request-75,"composition,color",True,track2_0521,public_duplicate,Low,calm,Positive,6,calm->calm
0.925322,Low,calm,Positive,99,,style_prior_only,10,,Ukiyo-e/2726_1175503.jpg,Ukiyo-e_request-1088,"composition,color",True,track2_0522,public_duplicate,Low,calm,Positive,10,calm->calm
0.910288,High,aroused,Positive,99,,style_prior_only,10,,Ukiyo-e/17316.jpg,Ukiyo-e_request-1175,"composition,color",False,track2_0523,public_duplicate,Low,calm,Positive,7,aroused->calm
0.914014,Low,calm,Positive,99,,style_prior_only,10,,China_images/FS-7435_04.jpg,China_images_request-976,"composition,color",True,track2_0524,public_duplicate,Low,calm,Positive,8,calm->calm
0.93883,Low,calm,Positive,99,,same_series_style,10,,China_images/GetImagebxXYAFjnxYhwJKmhENYJgHas.jpeg,China_images_request-2156,"composition,color",True,track2_0525,public_duplicate,Low,calm,Positive,9,calm->calm
0.890093,Low,content,Positive,99,,style_prior_only,10,,China_images/GetImageLIwujaKrgVworQdFeMTuYGPw.jpeg,China_images_request-3246,"composition,color",True,track2_0526,public_duplicate,Low,calm,Positive,9,content->calm
0.911703,Low,calm,Positive,99,,style_prior_only,10,,Ukiyo-e/17316.jpg,Ukiyo-e_request-1175,"composition,color",True,track2_0527,public_duplicate,Low,calm,Positive,9,calm->calm
0.920109,Low,calm,Positive,99,,style_prior_only,10,,China_images/GetImagerzcxSJzBLFXvBRYTloElMaJZ.jpeg,China_images_request-4012,"composition,color",True,track2_0528,public_duplicate,Low,calm,Positive,9,calm->calm
0.921605,Low,content,Positive,99,,style_prior_only,10,,China_images/GetImageqDobIHhbjHWFOhUtUwNxPUUW.jpeg,China_images_request-3807,"composition,color",True,track2_0529,public_duplicate,Low,calm,Positive,8,content->calm
0.907159,Low,calm,Positive,99,,style_prior_only,10,,Ukiyo-e/0023211_Hiroshige-20.TheKawaguchiFerryandZenkōjiTemple.jpg,Ukiyo-e_request-81,"composition,color",True,track2_0530,public_duplicate,Low,calm,Positive,8,calm->calm
0.910899,High,annoyed,Negative,99,,style_prior_only,10,,Ukiyo-e/1292_1175303.jpg,Ukiyo-e_request-1076,"composition,color",False,track2_0531,public_duplicate,Low,calm,Positive,7,annoyed->calm
0.889385,Low,content,Positive,99,,style_prior_only,10,,Realism/0079517_WilliamMichaelHarnett-TheArtist'sLetterRack.jpg,Realism_request-6437,"composition,color",True,track2_0532,public_duplicate,Low,content,Positive,4,content->content
0.90041,Low,sad,Negative,99,,style_prior_only,10,,"Symbolism/0061795_OdilonRedon-Firstapoolofwater,thenaprostitute,thecornerofatemple,asoldier'sface,achariotwithtworearingwhitehorses.jpg",Symbolism_request-1074,"composition,color",True,track2_0533,public_duplicate,Low,sad,Negative,3,sad->sad
0.880147,Low,calm,Positive,99,,style_prior_only,10,,Mannerism (Late Renaissance)/0096013_AlessandroAllori-PortraitofaWoman.jpg,Mannerism (Late Renaissance)_request-1153,"composition,color",True,track2_0534,public_duplicate,Low,calm,Positive,10,calm->calm
0.891107,Low,calm,Positive,99,,style_prior_only,10,,Academicism/0140760_MariàFortuny-Nakedmanwithspear.jpg,Academicism_request-2977,"composition,color",True,track2_0535,public_duplicate,Low,calm,Positive,9,calm->calm
0.91862,High,alarmed,Negative,99,,style_prior_only,10,,Ukiyo-e/0155497_TōshūsaiSharaku-KabukiActorSegawaKikunojōIIIastheShirabyōshiHisakataDisguisedasYamatoManzai.jpg,Ukiyo-e_request-741,"composition,color",False,track2_0536,public_duplicate,Low,calm,Positive,8,alarmed->calm
0.874502,Low,tired,Negative,99,,style_prior_only,10,,Realism/0064050_GustaveCourbet-PortraitofMonsieurNicolle.jpg,Realism_request-5060,"composition,color",True,track2_0537,public_duplicate,Low,sad,Negative,1,tired->sad
0.876244,Low,calm,Positive,99,,style_prior_only,10,,China_images/FS-7067_02.jpg,China_images_request-1523,"composition,color",True,track2_0538,public_duplicate,Low,calm,Positive,10,calm->calm
0.883998,Low,content,Positive,99,,style_prior_only,10,,Realism/0079925_AdolphMenzel-Younggirlinprofilewithfurcap.jpg,Realism_request-6471,"composition,color",True,track2_0539,public_duplicate,Low,calm,Positive,6,content->calm
0.936022,Low,content,Positive,99,,same_series_style,10,,Ukiyo-e/0104580_UtagawaToyokuni-TheactorsMatsumotoYonesaburôIandNakamuraDenkurôIV.jpg,Ukiyo-e_request-508,"composition,color",True,track2_0540,public_duplicate,Low,calm,Positive,8,content->calm
0.85977,Low,calm,Positive,99,,style_prior_only,10,,Ukiyo-e/109237_585603.jpg,Ukiyo-e_request-1606,"composition,color",True,track2_0541,public_duplicate,Low,calm,Positive,9,calm->calm
0.902504,High,aroused,Positive,99,,style_prior_only,10,,Abstract Art/0006400_OttoFreundlich-KompositioninSchwarzundWeiß.jpg,Abstract Art_request-4,"composition,color",True,track2_0542,public_duplicate,High,excited,Positive,2,aroused->excited
0.855553,Low,calm,Positive,99,,style_prior_only,10,,Impressionism/0038394_IvanMrkviсka-Vityaz(Knight).jpg,Impressionism_request-2113,"composition,color",True,track2_0543,public_duplicate,Low,calm,Positive,6,calm->calm
0.945276,Low,calm,Positive,31,style_neighbor_review,same_series_style,11,,Ink and wash painting/0066843_LiTang-SittingonRocksGazingattheMist.jpg,Ink and wash painting_request-194,"composition,color",True,track2_0544,public_duplicate,Low,calm,Positive,10,calm->calm
0.892123,Low,sad,Negative,99,,style_prior_only,10,,Academicism/0028804_VincenzoCamuccini-Scipio'smoderation.jpg,Academicism_request-487,"composition,color",False,track2_0545,public_duplicate,High,frustrated,Negative,2,sad->frustrated
0.906123,Low,calm,Positive,99,,style_prior_only,10,,Romanticism/0094095_ThomasBirch-Seascape.jpg,Romanticism_request-8060,"composition,color",True,track2_0546,public_duplicate,Low,calm,Positive,8,calm->calm
0.911841,High,annoyed,Negative,99,,style_prior_only,10,,Cubism/0101806_JacquesVillon-PortraitofanActor(FélixBarré).jpg,Cubism_request-1367,"composition,color",True,track2_0547,public_duplicate,High,frustrated,Negative,3,annoyed->frustrated
0.887109,High,alarmed,Negative,99,,style_prior_only,10,,Rococo/0093624_Jean-HonoreFragonard-TheFountainofLove.jpg,Rococo_request-1910,"composition,color",False,track2_0548,public_duplicate,Low,calm,Positive,7,alarmed->calm
0.860945,High,aroused,Positive,99,,style_prior_only,10,,Romanticism/0181513_MariàFortuny-Burial.jpg,Romanticism_request-16138,"composition,color",False,track2_0549,public_duplicate,Low,sad,Negative,2,aroused->sad
0.921534,Low,content,Positive,99,,style_prior_only,10,,Ukiyo-e/0083281_TōshūsaiSharaku-KabukiActorIchikawaEbizōIasKamakuraGondayū.jpg,Ukiyo-e_request-390,"composition,color",True,track2_0550,public_duplicate,Low,calm,Positive,9,content->calm
0.889197,Low,content,Positive,99,,style_prior_only,10,,Baroque/0120182_JanBruegheltheElder-AViewofSpa.jpg,Baroque_request-5370,"composition,color",True,track2_0551,public_duplicate,Low,calm,Positive,10,content->calm
0.952944,Low,calm,Positive,23,strong_neighbor_ge095,same_series_style,12,"The painting features a towering mountain as its central backdrop, with gnarled trees framing the foreground. A group of figures sits contemplatively near a rocky outcrop, enveloped in the vast, mysterious landscape.",China_images/FS-7328_10.jpg,China_images_request-891,"composition,color",True,track2_0552,public_duplicate,Low,calm,Positive,12,calm->calm
0.913228,Low,calm,Positive,99,,style_prior_only,10,,China_images/GetImageykUgWprrUxkIjvHvMAkBoMfA.jpeg,China_images_request-1755,"composition,color",True,track2_0553,public_duplicate,Low,calm,Positive,10,calm->calm
0.862531,High,excited,Positive,99,,style_prior_only,10,,Realism/0098822_TheophileSteinlen-BoutdeRueLeSoir.jpg,Realism_request-8217,"composition,color",False,track2_0554,public_duplicate,Low,sad,Negative,2,excited->sad
0.96074,Low,content,Positive,35,strong_neighbor_ge095,near_same_work,12,"The image showcases a serene landscape painting, featuring traditional architecture amidst a mountainous backdrop. Graceful trees and a flowing stream add vitality. The scene is delicately composed, invoking a sense of tranquility and timelessness.",China_images/GetImagegizSXrBIVEONmKHDNoIQHIFZ.jpeg,China_images_request-2639,"composition,color",True,track2_0555,public_duplicate,Low,calm,Positive,12,content->calm
0.920514,Low,calm,Positive,99,,style_prior_only,10,,Rococo/0111707_Charles-AndrevanLoo(CarlevanLoo)-StandingMan.jpg,Rococo_request-2296,"composition,color",True,track2_0556,public_duplicate,Low,calm,Positive,8,calm->calm
0.88622,Low,content,Positive,99,,style_prior_only,10,,China_images/GetImageFktWuojaqvUqgKySyDOvgrfK.jpeg,China_images_request-2543,"composition,color",True,track2_0557,public_duplicate,Low,calm,Positive,9,content->calm
0.843268,High,excited,Positive,99,,style_prior_only,10,,Ukiyo-e/18174.jpg,Ukiyo-e_request-1232,"composition,color",False,track2_0558,public_duplicate,Low,calm,Positive,3,excited->calm
0.890224,Low,calm,Positive,99,,style_prior_only,10,,Abstract Art/0022406_SofiaAreal-OnduladamenteV.jpg,Abstract Art_request-163,"composition,color",False,track2_0559,public_duplicate,High,excited,Positive,1,calm->excited
0.908913,Low,calm,Positive,99,,style_prior_only,10,,China_images/FS-8337_01.jpg,China_images_request-82,"composition,color",True,track2_0560,public_duplicate,Low,calm,Positive,9,calm->calm
0.838715,Low,content,Positive,99,,style_prior_only,10,,Realism/0115068_JohnSingerSargent-FrederickLawOlmsted.jpg,Realism_request-9686,"composition,color",True,track2_0561,public_duplicate,Low,calm,Positive,9,content->calm
0.935637,Low,content,Positive,99,,same_series_style,10,,Ukiyo-e/91361_458016.jpg,Ukiyo-e_request-1549,"composition,color",True,track2_0562,public_duplicate,Low,calm,Positive,8,content->calm
0.911096,Low,bored,Negative,99,,style_prior_only,10,,Abstract Expressionism/0042661_TokoShinoda-Beyond.jpg,Abstract Expressionism_request-766,"composition,color",False,track2_0563,public_duplicate,Low,calm,Positive,5,bored->calm
0.916789,Low,calm,Positive,99,,style_prior_only,10,,Ukiyo-e/0147860_ToyotaHokkei-Seashells.jpg,Ukiyo-e_request-707,"composition,color",True,track2_0564,public_duplicate,Low,calm,Positive,7,calm->calm
0.886495,High,alarmed,Negative,99,,style_prior_only,10,,Orientalism/0034232_MariàFortuny-ShoeingamuleinMorocco.jpg,Orientalism_request-140,"composition,color",False,track2_0565,public_duplicate,Low,calm,Positive,5,alarmed->calm
0.917416,Low,calm,Positive,99,,style_prior_only,10,,Ukiyo-e/97937_505924.jpg,Ukiyo-e_request-1007,"composition,color",True,track2_0566,public_duplicate,Low,calm,Positive,9,calm->calm
0.87704,Low,tired,Negative,99,,style_prior_only,10,,Transavantgarde/0185524_AlexanderRoitburd-NotaDaywithoutHaloimes.jpg,Transavantgarde_request-524,"composition,color",False,track2_0567,public_duplicate,Low,calm,Positive,6,tired->calm
0.884128,Low,calm,Positive,99,,style_prior_only,10,,China_images/FS-5609_06.jpg,China_images_request-523,"composition,color",True,track2_0568,public_duplicate,Low,content,Positive,1,calm->content
0.952224,Low,calm,Positive,7,visual_duplicate_likely,exact_same_work,12,,China_images/GetImagetUYXavKTzFoIGkmHOmFqpJqn.jpeg,China_images_request-4260,"composition,color",True,track2_0569,public_duplicate,Low,calm,Positive,11,calm->calm
0.937296,Low,calm,Positive,99,,same_series_style,10,,China_images/FS-5807_09.jpg,China_images_request-722,"composition,color",True,track2_0570,public_duplicate,Low,calm,Positive,10,calm->calm
0.907916,Low,calm,Positive,99,,style_prior_only,10,,China_images/FS-7462_16.jpg,China_images_request-1512,"composition,color",True,track2_0571,public_duplicate,Low,calm,Positive,8,calm->calm
0.917115,Low,content,Positive,99,,style_prior_only,10,,China_images/GetImageqDobIHhbjHWFOhUtUwNxPUUW.jpeg,China_images_request-3807,"composition,color",True,track2_0572,public_duplicate,Low,calm,Positive,8,content->calm
0.907287,High,annoyed,Negative,99,,style_prior_only,10,,Ukiyo-e/102191_533283.jpg,Ukiyo-e_request-1059,"composition,color",False,track2_0573,public_duplicate,Low,calm,Positive,7,annoyed->calm
0.913103,High,frustrated,Negative,99,,style_prior_only,10,,Ukiyo-e/17015.jpg,Ukiyo-e_request-1160,"composition,color",False,track2_0574,public_duplicate,Low,calm,Positive,7,frustrated->calm
0.822366,Low,tired,Negative,99,,style_prior_only,10,,Baroque/0172615_AnnibaleCarracci-Sheetofcaricatures.jpg,Baroque_request-7796,"composition,color",False,track2_0575,public_duplicate,Low,calm,Positive,7,tired->calm
0.911253,Low,calm,Positive,99,,style_prior_only,10,,Rococo/0027295_Charles-AndrevanLoo(CarlevanLoo)-StudyofaNudeManLying.jpg,Rococo_request-484,"composition,color",False,track2_0576,public_duplicate,Low,sad,Negative,1,calm->sad
0.970252,Low,calm,Positive,11,same_series_high_clip,near_same_work,12,"The artwork features a traditionally dressed figure, adorned in a patterned kimono, holding a pipe. The coiffed hair and subtle facial expression evoke a sense of calm and grace, set against a muted background.",Ukiyo-e/0180401_TōshūsaiSharaku-MatsumotoYonesaburoasKewaizakanoShoshointhePlayKatakiuchiNoriyaibanashi.jpg,Ukiyo-e_request-879,"composition,color",True,track2_0577,public_duplicate,Low,calm,Positive,11,calm->calm
0.875367,Low,calm,Positive,99,,style_prior_only,10,,Academicism/0030764_MariàFortuny-Malenudebackwiththearmextended.jpg,Academicism_request-533,"composition,color",True,track2_0578,public_duplicate,Low,calm,Positive,8,calm->calm
0.91807,High,frustrated,Negative,99,,style_prior_only,10,,Rococo/0116771_Charles-AndrevanLoo(CarlevanLoo)-ManPullingaCord.jpg,Rococo_request-2433,"composition,color",False,track2_0579,public_duplicate,Low,calm,Positive,5,frustrated->calm
0.934803,Low,content,Positive,99,,same_series_style,10,,China_images/GetImageOHoOcGUZfKptYxIzfCJJCZxQ.jpeg,China_images_request-3599,"composition,color",True,track2_0580,public_duplicate,Low,calm,Positive,10,content->calm
0.912673,Low,content,Positive,99,,style_prior_only,10,,Ukiyo-e/1292_1175303.jpg,Ukiyo-e_request-1076,"composition,color",True,track2_0581,public_duplicate,Low,calm,Positive,7,content->calm
0.895023,High,alarmed,Negative,99,,style_prior_only,10,,Art Nouveau (Modern)/0099911_HarryClarke-TalesofMysteryandImaginationbyEdgarAllanPoe.jpg,Art Nouveau (Modern)_request-3184,"composition,color",True,track2_0582,public_duplicate,High,alarmed,Negative,1,alarmed->alarmed
0.914024,Low,content,Positive,99,,style_prior_only,10,,Ukiyo-e/0054624_TōshūsaiSharaku-ActorIchikawaYaozoIIIasaCourtesan'sAttendant.jpg,Ukiyo-e_request-237,"composition,color",True,track2_0583,public_duplicate,Low,calm,Positive,9,content->calm
0.875929,Low,calm,Positive,99,,style_prior_only,10,,China_images/FS-7449_36.jpg,China_images_request-152,"composition,color",True,track2_0584,public_duplicate,Low,calm,Positive,10,calm->calm
0.942476,Low,calm,Positive,29,style_neighbor_review,same_series_style,11,,China_images/GetImageGZGVjVQhrHCEMFeTDPoDpupt.jpeg,China_images_request-2710,"composition,color",True,track2_0585,public_duplicate,Low,calm,Positive,11,calm->calm
0.914868,High,alarmed,Negative,99,,style_prior_only,10,,Orientalism/0034232_MariàFortuny-ShoeingamuleinMorocco.jpg,Orientalism_request-140,"composition,color",False,track2_0586,public_duplicate,Low,calm,Positive,1,alarmed->calm
0.907307,Low,content,Positive,99,,style_prior_only,10,,Realism/0080206_ConstantTroyon-CowsinaLandscape.jpg,Realism_request-6498,"composition,color",True,track2_0587,public_duplicate,Low,calm,Positive,9,content->calm
0.922846,Low,calm,Positive,99,,style_prior_only,10,,China_images/FS-5122_08.jpg,China_images_request-1264,"composition,color",True,track2_0588,public_duplicate,Low,calm,Positive,10,calm->calm
0.939913,Low,calm,Positive,99,,same_series_style,10,,China_images/FS-8139_05.jpg,China_images_request-527,"composition,color",True,track2_0589,public_duplicate,Low,calm,Positive,10,calm->calm
0.883762,High,excited,Positive,99,,style_prior_only,10,,Ukiyo-e/dscn2059.jpg,Ukiyo-e_request-2058,"composition,color",False,track2_0590,public_duplicate,Low,calm,Positive,6,excited->calm
0.868434,Low,calm,Positive,99,,style_prior_only,10,,Impressionism/0007937_AndersZorn-QueenSophia.jpg,Impressionism_request-122,"composition,color",True,track2_0591,public_duplicate,Low,calm,Positive,7,calm->calm
0.932783,Low,content,Positive,99,,style_prior_only,10,,China_images/GetImagexGvgCorycbkWDVMZxTkRlNFp.jpeg,China_images_request-4674,"composition,color",True,track2_0592,public_duplicate,Low,content,Positive,1,content->content
0.857711,Low,content,Positive,99,,style_prior_only,10,,"Mannerism (Late Renaissance)/0007790_Francescode'Rossi(FrancescoSalviati),Cecchino-SubmissionofFrederickBarbarossabeforePopeAlexanderIIIduringthesigningoftheTreatyofVenice(detail).jpg",Mannerism (Late Renaissance)_request-14,"composition,color",False,track2_0593,public_duplicate,High,excited,Positive,1,content->excited
0.88423,Low,tired,Negative,99,,style_prior_only,10,,Realism/0129478_Carolus-Duran-SpanishWoman(PortraitofEvaGonzales).jpg,Realism_request-10927,"composition,color",False,track2_0594,public_duplicate,Low,calm,Positive,7,tired->calm
0.946765,Low,calm,Positive,19,style_neighbor_review,same_series_style,11,,China_images/GetImagepbZxWtDrqlUQMwAvgnoRoHsm.jpeg,China_images_request-3685,"composition,color",True,track2_0595,public_duplicate,Low,calm,Positive,10,calm->calm
0.895066,Low,tired,Negative,99,,style_prior_only,10,,"Realism/0100496_JamesTaylorHarwood-MaleFigureStudy,Paris.jpg",Realism_request-8384,"composition,color",False,track2_0596,public_duplicate,Low,calm,Positive,8,tired->calm
0.932839,Low,calm,Positive,99,,same_series_style,10,,Ink and wash painting/0066843_LiTang-SittingonRocksGazingattheMist.jpg,Ink and wash painting_request-194,"composition,color",True,track2_0597,public_duplicate,Low,calm,Positive,10,calm->calm
0.928708,High,aroused,Positive,99,,style_prior_only,10,,Neo-Expressionism/0017742_PierreAlechinsky-Plate(folio3)fromSchismes.jpg,Neo-Expressionism_request-91,"composition,color",False,track2_0598,public_duplicate,High,frustrated,Negative,2,aroused->frustrated
0.925924,Low,sad,Negative,99,,style_prior_only,10,,Expressionism/0064308_FrankAuerbach-HeadofG.B..jpg,Expressionism_request-3468,"composition,color",False,track2_0599,public_duplicate,High,frustrated,Negative,4,sad->frustrated
0.920752,Low,calm,Positive,99,,style_prior_only,10,,China_images/GetImageqsbCsxePyDgNCUAfAMyuGldR.jpeg,China_images_request-3873,"composition,color",True,track2_0600,public_duplicate,Low,calm,Positive,9,calm->calm
0.883488,Low,content,Positive,99,,style_prior_only,10,,Ukiyo-e/14011_224240.jpg,Ukiyo-e_request-1154,"composition,color",False,track2_0601,public_duplicate,High,excited,Positive,1,content->excited
0.872049,High,aroused,Positive,99,,style_prior_only,10,,Pop Art/0103271_DieterRoth-DoubleSomersault.jpg,Pop Art_request-1120,"composition,color",True,track2_0602,public_duplicate,High,excited,Positive,5,aroused->excited
0.917258,High,aroused,Positive,99,,style_prior_only,10,,Cubism/0137980_GostaAdrian-Nilsson-Komposition.jpg,Cubism_request-1884,"composition,color",False,track2_0603,public_duplicate,Low,content,Positive,1,aroused->content
0.901147,Low,content,Positive,99,,style_prior_only,10,,Ukiyo-e/101065_526087.jpg,Ukiyo-e_request-1046,"composition,color",True,track2_0604,public_duplicate,Low,calm,Positive,10,content->calm
0.948677,Low,calm,Positive,24,style_neighbor_review,same_series_style,11,,China_images/FS-5922_06.jpg,China_images_request-1035,"composition,color",True,track2_0605,public_duplicate,Low,calm,Positive,11,calm->calm
0.9822,Low,calm,Positive,16,visual_duplicate_likely,exact_same_work,12,,China_images/GetImageKzzPTCtbYwCRJtjGkkgwlIGX.jpeg,China_images_request-3208,"composition,color",True,track2_0606,public_duplicate,Low,calm,Positive,11,calm->calm
0.895038,Low,calm,Positive,99,,style_prior_only,10,,Academicism/0088267_ErnestHébert-Academicmale.jpg,Academicism_request-1793,"composition,color",True,track2_0607,public_duplicate,Low,calm,Positive,8,calm->calm
0.917278,Low,content,Positive,99,,style_prior_only,10,,Ukiyo-e/98903_511914.jpg,Ukiyo-e_request-1013,"composition,color",True,track2_0608,public_duplicate,Low,calm,Positive,8,content->calm
0.867272,Low,content,Positive,99,,style_prior_only,10,,Ukiyo-e/91200_457050.jpg,Ukiyo-e_request-1515,"composition,color",True,track2_0609,public_duplicate,Low,calm,Positive,9,content->calm
0.921742,Low,calm,Positive,99,,style_prior_only,10,,China_images/FS-5664_07.jpg,China_images_request-412,"composition,color",True,track2_0610,public_duplicate,Low,calm,Positive,9,calm->calm
0.86317,Low,tired,Negative,99,,style_prior_only,10,,Impressionism/0181045_LillaCabotPerry-ThomasSergeantPerry.jpg,Impressionism_request-11558,"composition,color",False,track2_0611,public_duplicate,Low,calm,Positive,9,tired->calm
0.905772,Low,calm,Positive,99,,style_prior_only,10,,China_images/FS-6336_05.jpg,China_images_request-1307,"composition,color",True,track2_0612,public_duplicate,Low,calm,Positive,10,calm->calm
0.925428,Low,calm,Positive,99,,style_prior_only,10,,China_images/FS-6543_04.jpg,China_images_request-1201,"composition,color",True,track2_0613,public_duplicate,Low,calm,Positive,10,calm->calm
0.928469,Low,content,Positive,99,,style_prior_only,10,,Ukiyo-e/54861_1181663.jpg,Ukiyo-e_request-1394,"composition,color",True,track2_0614,public_duplicate,Low,calm,Positive,9,content->calm
0.910008,Low,calm,Positive,99,,style_prior_only,10,,China_images/FS-7480_06.jpg,China_images_request-283,"composition,color",True,track2_0615,public_duplicate,Low,calm,Positive,9,calm->calm
0.948691,Low,calm,Positive,18,style_neighbor_review,same_series_style,11,,China_images/FS-6216_10.jpg,China_images_request-574,"composition,color",True,track2_0616,public_duplicate,Low,calm,Positive,9,calm->calm
0.909192,Low,content,Positive,99,,style_prior_only,10,,Ukiyo-e/89944_448030.jpg,Ukiyo-e_request-1503,"composition,color",True,track2_0617,public_duplicate,Low,calm,Positive,8,content->calm
0.903288,Low,sad,Negative,99,,style_prior_only,10,,China_images/GetImageDDtFJHRPbZJJfRdfSkByDuRY.jpeg,China_images_request-2305,"composition,color",False,track2_0618,public_duplicate,Low,calm,Positive,7,sad->calm
0.874303,Low,bored,Negative,99,,style_prior_only,10,,Abstract Expressionism/0012483_TokoShinoda-ArrivedWind.jpg,Abstract Expressionism_request-161,"composition,color",False,track2_0619,public_duplicate,Low,calm,Positive,7,bored->calm
0.893683,High,frustrated,Negative,99,,style_prior_only,10,,Lyrical Abstraction/0062425_GustaveSingier-Composition.jpg,Lyrical Abstraction_request-246,"composition,color",False,track2_0620,public_duplicate,Low,calm,Positive,3,frustrated->calm
0.895283,High,frustrated,Negative,99,,style_prior_only,10,,Baroque/0181370_AdriaenBrouwer-TavernScene.jpg,Baroque_request-8195,"composition,color",False,track2_0621,public_duplicate,High,excited,Positive,1,frustrated->excited
0.874457,Low,calm,Positive,99,,style_prior_only,10,,Baroque/0058703_GabrielMetsu-ThePoultryWoman.jpg,Baroque_request-2473,"composition,color",True,track2_0622,public_duplicate,Low,calm,Positive,6,calm->calm
0.922356,High,annoyed,Negative,99,,style_prior_only,10,,Ukiyo-e/91200_457050.jpg,Ukiyo-e_request-1515,"composition,color",False,track2_0623,public_duplicate,Low,calm,Positive,8,annoyed->calm
0.935852,Low,calm,Positive,99,,same_series_style,10,,China_images/FS-8332_19.jpg,China_images_request-1364,"composition,color",True,track2_0624,public_duplicate,Low,calm,Positive,9,calm->calm
0.914073,Low,calm,Positive,99,,style_prior_only,10,,Academicism/0030764_MariàFortuny-Malenudebackwiththearmextended.jpg,Academicism_request-533,"composition,color",True,track2_0625,public_duplicate,Low,calm,Positive,8,calm->calm
0.926564,Low,content,Positive,99,,style_prior_only,10,,China_images/FS-8090_13.jpg,China_images_request-434,"composition,color",True,track2_0626,public_duplicate,Low,calm,Positive,9,content->calm
0.923104,Low,sad,Negative,99,,style_prior_only,10,,China_images/FS-6543_07.jpg,China_images_request-1464,"composition,color",False,track2_0627,public_duplicate,Low,calm,Positive,8,sad->calm
0.843135,Low,content,Positive,99,,style_prior_only,10,,Early Renaissance/0026067_LoScheggia-Trionfodellacastità.jpg,Early Renaissance_request-104,"composition,color",True,track2_0628,public_duplicate,Low,calm,Positive,4,content->calm
0.912041,Low,tired,Negative,99,,style_prior_only,10,,Romanticism/0040774_ThomasSully-WomanataWindow(fromSketchbook).jpg,Romanticism_request-3291,"composition,color",False,track2_0629,public_duplicate,Low,calm,Positive,6,tired->calm
0.888476,Low,content,Positive,99,,style_prior_only,10,,Expressionism/0144507_CarlHolsøe-SeamstressSewinginanInterior.jpg,Expressionism_request-8262,"composition,color",True,track2_0630,public_duplicate,Low,calm,Positive,8,content->calm
0.887539,Low,content,Positive,99,,style_prior_only,10,,China_images/GetImageWaaZcYKEYQZtnpsyGuBncCeQ.jpeg,China_images_request-4526,"composition,color",True,track2_0631,public_duplicate,Low,calm,Positive,9,content->calm
0.907055,Low,bored,Negative,99,,style_prior_only,10,,Surrealism/0036462_WilliamBaziotes-Puppets.jpg,Surrealism_request-835,"composition,color",False,track2_0632,public_duplicate,Low,content,Positive,2,bored->content
0.943883,Low,calm,Positive,25,style_neighbor_review,same_series_style,11,,China_images/GetImagepbZxWtDrqlUQMwAvgnoRoHsm.jpeg,China_images_request-3685,"composition,color",True,track2_0633,public_duplicate,Low,calm,Positive,10,calm->calm
0.916498,Low,content,Positive,99,,style_prior_only,10,,Ukiyo-e/2031_1175603.jpg,Ukiyo-e_request-1082,"composition,color",True,track2_0634,public_duplicate,Low,calm,Positive,8,content->calm
0.877732,High,happy,Positive,99,,style_prior_only,10,,Ukiyo-e/0157763_ToyoharaChikanobu-ViewoftheGiftoftheEmperor'sGiftCup.jpg,Ukiyo-e_request-761,"composition,color",True,track2_0635,public_duplicate,High,excited,Positive,5,happy->excited
0.910911,High,alarmed,Negative,99,,style_prior_only,10,,Romanticism/0051402_JohnCrome-WoodlandLandscapenearNorwich.jpg,Romanticism_request-4169,"composition,color",False,track2_0636,public_duplicate,Low,calm,Positive,4,alarmed->calm
0.908671,Low,calm,Positive,99,,style_prior_only,10,,China_images/FS-7484_12.jpg,China_images_request-79,"composition,color",True,track2_0637,public_duplicate,Low,calm,Positive,9,calm->calm
0.896817,Low,calm,Positive,99,,style_prior_only,10,,China_images/GetImageJcUmOiECcBFrqcvdbvWPYggz.jpeg,China_images_request-2971,"composition,color",True,track2_0638,public_duplicate,Low,calm,Positive,10,calm->calm
0.918908,Low,content,Positive,99,,style_prior_only,10,,Ukiyo-e/06262.jpg,Ukiyo-e_request-1103,"composition,color",False,track2_0639,public_duplicate,High,alarmed,Negative,1,content->alarmed
0.917973,Low,content,Positive,99,,style_prior_only,10,,Realism/0156514_RosaBonheur-ThreeCowsInThePasture.jpg,Realism_request-13277,"composition,color",True,track2_0640,public_duplicate,Low,content,Positive,2,content->content
0.918608,High,frustrated,Negative,99,,style_prior_only,10,,Abstract Expressionism/0109554_CyTwombly-Untitled(Bastian38).jpg,Abstract Expressionism_request-2197,"composition,color",True,track2_0641,public_duplicate,High,frustrated,Negative,4,frustrated->frustrated
0.937386,Low,calm,Positive,99,,same_series_style,10,,China_images/GetImageDtXOhATWqIAjKIKYQULHjSvm.jpeg,China_images_request-2376,"composition,color",True,track2_0642,public_duplicate,Low,calm,Positive,10,calm->calm
0.877494,Low,glad,Positive,99,,style_prior_only,10,,Early Renaissance/0101383_AndreaMantegna-ThecourtoftheGonzaga.jpg,Early Renaissance_request-530,"composition,color",True,track2_0643,public_duplicate,Low,calm,Positive,5,glad->calm
0.944989,Low,calm,Positive,26,style_neighbor_review,same_series_style,11,,China_images/GetImagedNxoqTlCzogDsGvDiZZjXyJz.jpeg,China_images_request-2342,"composition,color",True,track2_0644,public_duplicate,Low,calm,Positive,10,calm->calm
0.882609,Low,tired,Negative,99,,style_prior_only,10,,Realism/0193906_GeorgiosJakobides-FarmhouseinBavaria.jpg,Realism_request-16550,"composition,color",False,track2_0645,public_duplicate,Low,calm,Positive,4,tired->calm
0.930391,High,alarmed,Negative,99,,same_series_style,10,,Ukiyo-e/0054624_TōshūsaiSharaku-ActorIchikawaYaozoIIIasaCourtesan'sAttendant.jpg,Ukiyo-e_request-237,"composition,color",False,track2_0646,public_duplicate,Low,calm,Positive,9,alarmed->calm
0.960435,Low,calm,Positive,36,same_work_or_series_review,near_same_work,12,,China_images/GetImageZhdngpvFUOGYnamCxTUuZIiB.jpeg,China_images_request-1865,"composition,color",True,track2_0647,public_duplicate,Low,calm,Positive,11,calm->calm
0.986031,Low,calm,Positive,10,visual_duplicate_likely,exact_same_work,12,,China_images/GetImagejCLVybDHLfhQFlnxOEjKsXyg.jpeg,China_images_request-2967,"composition,color",True,track2_0648,public_duplicate,Low,calm,Positive,12,calm->calm
0.913816,High,alarmed,Negative,99,,style_prior_only,10,,Early Renaissance/0144745_FilippinoLippi-EstherChoisieParAssuérus.jpg,Early Renaissance_request-758,"composition,color",False,track2_0649,public_duplicate,Low,calm,Positive,6,alarmed->calm
0.926226,Low,calm,Positive,99,,style_prior_only,10,,Rococo/0046356_Charles-AndrevanLoo(CarlevanLoo)-LifeDrawing.jpg,Rococo_request-882,"composition,color",True,track2_0650,public_duplicate,Low,calm,Positive,5,calm->calm
0.92916,Low,content,Positive,99,,style_prior_only,10,,China_images/GetImagepbZxWtDrqlUQMwAvgnoRoHsm.jpeg,China_images_request-3685,"composition,color",True,track2_0651,public_duplicate,Low,calm,Positive,7,content->calm
0.946245,Low,calm,Positive,39,style_neighbor_review,same_series_style,11,,China_images/GetImageclkHziliUlBlfbHEmvEozXbO.jpeg,China_images_request-2228,"composition,color",True,track2_0652,public_duplicate,Low,calm,Positive,11,calm->calm
0.942225,Low,calm,Positive,34,style_neighbor_review,same_series_style,11,,Ukiyo-e/97986_506216.jpg,Ukiyo-e_request-1010,"composition,color",True,track2_0653,public_duplicate,Low,calm,Positive,9,calm->calm
0.895388,Low,calm,Positive,99,,style_prior_only,10,,China_images/GetImageDoyPFLpLEeHihjMWWxvKSwHL.jpeg,China_images_request-2347,"composition,color",True,track2_0654,public_duplicate,Low,calm,Positive,9,calm->calm
0.953238,Low,calm,Positive,28,same_work_or_series_review,same_series_style,12,,China_images/GetImageEwyEhztRRvSICfjfnEpMgERE.jpeg,China_images_request-2494,"composition,color",True,track2_0655,public_duplicate,Low,calm,Positive,11,calm->calm
0.908783,Low,content,Positive,99,,style_prior_only,10,,Ukiyo-e/91361_458016.jpg,Ukiyo-e_request-1549,"composition,color",True,track2_0656,public_duplicate,Low,calm,Positive,6,content->calm
0.96066,Low,calm,Positive,23,same_work_or_series_review,near_same_work,12,,China_images/FS-5715_07.jpg,China_images_request-254,"composition,color",True,track2_0657,public_duplicate,Low,calm,Positive,10,calm->calm
0.905835,Low,bored,Negative,99,,style_prior_only,10,,Surrealism/0008347_JoanMiro-TheMatador.jpg,Surrealism_request-58,"composition,color",False,track2_0658,public_duplicate,High,excited,Positive,6,bored->excited
0.929362,High,excited,Positive,99,,style_prior_only,10,,Ukiyo-e/0115091_UtagawaToyokuni-ThePromenade.jpg,Ukiyo-e_request-547,"composition,color",False,track2_0659,public_duplicate,Low,content,Positive,3,excited->content
0.937184,Low,calm,Positive,99,,same_series_style,10,,China_images/GetImagebljnaQcFQAcCBygdCcgAhdWw.jpeg,China_images_request-2111,"composition,color",True,track2_0660,public_duplicate,Low,calm,Positive,9,calm->calm
0.880098,High,alarmed,Negative,99,,style_prior_only,10,,Early Renaissance/0095994_LoScheggia-BattleScene.jpg,Early Renaissance_request-496,"composition,color",False,track2_0661,public_duplicate,High,excited,Positive,7,alarmed->excited
0.931036,Low,content,Positive,99,,same_series_style,10,,Ukiyo-e/110515_595687.jpg,Ukiyo-e_request-1630,"composition,color",True,track2_0662,public_duplicate,Low,calm,Positive,9,content->calm
0.904309,Low,calm,Positive,99,,style_prior_only,10,,China_images/FS-7518_05.jpg,China_images_request-486,"composition,color",True,track2_0663,public_duplicate,Low,calm,Positive,10,calm->calm
0.935847,Low,calm,Positive,99,,same_series_style,10,,China_images/GetImageIKPXMPuUAzHqBldHXLbprImp.jpeg,China_images_request-2885,"composition,color",True,track2_0664,public_duplicate,Low,calm,Positive,8,calm->calm
0.872289,Low,calm,Positive,99,,style_prior_only,10,,Mannerism (Late Renaissance)/0056162_ElGreco-St.MartinandtheBeggar.jpg,Mannerism (Late Renaissance)_request-660,"composition,color",True,track2_0665,public_duplicate,Low,calm,Positive,1,calm->calm
0.894968,High,alarmed,Negative,99,,style_prior_only,10,,Romanticism/0161915_MariàFortuny-Anchorite(therecluse).jpg,Romanticism_request-14281,"composition,color",False,track2_0666,public_duplicate,Low,sad,Negative,3,alarmed->sad
0.919912,Low,calm,Positive,99,,style_prior_only,10,,China_images/FS-8280_23.jpg,China_images_request-823,"composition,color",True,track2_0667,public_duplicate,Low,calm,Positive,9,calm->calm
0.915761,Low,content,Positive,99,,style_prior_only,10,,China_images/FS-7412_29.jpg,China_images_request-1306,"composition,color",True,track2_0668,public_duplicate,Low,calm,Positive,6,content->calm
0.862811,Low,sad,Negative,99,,style_prior_only,10,,"Ukiyo-e/0126245_Hiroshige-116.SugatamiBridge,OmokageBridgeandJaribaatTakata.jpg",Ukiyo-e_request-609,"composition,color",False,track2_0669,public_duplicate,Low,calm,Positive,10,sad->calm
0.882657,High,annoyed,Negative,99,,style_prior_only,10,,Abstract Art/0064013_WladyslawStrzeminski-Żniwiarki.jpg,Abstract Art_request-596,"composition,color",False,track2_0670,public_duplicate,Low,calm,Positive,5,annoyed->calm
0.943252,Low,calm,Positive,28,style_neighbor_review,same_series_style,11,,China_images/GetImageWoxhIIkdCYIYNgpLRoczOqGH.jpeg,China_images_request-4596,"composition,color",True,track2_0671,public_duplicate,Low,calm,Positive,11,calm->calm
0.888987,Low,content,Positive,99,,style_prior_only,10,,Realism/0071065_GustaveCourbet-CliffsnearOrnans.jpg,Realism_request-5674,"composition,color",True,track2_0672,public_duplicate,Low,calm,Positive,9,content->calm
0.915271,High,frustrated,Negative,99,,style_prior_only,10,,Cubism/0012441_LouisSchanker-Polo.jpg,Cubism_request-97,"composition,color",True,track2_0673,public_duplicate,High,frustrated,Negative,2,frustrated->frustrated
0.878739,Low,calm,Positive,99,,style_prior_only,10,,China_images/GetImageidqPgdOvihGSViKiyCACgmgr.jpeg,China_images_request-2849,"composition,color",True,track2_0674,public_duplicate,Low,content,Positive,1,calm->content
0.94745,Low,calm,Positive,31,style_neighbor_review,same_series_style,11,,China_images/FS-8134_12.jpg,China_images_request-34,"composition,color",True,track2_0675,public_duplicate,Low,calm,Positive,11,calm->calm
0.936275,Low,calm,Positive,99,,same_series_style,10,,China_images/GetImageqnEEyFKsPGsgqDmjWtNZHoOu.jpeg,China_images_request-3849,"composition,color",True,track2_0676,public_duplicate,Low,calm,Positive,7,calm->calm
0.924451,High,frustrated,Negative,99,,style_prior_only,10,,Cubism/0101806_JacquesVillon-PortraitofanActor(FélixBarré).jpg,Cubism_request-1367,"composition,color",True,track2_0677,public_duplicate,High,frustrated,Negative,3,frustrated->frustrated
0.906661,Low,content,Positive,99,,style_prior_only,10,,China_images/FS-6381_08.jpg,China_images_request-542,"composition,color",True,track2_0678,public_duplicate,Low,calm,Positive,9,content->calm
0.91363,Low,calm,Positive,99,,style_prior_only,10,,Ukiyo-e/0014507_Hiroshige-111.MeguroDrumBridgeandSunsetHill.jpg,Ukiyo-e_request-39,"composition,color",True,track2_0679,public_duplicate,Low,calm,Positive,7,calm->calm
0.893351,Low,calm,Positive,99,,style_prior_only,10,,Early Renaissance/0191156_FraAngelico-CompagniadiSanFrancescoAltarpiece.jpg,Early Renaissance_request-1020,"composition,color",True,track2_0680,public_duplicate,Low,calm,Positive,9,calm->calm
0.920552,Low,content,Positive,99,,style_prior_only,10,,China_images/GetImageqktkARfwGvDQwPgDvLYNGGuv.jpeg,China_images_request-3838,"composition,color",True,track2_0681,public_duplicate,Low,calm,Positive,7,content->calm
0.911946,Low,calm,Positive,99,,style_prior_only,10,,Ukiyo-e/0185588_ToyotaHokkei-RiceCakesandBonito.jpg,Ukiyo-e_request-910,"composition,color",True,track2_0682,public_duplicate,Low,calm,Positive,8,calm->calm
0.907397,High,aroused,Positive,99,,style_prior_only,10,,Baroque/0130274_SimonVouet-ManwithRaisedArmBehindaParapet.jpg,Baroque_request-5855,"composition,color",False,track2_0683,public_duplicate,High,alarmed,Negative,1,aroused->alarmed
0.932595,Low,calm,Positive,99,,same_series_style,10,,Ukiyo-e/89944_448030.jpg,Ukiyo-e_request-1503,"composition,color",True,track2_0684,public_duplicate,Low,calm,Positive,9,calm->calm
0.918445,Low,calm,Positive,99,,style_prior_only,10,,Ukiyo-e/69076_1159703.jpg,Ukiyo-e_request-1397,"composition,color",True,track2_0685,public_duplicate,Low,calm,Positive,9,calm->calm
0.915158,Low,calm,Positive,99,,style_prior_only,10,,Mannerism (Late Renaissance)/0016862_PalmailGiovane-JudasCyriacus.jpg,Mannerism (Late Renaissance)_request-129,"composition,color",True,track2_0686,public_duplicate,Low,calm,Positive,9,calm->calm
0.923974,Low,calm,Positive,99,,style_prior_only,10,,Ukiyo-e/0104580_UtagawaToyokuni-TheactorsMatsumotoYonesaburôIandNakamuraDenkurôIV.jpg,Ukiyo-e_request-508,"composition,color",True,track2_0687,public_duplicate,Low,calm,Positive,6,calm->calm
0.904205,Low,calm,Positive,99,,style_prior_only,10,,Gongbi/0096009_QiuYing-SpringMorningintheHanPalace(ViewC).jpg,Gongbi_request-11,"composition,color",True,track2_0688,public_duplicate,Low,calm,Positive,10,calm->calm
0.823882,Low,content,Positive,99,,style_prior_only,10,,Romanticism/0153882_WilhelmMarstrand-InteriorwiththecrownprinceandcrownprincessofDenmark.jpg,Romanticism_request-13550,"composition,color",True,track2_0689,public_duplicate,Low,content,Positive,6,content->content
0.909045,Low,content,Positive,99,,style_prior_only,10,,China_images/FS-6111_07.jpg,China_images_request-1669,"composition,color",True,track2_0690,public_duplicate,Low,content,Positive,2,content->content
0.954176,Low,calm,Positive,23,same_work_or_series_review,same_series_style,12,,China_images/FS-7449_48.jpg,China_images_request-1531,"composition,color",True,track2_0691,public_duplicate,Low,calm,Positive,11,calm->calm
0.918686,High,frustrated,Negative,99,,style_prior_only,10,,Neo-Expressionism/0012644_SusanRothenberg-HeadandBones.jpg,Neo-Expressionism_request-50,"composition,color",True,track2_0692,public_duplicate,High,frustrated,Negative,4,frustrated->frustrated
0.917762,Low,sad,Negative,99,,style_prior_only,10,,Art Informel/0140460_EugeneBrands-Demon.jpg,Art Informel_request-1206,"composition,color",False,track2_0693,public_duplicate,High,frustrated,Negative,2,sad->frustrated
0.899497,Low,tired,Negative,99,,style_prior_only,10,,"Realism/0100496_JamesTaylorHarwood-MaleFigureStudy,Paris.jpg",Realism_request-8384,"composition,color",False,track2_0694,public_duplicate,Low,calm,Positive,6,tired->calm
0.930228,High,alarmed,Negative,99,,same_series_style,10,,Realism/0077553_JamesMcNeillWhistler-BlueandSilver-TheBlueWaveBiarritz.jpg,Realism_request-6249,"composition,color",True,track2_0695,public_duplicate,High,alarmed,Negative,6,alarmed->alarmed
0.90077,Low,sad,Negative,99,,style_prior_only,10,,High Renaissance/0191005_PietroPerugino-Pieta.Maria(detail).jpg,High Renaissance_request-1629,"composition,color",False,track2_0696,public_duplicate,Low,calm,Positive,9,sad->calm
0.883339,Low,bored,Negative,99,,style_prior_only,10,,Cubism/0098166_HenriLaurens-Untitled(fromDialogues).jpg,Cubism_request-1313,"composition,color",False,track2_0697,public_duplicate,Low,calm,Positive,4,bored->calm
0.961971,Low,calm,Positive,25,strong_neighbor_ge095,near_same_work,12,"The image portrays a tranquil landscape, with towering, rugged cliffs juxtaposed against delicate, wispy trees. The scene is enveloped in a misty, ethereal atmosphere, invoking a sense of serenity and timelessness.",China_images/FS-5771_06.jpg,China_images_request-1398,"composition,color",True,track2_0698,public_duplicate,Low,calm,Positive,12,calm->calm
0.944375,Low,calm,Positive,41,style_neighbor_review,same_series_style,11,,China_images/GetImageAsAEOqCkaqDpAyLeDfSkqTsJ.jpeg,China_images_request-2032,"composition,color",True,track2_0699,public_duplicate,Low,calm,Positive,10,calm->calm
0.890384,Low,sad,Negative,99,,style_prior_only,10,,Realism/0152845_CharlesJacque-Lavue.jpg,Realism_request-12945,"composition,color",False,track2_0700,public_duplicate,Low,calm,Positive,7,sad->calm
0.94781,Low,calm,Positive,21,style_neighbor_review,same_series_style,11,,China_images/GetImageRCXBdmcoGWIjTBoMoebFKCvb.jpeg,China_images_request-3919,"composition,color",True,track2_0701,public_duplicate,Low,calm,Positive,10,calm->calm
0.94016,Low,calm,Positive,19,style_neighbor_review,same_series_style,11,,China_images/GetImageUmLDYaLUtjQyGBeWhodPPUhq.jpeg,China_images_request-4340,"composition,color",True,track2_0702,public_duplicate,Low,calm,Positive,11,calm->calm
0.882879,Low,content,Positive,99,,style_prior_only,10,,Realism/0080170_ÉmileFriant-PhotoofChagrinD'enfantbyEmileFriantfromtheFrickArtMuseum.jpg,Realism_request-6493,"composition,color",True,track2_0703,public_duplicate,Low,content,Positive,9,content->content
0.896196,Low,content,Positive,99,,style_prior_only,10,,Ukiyo-e/76450_621333.jpg,Ukiyo-e_request-1420,"composition,color",True,track2_0704,public_duplicate,Low,content,Positive,1,content->content
0.842788,Low,bored,Negative,99,,style_prior_only,10,,Naturalism/0097135_JohnJamesAudubon-Plate105Red-breastedNuthatch.jpg,Naturalism_request-387,"composition,color",False,track2_0705,public_duplicate,Low,calm,Positive,5,bored->calm
0.875296,Low,calm,Positive,99,,style_prior_only,10,,China_images/GetImageCHgBpWAkkYTNoKPIFWLJAcgb.jpeg,China_images_request-2206,"composition,color",True,track2_0706,public_duplicate,Low,calm,Positive,9,calm->calm
0.935898,Low,calm,Positive,99,,same_series_style,10,,China_images/FS-7472_16.jpg,China_images_request-1274,"composition,color",True,track2_0707,public_duplicate,Low,calm,Positive,8,calm->calm
0.852892,High,frustrated,Negative,99,,style_prior_only,10,,Baroque/0089266_Caravaggio-SaintJeromeinMeditation.jpg,Baroque_request-3897,"composition,color",False,track2_0708,public_duplicate,Low,sad,Negative,3,frustrated->sad
0.904168,Low,calm,Positive,99,,style_prior_only,10,,China_images/FS-7406_07.jpg,China_images_request-1076,"composition,color",True,track2_0709,public_duplicate,Low,calm,Positive,9,calm->calm
0.926978,Low,calm,Positive,99,,style_prior_only,10,,China_images/FS-5711_05.jpg,China_images_request-1571,"composition,color",True,track2_0710,public_duplicate,Low,calm,Positive,9,calm->calm
0.868605,Low,tired,Negative,99,,style_prior_only,10,,Baroque/0056898_AdriaenBrouwer-InteriorofaTavern.jpg,Baroque_request-2395,"composition,color",False,track2_0711,public_duplicate,Low,content,Positive,7,tired->content
0.897239,Low,calm,Positive,99,,style_prior_only,10,,Romanticism/0099673_JoaoPedroso-Seascape.jpg,Romanticism_request-8582,"composition,color",True,track2_0712,public_duplicate,Low,calm,Positive,7,calm->calm
0.918714,Low,calm,Positive,99,,style_prior_only,10,,Mannerism (Late Renaissance)/0097216_BartolomeoPasserotti-MaleNude.jpg,Mannerism (Late Renaissance)_request-1168,"composition,color",True,track2_0713,public_duplicate,Low,calm,Positive,6,calm->calm
0.866904,High,alarmed,Negative,99,,style_prior_only,10,,Orientalism/0136430_MariàFortuny-Croquis(twoArabianfigures).jpg,Orientalism_request-659,"composition,color",False,track2_0714,public_duplicate,Low,calm,Positive,5,alarmed->calm
0.927203,Low,content,Positive,99,,style_prior_only,10,,China_images/FS-7994_12.jpg,China_images_request-1117,"composition,color",True,track2_0715,public_duplicate,Low,calm,Positive,7,content->calm
0.873527,High,alarmed,Negative,99,,style_prior_only,10,,Romanticism/0161915_MariàFortuny-Anchorite(therecluse).jpg,Romanticism_request-14281,"composition,color",False,track2_0716,public_duplicate,Low,sad,Negative,2,alarmed->sad
0.873891,Low,sad,Negative,99,,style_prior_only,10,,Early Renaissance/0038608_FraAngelico-MartyrdomofSt.Lawrence.jpg,Early Renaissance_request-170,"composition,color",False,track2_0717,public_duplicate,High,alarmed,Negative,1,sad->alarmed
0.9339,Low,content,Positive,99,,same_series_style,10,,China_images/GetImageQiNTfOvqEjcVZKfkWjOnvYRJ.jpeg,China_images_request-3830,"composition,color",True,track2_0718,public_duplicate,Low,calm,Positive,9,content->calm
0.945537,Low,calm,Positive,37,style_neighbor_review,same_series_style,11,,China_images/FS-8511_28.jpg,China_images_request-199,"composition,color",True,track2_0719,public_duplicate,Low,content,Positive,4,calm->content
0.912805,Low,calm,Positive,99,,style_prior_only,10,,China_images/GetImagerqoFmwyYPRGWCOPDbrtzyEMr.jpeg,China_images_request-3975,"composition,color",True,track2_0720,public_duplicate,Low,calm,Positive,10,calm->calm
0.854077,High,alarmed,Negative,99,,style_prior_only,10,,"Baroque/0115323_CharlesLeBrun-L'air,sérieSurLesQuatreÉléments.jpg",Baroque_request-5142,"composition,color",False,track2_0721,public_duplicate,Low,calm,Positive,3,alarmed->calm
0.944208,Low,content,Positive,18,style_neighbor_review,same_series_style,11,,China_images/FS-5717_05.jpg,China_images_request-1352,"composition,color",True,track2_0722,public_duplicate,Low,calm,Positive,11,content->calm
0.913288,Low,tired,Negative,99,,style_prior_only,10,,Ukiyo-e/91319_457764.jpg,Ukiyo-e_request-1542,"composition,color",False,track2_0723,public_duplicate,Low,calm,Positive,9,tired->calm
0.914741,High,frustrated,Negative,99,,style_prior_only,10,,"Lyrical Abstraction/0103075_GraceHartigan-PalmTrees,fromtheSeriesTheArchaics.jpg",Lyrical Abstraction_request-441,"composition,color",True,track2_0724,public_duplicate,High,frustrated,Negative,4,frustrated->frustrated
0.930437,Low,content,Positive,99,,same_series_style,10,,Ukiyo-e/110611_596315.jpg,Ukiyo-e_request-1637,"composition,color",True,track2_0725,public_duplicate,Low,calm,Positive,9,content->calm
0.951928,High,frustrated,Negative,23,same_work_or_series_review,same_series_style,12,,Abstract Expressionism/0080670_JoanMitchell-Untitled.jpg,Abstract Expressionism_request-1617,"composition,color",True,track2_0726,public_duplicate,High,alarmed,Negative,3,frustrated->alarmed
0.884012,Low,calm,Positive,99,,style_prior_only,10,,Realism/0025282_PasqualeCelommi-RitrattoDiNicolaPompizii.jpg,Realism_request-1745,"composition,color",True,track2_0727,public_duplicate,Low,calm,Positive,9,calm->calm
0.920804,High,alarmed,Negative,99,,style_prior_only,10,,Early Renaissance/0038608_FraAngelico-MartyrdomofSt.Lawrence.jpg,Early Renaissance_request-170,"composition,color",True,track2_0728,public_duplicate,High,alarmed,Negative,4,alarmed->alarmed
0.912553,High,frustrated,Negative,99,,style_prior_only,10,,Surrealism/0089054_SergeBrignoni-Detail.jpg,Surrealism_request-2377,"composition,color",False,track2_0729,public_duplicate,Low,calm,Positive,4,frustrated->calm
0.901353,Low,calm,Positive,99,,style_prior_only,10,,Art Brut/0040071_WalterBattiss-PrimordialScene.jpg,Art Brut_request-91,"composition,color",True,track2_0730,public_duplicate,Low,calm,Positive,5,calm->calm
0.895103,Low,calm,Positive,99,,style_prior_only,10,,Shin-hanga/0023466_OharaKoson-Craneoverhisnest.jpg,Shin-hanga_request-48,"composition,color",True,track2_0731,public_duplicate,Low,calm,Positive,10,calm->calm
0.88147,High,alarmed,Negative,99,,style_prior_only,10,,Neo-Romanticism/0097545_StanleySpencer-ChristPreachingatCookhamRegattaDinnerontheHotelLawn.jpg,Neo-Romanticism_request-268,"composition,color",False,track2_0732,public_duplicate,High,excited,Positive,3,alarmed->excited
0.878352,High,aroused,Positive,99,,style_prior_only,10,,Korea/bon002425-000-80000.jpg,Korea_request-13,"composition,color",False,track2_0733,public_duplicate,Low,calm,Positive,9,aroused->calm
0.95228,Low,calm,Positive,42,strong_neighbor_ge095,same_series_style,12,"The painting depicts serene rolling mountains enveloped in delicate mist, evoking tranquility. Lush greenery and soft textures contrast with the muted sky, creating a harmonious balance. The landscape exudes a timeless, meditative quality, inviting quiet reflection.",China_images/GetImageclkHziliUlBlfbHEmvEozXbO.jpeg,China_images_request-2228,"composition,color",True,track2_0734,public_duplicate,Low,calm,Positive,12,calm->calm
0.913912,Low,calm,Positive,99,,style_prior_only,10,,Impressionism/0110127_HenryScottTuke-Towing.jpg,Impressionism_request-6847,"composition,color",True,track2_0735,public_duplicate,Low,calm,Positive,6,calm->calm
0.878951,Low,bored,Negative,99,,style_prior_only,10,,Cubism/0052159_ManRay-Untitled.jpg,Cubism_request-669,"composition,color",False,track2_0736,public_duplicate,Low,calm,Positive,7,bored->calm
0.956371,Low,calm,Positive,13,same_work_or_series_review,same_series_style,12,,China_images/GetImageOQmUWxDNObJLlMgRImjFUSsH.jpeg,China_images_request-3635,"composition,color",True,track2_0737,public_duplicate,Low,calm,Positive,11,calm->calm
0.921106,Low,content,Positive,99,,style_prior_only,10,,Ukiyo-e/0188552_OgataGekko-GeishainSpringtime.jpg,Ukiyo-e_request-924,"composition,color",True,track2_0738,public_duplicate,Low,calm,Positive,9,content->calm
0.920409,Low,content,Positive,99,,style_prior_only,10,,China_images/FS-8494_08.jpg,China_images_request-111,"composition,color",True,track2_0739,public_duplicate,Low,calm,Positive,9,content->calm
0.885434,Low,calm,Positive,99,,style_prior_only,10,,China_images/FS-6047_09.jpg,China_images_request-1605,"composition,color",True,track2_0740,public_duplicate,Low,calm,Positive,10,calm->calm
0.812606,Low,content,Positive,99,,style_prior_only,10,,Romanticism/0141539_EugeneDelacroix-StudiesOfAntiqueMedallions.jpg,Romanticism_request-12440,"composition,color",True,track2_0741,public_duplicate,Low,calm,Positive,8,content->calm
0.931845,Low,calm,Positive,99,,same_series_style,10,,China_images/FS-5026_11.jpg,China_images_request-873,"composition,color",True,track2_0742,public_duplicate,Low,calm,Positive,7,calm->calm
0.951117,Low,calm,Positive,21,strong_neighbor_ge095,same_series_style,12,"The artwork features a detailed landscape, primarily focused on sprawling trees and rocky formations. Branches and roots twist organically through the composition, evoking a sense of depth and texture against a muted, earthy backdrop.",Ink and wash painting/0170899_LiCheng-TravelersinaWintryForest.jpg,Ink and wash painting_request-509,"composition,color",True,track2_0743,public_duplicate,Low,calm,Positive,12,calm->calm
0.938644,Low,calm,Positive,99,,same_series_style,10,,China_images/FS-7413_13.jpg,China_images_request-579,"composition,color",True,track2_0744,public_duplicate,Low,calm,Positive,9,calm->calm
0.914049,Low,calm,Positive,99,,style_prior_only,10,,Ukiyo-e/0081529_ToyotaHokkei-MountainWitch.jpg,Ukiyo-e_request-380,"composition,color",True,track2_0745,public_duplicate,Low,content,Positive,2,calm->content
0.945882,Low,content,Positive,28,style_neighbor_review,same_series_style,11,,Ukiyo-e/0054624_TōshūsaiSharaku-ActorIchikawaYaozoIIIasaCourtesan'sAttendant.jpg,Ukiyo-e_request-237,"composition,color",True,track2_0746,public_duplicate,Low,calm,Positive,9,content->calm
0.892263,Low,tired,Negative,99,,style_prior_only,10,,Mannerism (Late Renaissance)/0086042_Titian-PortraitofDogeAndreaGritti.jpg,Mannerism (Late Renaissance)_request-1044,"composition,color",False,track2_0747,public_duplicate,Low,calm,Positive,10,tired->calm
0.910465,Low,content,Positive,99,,style_prior_only,10,,Ukiyo-e/1292_1175303.jpg,Ukiyo-e_request-1076,"composition,color",True,track2_0748,public_duplicate,Low,calm,Positive,8,content->calm
0.957777,Low,calm,Positive,25,strong_neighbor_ge095,same_series_style,12,"The image depicts a serene, mystical landscape featuring individuals in meditative poses atop large rocks surrounded by tall, leafy trees. A sense of tranquility pervades the scene, enhanced by soft, muted earth and forest tones.",China_images/GetImagecqAHIKGvGfvEurcnCJgXUBdI.jpeg,China_images_request-2251,"composition,color",True,track2_0749,public_duplicate,Low,calm,Positive,12,calm->calm
0.894759,Low,sad,Negative,99,,style_prior_only,10,,Early Renaissance/0046658_FraAngelico-NailingofChristtotheCross.jpg,Early Renaissance_request-215,"composition,color",True,track2_0750,public_duplicate,Low,sad,Negative,7,sad->sad
0.91211,Low,calm,Positive,99,,style_prior_only,10,,China_images/FS-8337_01.jpg,China_images_request-82,"composition,color",True,track2_0751,public_duplicate,Low,calm,Positive,8,calm->calm
0.894592,Low,calm,Positive,99,,style_prior_only,10,,Mannerism (Late Renaissance)/0081274_VicenteJuanMasip-SanPedro.jpg,Mannerism (Late Renaissance)_request-978,"composition,color",True,track2_0752,public_duplicate,Low,calm,Positive,10,calm->calm
0.922429,High,alarmed,Negative,99,,style_prior_only,10,,Ukiyo-e/0156694_TōshūsaiSharaku-KabukiActorsSanogawaIchimatsuIIIintheRoleoftheCourtesanOnnayoofGionandIchikawaTomieimonintheRoleofKanisakaTōma.jpg,Ukiyo-e_request-752,"composition,color",False,track2_0753,public_duplicate,Low,calm,Positive,6,alarmed->calm
0.849854,Low,sad,Negative,99,,style_prior_only,10,,Realism/0098822_TheophileSteinlen-BoutdeRueLeSoir.jpg,Realism_request-8217,"composition,color",True,track2_0754,public_duplicate,Low,sad,Negative,2,sad->sad
0.928962,Low,content,Positive,99,,style_prior_only,10,,Ukiyo-e/0132914_KitagawaUtamaro-PearlDivers.jpg,Ukiyo-e_request-633,"composition,color",True,track2_0755,public_duplicate,Low,content,Positive,2,content->content
0.902288,Low,content,Positive,99,,style_prior_only,10,,China_images/FS-5826_11.jpg,China_images_request-472,"composition,color",True,track2_0756,public_duplicate,Low,calm,Positive,9,content->calm
0.895186,Low,calm,Positive,99,,style_prior_only,10,,Realism/0156340_JamesTissot-TheTombsintheValleyofHinnom.jpg,Realism_request-13258,"composition,color",True,track2_0757,public_duplicate,Low,calm,Positive,8,calm->calm
0.947173,Low,calm,Positive,28,style_neighbor_review,same_series_style,11,,China_images/FS-8132_24.jpg,China_images_request-1296,"composition,color",True,track2_0758,public_duplicate,Low,calm,Positive,11,calm->calm
0.89668,Low,content,Positive,99,,style_prior_only,10,,Ukiyo-e/101065_526087.jpg,Ukiyo-e_request-1046,"composition,color",True,track2_0759,public_duplicate,Low,calm,Positive,9,content->calm
0.917274,Low,content,Positive,99,,style_prior_only,10,,China_images/FS-6372_08.jpg,China_images_request-374,"composition,color",True,track2_0760,public_duplicate,Low,calm,Positive,8,content->calm
0.924648,Low,calm,Positive,99,,style_prior_only,10,,Ink and wash painting/0066843_LiTang-SittingonRocksGazingattheMist.jpg,Ink and wash painting_request-194,"composition,color",True,track2_0761,public_duplicate,Low,calm,Positive,10,calm->calm
0.879164,Low,calm,Positive,99,,style_prior_only,10,,China_images/FS-5667_03.jpg,China_images_request-844,"composition,color",True,track2_0762,public_duplicate,Low,calm,Positive,10,calm->calm
0.842766,Low,calm,Positive,99,,style_prior_only,10,,Romanticism/0090675_HeinrichPapin-Austriangrenadiers.jpg,Romanticism_request-7751,"composition,color",True,track2_0763,public_duplicate,Low,calm,Positive,10,calm->calm
0.8536,Low,content,Positive,99,,style_prior_only,10,,Baroque/0033516_MichielvanMusscher-PortraitofaLadywithHerDogandaMaid.jpg,Baroque_request-1298,"composition,color",True,track2_0764,public_duplicate,Low,content,Positive,6,content->content
0.910277,Low,content,Positive,99,,style_prior_only,10,,Romanticism/0097152_GilbertStuart-ElizabethTuckermanSalisbury.jpg,Romanticism_request-8354,"composition,color",True,track2_0765,public_duplicate,Low,calm,Positive,10,content->calm
0.941878,Low,calm,Positive,22,style_neighbor_review,same_series_style,11,,Ink and wash painting/0066843_LiTang-SittingonRocksGazingattheMist.jpg,Ink and wash painting_request-194,"composition,color",True,track2_0766,public_duplicate,Low,calm,Positive,11,calm->calm
0.912645,High,frustrated,Negative,99,,style_prior_only,10,,Abstract Expressionism/0171069_GeneDavis-BirdLand.jpg,Abstract Expressionism_request-3588,"composition,color",True,track2_0767,public_duplicate,High,annoyed,Negative,3,frustrated->annoyed
0.93676,Low,calm,Positive,99,,style_prior_only,10,,China_images/FS-6373_04.jpg,China_images_request-1290,"composition,color",True,track2_0768,public_duplicate,Low,content,Positive,3,calm->content
0.857054,High,alarmed,Negative,99,,style_prior_only,10,,Realism/0084120_CharlesJacque-Lelancé.jpg,Realism_request-6838,"composition,color",False,track2_0769,public_duplicate,High,excited,Positive,1,alarmed->excited
0.853293,Low,content,Positive,99,,style_prior_only,10,,Abstract Art/0177258_JockMacdonald-FantasyinEquilibrium.jpg,Abstract Art_request-1751,"composition,color",False,track2_0770,public_duplicate,High,excited,Positive,7,content->excited
0.914773,Low,content,Positive,99,,style_prior_only,10,,Ukiyo-e/4268_1175513.jpg,Ukiyo-e_request-1092,"composition,color",True,track2_0771,public_duplicate,Low,calm,Positive,9,content->calm
0.932875,Low,calm,Positive,99,,same_series_style,10,,Ukiyo-e/j02748.jpg,Ukiyo-e_request-2178,"composition,color",True,track2_0772,public_duplicate,Low,calm,Positive,8,calm->calm
0.944625,Low,content,Positive,24,style_neighbor_review,same_series_style,11,,China_images/GetImagezpfyehokCvgdmvQwUYhViMWt.jpeg,China_images_request-1900,"composition,color",True,track2_0773,public_duplicate,Low,calm,Positive,9,content->calm
0.923803,High,frustrated,Negative,99,,style_prior_only,10,,Lyrical Abstraction/0057343_GustaveSingier-Untitled.jpg,Lyrical Abstraction_request-226,"composition,color",False,track2_0774,public_duplicate,High,excited,Positive,4,frustrated->excited
0.850796,Low,calm,Positive,99,,style_prior_only,10,,Ukiyo-e/0181265_Hiroshige-66(70)TheSazaidōHallattheFiveHundredRakanTemple.jpg,Ukiyo-e_request-884,"composition,color",True,track2_0775,public_duplicate,Low,calm,Positive,6,calm->calm
0.900724,Low,calm,Positive,99,,style_prior_only,10,,Ukiyo-e/89000_428671.jpg,Ukiyo-e_request-1467,"composition,color",True,track2_0776,public_duplicate,Low,calm,Positive,10,calm->calm
0.925179,Low,content,Positive,99,,style_prior_only,10,,China_images/FS-7430_13.jpg,China_images_request-1084,"composition,color",True,track2_0777,public_duplicate,Low,calm,Positive,8,content->calm
0.922353,Low,content,Positive,99,,style_prior_only,10,,Ukiyo-e/0059026_ToyotaHokkei-ChineseSageReadingWhileRidingonaBuffalo.jpg,Ukiyo-e_request-265,"composition,color",True,track2_0778,public_duplicate,Low,calm,Positive,9,content->calm
0.877082,Low,content,Positive,99,,style_prior_only,10,,"Expressionism/0078845_BeaufordDelaney-Marché,Haïti.jpg",Expressionism_request-4292,"composition,color",False,track2_0779,public_duplicate,High,excited,Positive,6,content->excited
0.926752,Low,calm,Positive,99,,style_prior_only,10,,China_images/GetImageNwQMXgCqPJxxsExrJMHSJwzD.jpeg,China_images_request-3562,"composition,color",True,track2_0780,public_duplicate,Low,calm,Positive,7,calm->calm
0.924731,Low,content,Positive,99,,style_prior_only,10,,China_images/FS-7491_09.jpg,China_images_request-1634,"composition,color",True,track2_0781,public_duplicate,Low,calm,Positive,10,content->calm
0.851573,Low,content,Positive,99,,style_prior_only,10,,Realism/0115263_CharlesMeryon-Etching.jpg,Realism_request-9706,"composition,color",True,track2_0782,public_duplicate,Low,content,Positive,3,content->content
0.895865,Low,calm,Positive,99,,style_prior_only,10,,Expressionism/0182817_JoyHester-LoversII.jpg,Expressionism_request-10575,"composition,color",False,track2_0783,public_duplicate,High,frustrated,Negative,5,calm->frustrated
0.934381,Low,calm,Positive,99,,same_series_style,10,,China_images/GetImageWoxhIIkdCYIYNgpLRoczOqGH.jpeg,China_images_request-4596,"composition,color",True,track2_0784,public_duplicate,Low,calm,Positive,10,calm->calm
0.954654,Low,calm,Positive,17,strong_neighbor_ge095,same_series_style,12,"The image portrays a serene landscape with towering mountains, lush trees, and a winding river. Mist shrouds the peaks, creating a dreamy atmosphere. Soft strokes depict the natural elements, while traditional stamps enhance its authentic feel.",China_images/GetImagebsWSYkmAoteKiNZlTQEQKrfd.jpeg,China_images_request-2138,"composition,color",True,track2_0785,public_duplicate,Low,calm,Positive,11,calm->calm
0.92019,Low,calm,Positive,99,,style_prior_only,10,,China_images/FS-5413_05.jpg,China_images_request-326,"composition,color",True,track2_0786,public_duplicate,Low,calm,Positive,10,calm->calm
0.789499,Low,content,Positive,99,,style_prior_only,10,,Pop Art/0154236_TadanoriYokoo-TheSillyGeneration.jpg,Pop Art_request-1701,"composition,color",True,track2_0787,public_duplicate,Low,calm,Positive,4,content->calm
0.937458,Low,calm,Positive,99,,same_series_style,10,,China_images/FS-8215_04.jpg,China_images_request-1192,"composition,color",True,track2_0788,public_duplicate,Low,calm,Positive,9,calm->calm
0.939917,High,annoyed,Negative,99,,same_series_style,10,,Ukiyo-e/0125510_UtagawaToyokuniII-CourtesanChotoWithTwoKamuro(YoungAttendants)BehindHer.jpg,Ukiyo-e_request-604,"composition,color",False,track2_0789,public_duplicate,Low,calm,Positive,9,annoyed->calm
0.908143,Low,content,Positive,99,,style_prior_only,10,,Ukiyo-e/88867_426969.jpg,Ukiyo-e_request-1458,"composition,color",True,track2_0790,public_duplicate,Low,calm,Positive,9,content->calm
0.913533,Low,content,Positive,99,,style_prior_only,10,,Ukiyo-e/0065158_KitagawaUtamaro-Thefourvirtues.jpg,Ukiyo-e_request-300,"composition,color",True,track2_0791,public_duplicate,Low,calm,Positive,10,content->calm
0.868673,Low,content,Positive,99,,style_prior_only,10,,Ukiyo-e/89932_447958.jpg,Ukiyo-e_request-1501,"composition,color",True,track2_0792,public_duplicate,Low,calm,Positive,7,content->calm
0.901683,Low,calm,Positive,99,,style_prior_only,10,,Shin-hanga/0074456_HasuiKawase-EveningofUshibori.jpg,Shin-hanga_request-145,"composition,color",True,track2_0793,public_duplicate,Low,calm,Positive,9,calm->calm
0.976955,Low,calm,Positive,14,visual_duplicate_likely,exact_same_work,12,,China_images/GetImageGDBzolpkpcDkAfiIAktAXOkl.jpeg,China_images_request-2607,"composition,color",True,track2_0794,public_duplicate,Low,calm,Positive,11,calm->calm
0.890113,Low,content,Positive,99,,style_prior_only,10,,Realism/0163498_Carolus-Duran-MadameHenryFouquier.jpg,Realism_request-13901,"composition,color",True,track2_0795,public_duplicate,Low,calm,Positive,8,content->calm
0.964257,Low,calm,Positive,29,same_work_or_series_review,near_same_work,12,,Rococo/0045510_Charles-AndrevanLoo(CarlevanLoo)-SittingMan.jpg,Rococo_request-860,"composition,color",True,track2_0796,public_duplicate,Low,calm,Positive,11,calm->calm
0.922172,Low,calm,Positive,99,,style_prior_only,10,,China_images/FS-7476_07.jpg,China_images_request-985,"composition,color",True,track2_0797,public_duplicate,Low,calm,Positive,10,calm->calm
0.921171,Low,calm,Positive,99,,style_prior_only,10,,China_images/FS-6054_08.jpg,China_images_request-984,"composition,color",True,track2_0798,public_duplicate,Low,calm,Positive,8,calm->calm
0.88055,High,alarmed,Negative,99,,style_prior_only,10,,Romanticism/0084483_Jean-BaptisteCarpeaux-BacchanalewithChildrenandDonkey.jpg,Romanticism_request-7204,"composition,color",False,track2_0799,public_duplicate,High,excited,Positive,2,alarmed->excited
0.936547,Low,content,Positive,99,,same_series_style,10,,China_images/GetImagepbZxWtDrqlUQMwAvgnoRoHsm.jpeg,China_images_request-3685,"composition,color",True,track2_0800,public_duplicate,Low,calm,Positive,9,content->calm
0.903944,High,annoyed,Negative,99,,style_prior_only,10,,Ukiyo-e/0047116_TōshūsaiSharaku-NakayamaTomisaburōIasaKamuroPerformingaLionDance.jpg,Ukiyo-e_request-202,"composition,color",False,track2_0801,public_duplicate,Low,calm,Positive,7,annoyed->calm
0.858705,Low,calm,Positive,99,,style_prior_only,10,,Rococo/0156297_Joseph-MarieVien-ArrivalattheWineVat.jpg,Rococo_request-3344,"composition,color",False,track2_0802,public_duplicate,High,excited,Positive,2,calm->excited
0.921191,Low,content,Positive,99,,style_prior_only,10,,Early Renaissance/0183413_PietroPerugino-Madonna Enthroned withSaints Catherine and Rose ofAlexandriaand twoangels.jpg,Early Renaissance_request-987,"composition,color",True,track2_0803,public_duplicate,Low,calm,Positive,8,content->calm
0.899697,Low,sad,Negative,99,,style_prior_only,10,,Symbolism/0108279_FelicienRops-KissesofDeath.jpg,Symbolism_request-1928,"composition,color",True,track2_0804,public_duplicate,Low,sad,Negative,1,sad->sad
0.885128,Low,calm,Positive,99,,style_prior_only,10,,China_images/GetImagecNlzGvkaBxNygtAkZQJjbAFw.jpeg,China_images_request-2239,"composition,color",True,track2_0805,public_duplicate,Low,calm,Positive,9,calm->calm
0.924893,High,annoyed,Negative,99,,style_prior_only,10,,Baroque/0009903_PeterPaulRubens-Psyche.jpg,Baroque_request-186,"composition,color",False,track2_0806,public_duplicate,Low,calm,Positive,8,annoyed->calm
0.944957,Low,calm,Positive,20,style_neighbor_review,same_series_style,11,,Gongbi/0121218_QiuYing-Untitled.jpg,Gongbi_request-19,"composition,color",True,track2_0807,public_duplicate,Low,content,Positive,2,calm->content
0.91954,Low,calm,Positive,99,,style_prior_only,10,,Ukiyo-e/91347_457932.jpg,Ukiyo-e_request-1548,"composition,color",True,track2_0808,public_duplicate,Low,calm,Positive,8,calm->calm
0.931223,Low,content,Positive,99,,same_series_style,10,,Ukiyo-e/0067505_Hiroshige-92.MokubojiTempleandVegetableFieldsonUchigawaInlet.jpg,Ukiyo-e_request-310,"composition,color",True,track2_0809,public_duplicate,Low,calm,Positive,10,content->calm
0.910111,Low,content,Positive,99,,style_prior_only,10,,Ukiyo-e/88899_427305.jpg,Ukiyo-e_request-1460,"composition,color",True,track2_0810,public_duplicate,Low,content,Positive,2,content->content
0.889118,Low,sad,Negative,99,,style_prior_only,10,,Baroque/0119480_JanWeenix-DeadPartridgeHangingfromaNail.jpg,Baroque_request-5331,"composition,color",True,track2_0811,public_duplicate,Low,sad,Negative,8,sad->sad
0.88964,High,alarmed,Negative,99,,style_prior_only,10,,Rococo/0160320_Charles-AndrevanLoo(CarlevanLoo)-OneManLiftingtheLegsofAnotherMan.jpg,Rococo_request-3435,"composition,color",True,track2_0812,public_duplicate,High,alarmed,Negative,1,alarmed->alarmed
0.884016,Low,content,Positive,99,,style_prior_only,10,,Ukiyo-e/0109326_Hiroshige-106.TheFukagawaLumberyards.jpg,Ukiyo-e_request-524,"composition,color",True,track2_0813,public_duplicate,Low,calm,Positive,7,content->calm
0.856793,High,alarmed,Negative,99,,style_prior_only,10,,Realism/0152845_CharlesJacque-Lavue.jpg,Realism_request-12945,"composition,color",False,track2_0814,public_duplicate,Low,calm,Positive,4,alarmed->calm
0.954806,Low,content,Positive,9,visual_duplicate_likely,exact_same_work,12,,"Ukiyo-e/0123831_TōshūsaiSharaku-KabukiActorsMatsumotoKōshirōIVasNinokuchimuraMagoemon,andNakayamaTomisaburōasUmegawa.jpg",Ukiyo-e_request-593,"composition,color",True,track2_0815,public_duplicate,Low,content,Positive,5,content->content
0.871099,Low,content,Positive,99,,style_prior_only,10,,Early Renaissance/0032172_FrancescodelCossa-AllegoryofMay.jpg,Early Renaissance_request-135,"composition,color",False,track2_0816,public_duplicate,High,excited,Positive,2,content->excited
0.902313,Low,tired,Negative,99,,style_prior_only,10,,Rococo/0045510_Charles-AndrevanLoo(CarlevanLoo)-SittingMan.jpg,Rococo_request-860,"composition,color",False,track2_0817,public_duplicate,Low,calm,Positive,8,tired->calm
0.91661,Low,glad,Positive,99,,style_prior_only,10,,High Renaissance/0192481_PierodiCosimo-TheVirginandChildwithTwoAngels.jpg,High Renaissance_request-1639,"composition,color",True,track2_0818,public_duplicate,Low,content,Positive,4,glad->content
0.887771,Low,content,Positive,99,,style_prior_only,10,,"Ukiyo-e/0155078_TōshūsaiSharaku-MatsumotoKōshirōIVasthehickspendthriftfromYamato,actuallyNinokuchimuraMagoemon.jpg",Ukiyo-e_request-739,"composition,color",True,track2_0819,public_duplicate,Low,content,Positive,2,content->content
0.89494,Low,content,Positive,99,,style_prior_only,10,,Art Informel/0101019_BiceLazzari-Rhythm.jpg,Art Informel_request-852,"composition,color",True,track2_0820,public_duplicate,Low,calm,Positive,3,content->calm
0.921045,Low,calm,Positive,99,,style_prior_only,10,,China_images/GetImagepbZxWtDrqlUQMwAvgnoRoHsm.jpeg,China_images_request-3685,"composition,color",True,track2_0821,public_duplicate,Low,calm,Positive,8,calm->calm
0.894271,Low,calm,Positive,99,,style_prior_only,10,,China_images/FS-6544_10.jpg,China_images_request-1184,"composition,color",True,track2_0822,public_duplicate,Low,calm,Positive,7,calm->calm
0.945127,Low,calm,Positive,39,style_neighbor_review,same_series_style,11,,China_images/FS-8132_24.jpg,China_images_request-1296,"composition,color",True,track2_0823,public_duplicate,Low,calm,Positive,11,calm->calm
0.938432,Low,calm,Positive,99,,same_series_style,10,,China_images/GetImagevdmGuMsfyXTyOwnVFBJEpYgI.jpeg,China_images_request-4421,"composition,color",True,track2_0824,public_duplicate,Low,calm,Positive,10,calm->calm
0.931567,High,annoyed,Negative,99,,same_series_style,10,,Ukiyo-e/0146985_TōshūsaiSharaku-SakataHangorōIIIasYahazunoYahatei.jpg,Ukiyo-e_request-703,"composition,color",False,track2_0825,public_duplicate,Low,calm,Positive,10,annoyed->calm
0.941124,Low,calm,Positive,23,style_neighbor_review,same_series_style,11,,China_images/GetImagexcaNUOZFvxvOCqSOMKDPrENT.jpeg,China_images_request-4644,"composition,color",True,track2_0826,public_duplicate,Low,calm,Positive,10,calm->calm
0.910262,Low,calm,Positive,99,,style_prior_only,10,,China_images/FS-5807_03.jpg,China_images_request-884,"composition,color",True,track2_0827,public_duplicate,Low,calm,Positive,10,calm->calm
0.900412,High,frustrated,Negative,99,,style_prior_only,10,,Expressionism/0116584_OttoMueller-ZweiMädchenImWald.jpg,Expressionism_request-6572,"composition,color",False,track2_0828,public_duplicate,Low,calm,Positive,5,frustrated->calm
0.858487,Low,calm,Positive,99,,style_prior_only,10,,Post-Impressionism/0083626_MoiseKisling-PortatSaint-Tropez.jpg,Post-Impressionism_request-2763,"composition,color",True,track2_0829,public_duplicate,Low,calm,Positive,8,calm->calm
0.905929,Low,content,Positive,99,,style_prior_only,10,,China_images/FS-6544_10.jpg,China_images_request-1184,"composition,color",True,track2_0830,public_duplicate,Low,calm,Positive,9,content->calm
0.83774,Low,sad,Negative,99,,style_prior_only,10,,Baroque/0019163_JanMienseMolenaer-Self-portrait.jpg,Baroque_request-625,"composition,color",True,track2_0831,public_duplicate,Low,sad,Negative,5,sad->sad
0.924427,Low,content,Positive,99,,style_prior_only,10,,Ukiyo-e/0065158_KitagawaUtamaro-Thefourvirtues.jpg,Ukiyo-e_request-300,"composition,color",True,track2_0832,public_duplicate,Low,calm,Positive,9,content->calm
0.905792,Low,calm,Positive,99,,style_prior_only,10,,Ukiyo-e/06260.jpg,Ukiyo-e_request-1101,"composition,color",True,track2_0833,public_duplicate,Low,calm,Positive,9,calm->calm
0.828137,Low,calm,Positive,99,,style_prior_only,10,,Realism/0108416_JohnSingerSargent-Mrs.HenryMarquand.jpg,Realism_request-9095,"composition,color",True,track2_0834,public_duplicate,Low,content,Positive,1,calm->content
0.866063,Low,bored,Negative,99,,style_prior_only,10,,Academicism/0037378_William-AdolpheBouguereau-Studyoffacesaftertheantique.jpg,Academicism_request-684,"composition,color",False,track2_0835,public_duplicate,Low,calm,Positive,9,bored->calm
0.83533,Low,calm,Positive,99,,style_prior_only,10,,Realism/0024286_JamesTissot-TypeofJew.jpg,Realism_request-1659,"composition,color",False,track2_0836,public_duplicate,Low,sad,Negative,1,calm->sad
0.905379,High,frustrated,Negative,99,,style_prior_only,10,,Abstract Expressionism/0021181_JacksonPollock-Untitled.jpg,Abstract Expressionism_request-331,"composition,color",False,track2_0837,public_duplicate,Low,calm,Positive,4,frustrated->calm
0.877251,Low,content,Positive,99,,style_prior_only,10,,Romanticism/0157755_EliasPietervanBommel-Dordrecht.jpg,Romanticism_request-13897,"composition,color",True,track2_0838,public_duplicate,Low,content,Positive,4,content->content
0.827118,High,frustrated,Negative,99,,style_prior_only,10,,Cubism/0136672_M.F.Husain-FolkloreKerala-II.jpg,Cubism_request-1870,"composition,color",True,track2_0839,public_duplicate,High,alarmed,Negative,3,frustrated->alarmed
0.931402,Low,calm,Positive,99,,style_prior_only,10,,China_images/FS-8033_04.jpg,China_images_request-945,"composition,color",True,track2_0840,public_duplicate,Low,content,Positive,1,calm->content
0.962379,Low,calm,Positive,2,visual_duplicate_likely,exact_same_work,13,,China_images/GetImageeSZAsgYqXqBjWtZEcheWvhUv.jpeg,China_images_request-2477,"composition,color",True,track2_0841,public_duplicate,Low,calm,Positive,13,calm->calm
0.842027,High,annoyed,Negative,99,,style_prior_only,10,,Realism/0024286_JamesTissot-TypeofJew.jpg,Realism_request-1659,"composition,color",False,track2_0842,public_duplicate,Low,sad,Negative,1,annoyed->sad
0.882967,Low,content,Positive,99,,style_prior_only,10,,Ukiyo-e/0110787_UtagawaToyokuni-Fishingnet.jpg,Ukiyo-e_request-532,"composition,color",True,track2_0843,public_duplicate,Low,calm,Positive,9,content->calm
0.903355,Low,content,Positive,99,,style_prior_only,10,,Ukiyo-e/0188320_TsukiokaYoshitoshi-TheSevenLuckyGods.jpg,Ukiyo-e_request-922,"composition,color",False,track2_0844,public_duplicate,High,excited,Positive,1,content->excited
0.951459,Low,calm,Positive,25,strong_neighbor_ge095,same_series_style,12,"The image portrays a serene, traditional landscape with flowing mountains, a winding tree, and a calm water body. The subdued hues evoke a sense of timelessness, reflecting a quiet, contemplative atmosphere.",China_images/FS-7413_13.jpg,China_images_request-579,"composition,color",True,track2_0845,public_duplicate,Low,calm,Positive,12,calm->calm
0.902953,Low,content,Positive,99,,style_prior_only,10,,Romanticism/0007917_PolychronisLembesis-Basketwithfruits.jpg,Romanticism_request-198,"composition,color",True,track2_0846,public_duplicate,Low,content,Positive,4,content->content
0.937439,Low,calm,Positive,99,,same_series_style,10,,China_images/FS-S1987.270.2_001.jpg,China_images_request-1305,"composition,color",True,track2_0847,public_duplicate,Low,calm,Positive,10,calm->calm
0.872126,Low,bored,Negative,99,,style_prior_only,10,,Impressionism/0022629_GiuseppedeNittis-AroundtheShade.jpg,Impressionism_request-1113,"composition,color",False,track2_0848,public_duplicate,Low,calm,Positive,3,bored->calm
0.90163,Low,content,Positive,99,,style_prior_only,10,,Romanticism/0011878_AlbertFlamm-LandscapeoftheRomanCampagna.jpg,Romanticism_request-558,"composition,color",True,track2_0849,public_duplicate,Low,calm,Positive,7,content->calm
0.923582,Low,calm,Positive,99,,style_prior_only,10,,China_images/FS-8280_12.jpg,China_images_request-471,"composition,color",True,track2_0850,public_duplicate,Low,calm,Positive,9,calm->calm
0.914018,Low,calm,Positive,99,,style_prior_only,10,,China_images/GetImagexodvmbiuZCRZAbtZqMDuiOTY.jpeg,China_images_request-4712,"composition,color",True,track2_0851,public_duplicate,Low,calm,Positive,8,calm->calm
0.926771,Low,content,Positive,99,,style_prior_only,10,,Ukiyo-e/54861_1181663.jpg,Ukiyo-e_request-1394,"composition,color",True,track2_0852,public_duplicate,Low,calm,Positive,9,content->calm
0.847078,High,alarmed,Negative,99,,style_prior_only,10,,Romanticism/0135515_MariàFortuny-Biblicalscene.jpg,Romanticism_request-11887,"composition,color",False,track2_0853,public_duplicate,Low,calm,Positive,3,alarmed->calm
0.945834,Low,calm,Positive,29,style_neighbor_review,same_series_style,11,,China_images/FS-5923_06.jpg,China_images_request-1430,"composition,color",True,track2_0854,public_duplicate,Low,calm,Positive,10,calm->calm
0.905034,Low,content,Positive,99,,style_prior_only,10,,Ukiyo-e/17316.jpg,Ukiyo-e_request-1175,"composition,color",True,track2_0855,public_duplicate,Low,calm,Positive,8,content->calm
0.914441,Low,calm,Positive,99,,style_prior_only,10,,China_images/FS-6390_06.jpg,China_images_request-972,"composition,color",True,track2_0856,public_duplicate,Low,calm,Positive,10,calm->calm
0.902338,Low,tired,Negative,99,,style_prior_only,10,,Rococo/0045510_Charles-AndrevanLoo(CarlevanLoo)-SittingMan.jpg,Rococo_request-860,"composition,color",False,track2_0857,public_duplicate,Low,calm,Positive,8,tired->calm
0.946171,Low,calm,Positive,22,style_neighbor_review,same_series_style,11,,China_images/FS-7066_02.jpg,China_images_request-791,"composition,color",True,track2_0858,public_duplicate,Low,calm,Positive,10,calm->calm
0.895661,Low,content,Positive,99,,style_prior_only,10,,Realism/0014485_JulesDupre-StillLifewithaGreyJug.jpg,Realism_request-779,"composition,color",True,track2_0859,public_duplicate,Low,content,Positive,4,content->content
0.943067,Low,calm,Positive,20,style_neighbor_review,same_series_style,11,,China_images/GetImageTBBacKukvuCfjyqyaZPMZcai.jpeg,China_images_request-4158,"composition,color",True,track2_0860,public_duplicate,Low,calm,Positive,11,calm->calm
0.947792,Low,calm,Positive,28,style_neighbor_review,same_series_style,11,,China_images/FS-8132_24.jpg,China_images_request-1296,"composition,color",True,track2_0861,public_duplicate,Low,calm,Positive,11,calm->calm
0.876266,Low,content,Positive,99,,style_prior_only,10,,Romanticism/0121307_RudolfJordan-Waitingforsupper.jpg,Romanticism_request-10608,"composition,color",True,track2_0862,public_duplicate,Low,content,Positive,5,content->content
0.90611,Low,calm,Positive,99,,style_prior_only,10,,China_images/FS-7412_41.jpg,China_images_request-850,"composition,color",True,track2_0863,public_duplicate,Low,calm,Positive,7,calm->calm
0.950602,Low,calm,Positive,27,same_work_or_series_review,same_series_style,12,,China_images/GetImagegjJvUzCSpxdgQfCmdEplRasz.jpeg,China_images_request-2641,"composition,color",True,track2_0864,public_duplicate,Low,calm,Positive,12,calm->calm
0.915378,Low,calm,Positive,99,,style_prior_only,10,,High Renaissance/0014161_PietroPerugino-PolyptychAlbaniTorlonia(particulardetail).jpg,High Renaissance_request-88,"composition,color",True,track2_0865,public_duplicate,Low,calm,Positive,8,calm->calm
0.955529,Low,calm,Positive,24,same_work_or_series_review,same_series_style,12,,China_images/GetImagenSgubrgmDrSCHMzbHnmDYkXW.jpeg,China_images_request-3539,"composition,color",True,track2_0866,public_duplicate,Low,calm,Positive,12,calm->calm
0.922067,Low,calm,Positive,99,,style_prior_only,10,,China_images/FS-7479_31.jpg,China_images_request-130,"composition,color",True,track2_0867,public_duplicate,Low,content,Positive,2,calm->content
0.906208,High,frustrated,Negative,99,,style_prior_only,10,,Art Nouveau (Modern)/0185878_HarryClarke-TalesofMysteryandImaginationbyEdgarAllanPoe.jpg,Art Nouveau (Modern)_request-6245,"composition,color",True,track2_0868,public_duplicate,High,alarmed,Negative,2,frustrated->alarmed
0.960524,Low,content,Positive,37,strong_neighbor_ge095,near_same_work,12,"The image showcases a traditional landscape painting, delicately crafted with an ancient architectural structure amid lush greenery. Figures are positioned harmoniously throughout the scene, engaging in various activities. Birds soar gracefully across the cloudy sky.",China_images/GetImageoRdTQCqdGFSZWvfguIgeqbBM.jpeg,China_images_request-3638,"composition,color",True,track2_0869,public_duplicate,Low,calm,Positive,12,content->calm
0.946263,Low,calm,Positive,29,style_neighbor_review,same_series_style,11,,China_images/GetImagebpMTEtvRtXGKEucPhbntPVHc.jpeg,China_images_request-2126,"composition,color",True,track2_0870,public_duplicate,Low,calm,Positive,11,calm->calm
0.957695,Low,content,Positive,30,same_work_or_series_review,same_series_style,12,,China_images/GetImageFwmAORbooxjuPHwTLXJKqjQm.jpeg,China_images_request-2582,"composition,color",True,track2_0871,public_duplicate,Low,calm,Positive,12,content->calm
0.913771,Low,calm,Positive,99,,style_prior_only,10,,Ukiyo-e/p04476.jpg,Ukiyo-e_request-2205,"composition,color",True,track2_0872,public_duplicate,Low,calm,Positive,9,calm->calm
0.954631,High,aroused,Positive,24,strong_neighbor_ge095,same_series_style,12,"The image depicts a man in traditional Japanese attire. His expression is intense, and he holds a dynamic pose, suggesting movement. Patterns on his clothing are intricate, contrasting against a simple background.",Ukiyo-e/0177886_TōshūsaiSharaku-IchikawaTomiemonasInokumaMonbei.jpg,Ukiyo-e_request-862,"composition,color",False,track2_0873,public_duplicate,Low,calm,Positive,9,aroused->calm
0.915151,Low,calm,Positive,99,,style_prior_only,10,,Ukiyo-e/97672_504336.jpg,Ukiyo-e_request-1000,"composition,color",True,track2_0874,public_duplicate,Low,calm,Positive,8,calm->calm
0.951476,Low,calm,Positive,34,same_work_or_series_review,same_series_style,12,,China_images/GetImageILwyNvnylhPwTLLJYnLUObhQ.jpeg,China_images_request-2889,"composition,color",True,track2_0875,public_duplicate,Low,calm,Positive,11,calm->calm
0.901909,High,frustrated,Negative,99,,style_prior_only,10,,Tachisme/0160008_PierreAlechinsky-TheNight.jpg,Tachisme_request-396,"composition,color",True,track2_0876,public_duplicate,High,alarmed,Negative,2,frustrated->alarmed
0.914062,Low,calm,Positive,99,,style_prior_only,10,,Ukiyo-e/0082504_OgataGekko-Nihonhanazue.jpg,Ukiyo-e_request-386,"composition,color",True,track2_0877,public_duplicate,Low,content,Positive,1,calm->content
0.874458,High,alarmed,Negative,99,,style_prior_only,10,,Romanticism/0135515_MariàFortuny-Biblicalscene.jpg,Romanticism_request-11887,"composition,color",False,track2_0878,public_duplicate,Low,calm,Positive,7,alarmed->calm
0.913109,Low,calm,Positive,99,,style_prior_only,10,,Ukiyo-e/76450_621333.jpg,Ukiyo-e_request-1420,"composition,color",True,track2_0879,public_duplicate,Low,content,Positive,2,calm->content
0.932789,Low,content,Positive,99,,same_series_style,10,,China_images/FS-7492_17.jpg,China_images_request-1446,"composition,color",True,track2_0880,public_duplicate,Low,calm,Positive,9,content->calm
0.789148,Low,calm,Positive,99,,style_prior_only,10,,Mannerism (Late Renaissance)/0151533_HendrickGoltzius-SelfPortrait.jpg,Mannerism (Late Renaissance)_request-1839,"composition,color",True,track2_0881,public_duplicate,Low,calm,Positive,9,calm->calm
0.924267,Low,content,Positive,99,,style_prior_only,10,,China_images/FS-6375_01.jpg,China_images_request-582,"composition,color",True,track2_0882,public_duplicate,Low,calm,Positive,7,content->calm
0.916043,Low,calm,Positive,99,,style_prior_only,10,,Korea/duk000903-007-0001.jpg,Korea_request-79,"composition,color",True,track2_0883,public_duplicate,Low,calm,Positive,6,calm->calm
0.845105,Low,tired,Negative,99,,style_prior_only,10,,"Baroque/0008963_PaoloPorpora-Stilllifewithmushrooms,flowers,asnakeandinsects.jpg",Baroque_request-144,"composition,color",False,track2_0884,public_duplicate,Low,calm,Positive,9,tired->calm
0.853255,Low,content,Positive,99,,style_prior_only,10,,Realism/0007105_NikolaosGyzis-StillLifeBreads.jpg,Realism_request-94,"composition,color",True,track2_0885,public_duplicate,Low,calm,Positive,4,content->calm
0.926369,Low,calm,Positive,99,,style_prior_only,10,,China_images/FS-5667_10.jpg,China_images_request-210,"composition,color",True,track2_0886,public_duplicate,Low,calm,Positive,10,calm->calm
0.949384,Low,calm,Positive,30,style_neighbor_review,same_series_style,11,,China_images/FS-5664_07.jpg,China_images_request-412,"composition,color",True,track2_0887,public_duplicate,Low,calm,Positive,10,calm->calm
0.926032,Low,calm,Positive,99,,style_prior_only,10,,China_images/FS-8038_24.jpg,China_images_request-1087,"composition,color",True,track2_0888,public_duplicate,Low,calm,Positive,10,calm->calm
0.941052,Low,calm,Positive,26,style_neighbor_review,same_series_style,11,,China_images/GetImagebljnaQcFQAcCBygdCcgAhdWw.jpeg,China_images_request-2111,"composition,color",True,track2_0889,public_duplicate,Low,calm,Positive,10,calm->calm
0.893872,High,alarmed,Negative,99,,style_prior_only,10,,Ukiyo-e/17164.jpg,Ukiyo-e_request-1168,"composition,color",False,track2_0890,public_duplicate,Low,content,Positive,1,alarmed->content
0.888646,Low,sad,Negative,99,,style_prior_only,10,,Baroque/0195102_SalvatorRosa-TritonsFightingOverANereid.jpg,Baroque_request-8799,"composition,color",False,track2_0891,public_duplicate,High,alarmed,Negative,2,sad->alarmed
0.943897,Low,calm,Positive,18,style_neighbor_review,same_series_style,11,,Ink and wash painting/0066843_LiTang-SittingonRocksGazingattheMist.jpg,Ink and wash painting_request-194,"composition,color",True,track2_0892,public_duplicate,Low,calm,Positive,11,calm->calm
0.934264,Low,content,Positive,99,,same_series_style,10,,China_images/GetImagezRPEPnkYOpMNEaFvQgriEghD.jpeg,China_images_request-1909,"composition,color",True,track2_0893,public_duplicate,Low,calm,Positive,6,content->calm
0.892622,Low,calm,Positive,99,,style_prior_only,10,,Ukiyo-e/0181126_UtagawaKunisada-Snowylandscapewithawomanbrandishingabroomandamanholdinganumbrella.jpg,Ukiyo-e_request-883,"composition,color",True,track2_0894,public_duplicate,Low,content,Positive,2,calm->content
0.857329,Low,tired,Negative,99,,style_prior_only,10,,Magic Realism/0177668_WilliamBalthazarRose-Stilllifewithredbackground.jpg,Magic Realism_request-1418,"composition,color",False,track2_0895,public_duplicate,Low,content,Positive,2,tired->content
0.924696,High,frustrated,Negative,99,,style_prior_only,10,,Expressionism/0110592_PierreAlechinsky-Loudspeaker(Hautparleur).jpg,Expressionism_request-6199,"composition,color",True,track2_0896,public_duplicate,High,frustrated,Negative,7,frustrated->frustrated
0.936481,Low,calm,Positive,99,,same_series_style,10,,Realism/0085473_CamilleCorot-TheRockyStream.jpg,Realism_request-6955,"composition,color",True,track2_0897,public_duplicate,Low,calm,Positive,9,calm->calm
0.91022,Low,sad,Negative,99,,style_prior_only,10,,Early Renaissance/0190651_SandroBotticelli-MadonnaoftheBook.jpg,Early Renaissance_request-1018,"composition,color",False,track2_0898,public_duplicate,Low,content,Positive,2,sad->content
0.915501,Low,content,Positive,99,,style_prior_only,10,,Ukiyo-e/0021042_Hiroshige-25.TheOriginalFujiinMeguro.jpg,Ukiyo-e_request-70,"composition,color",True,track2_0899,public_duplicate,Low,content,Positive,2,content->content
0.907171,Low,content,Positive,99,,style_prior_only,10,,China_images/GetImageZkxlIcBrlHstBhHxMvBCSxmn.jpeg,China_images_request-1876,"composition,color",True,track2_0900,public_duplicate,Low,calm,Positive,8,content->calm
0.867464,Low,calm,Positive,99,,style_prior_only,10,,High Renaissance/0038711_DomenicoBeccafumi-Marcia.jpg,High Renaissance_request-321,"composition,color",True,track2_0901,public_duplicate,Low,calm,Positive,7,calm->calm
0.947387,Low,calm,Positive,38,style_neighbor_review,same_series_style,11,,China_images/FS-8511_28.jpg,China_images_request-199,"composition,color",True,track2_0902,public_duplicate,Low,content,Positive,5,calm->content
0.916132,Low,calm,Positive,99,,style_prior_only,10,,China_images/FS-5711_11.jpg,China_images_request-810,"composition,color",True,track2_0903,public_duplicate,Low,calm,Positive,10,calm->calm
0.95209,Low,calm,Positive,33,strong_neighbor_ge095,same_series_style,12,"The image depicts a serene landscape with misty mountains, lush trees, and a tranquil river. Calligraphy and red stamps adorn the pale background, adding a cultural and historical dimension to the scene.",China_images/GetImageUNjPVlYbtByMXHPHJoAneTCH.jpeg,China_images_request-4347,"composition,color",True,track2_0904,public_duplicate,Low,calm,Positive,11,calm->calm
0.933937,Low,calm,Positive,99,,same_series_style,10,,China_images/FS-7406_21.jpg,China_images_request-175,"composition,color",True,track2_0905,public_duplicate,Low,calm,Positive,10,calm->calm
0.923582,Low,calm,Positive,99,,style_prior_only,10,,China_images/FS-7490_30.jpg,China_images_request-909,"composition,color",True,track2_0906,public_duplicate,Low,calm,Positive,8,calm->calm
0.917434,High,annoyed,Negative,99,,style_prior_only,10,,Ukiyo-e/0086658_TōshūsaiSharaku-KabukiActorOnoeMatsusukeIastheLayPriestYuasaMagoroku.jpg,Ukiyo-e_request-405,"composition,color",False,track2_0907,public_duplicate,Low,calm,Positive,5,annoyed->calm
0.85157,Low,content,Positive,99,,style_prior_only,10,,Realism/0053488_ThomasEakins-FrankJaySt.John.jpg,Realism_request-4132,"composition,color",True,track2_0908,public_duplicate,Low,calm,Positive,9,content->calm
0.938026,Low,calm,Positive,99,,same_series_style,10,,China_images/GetImageuDQUsdbHyHrWljTquAQniHEX.jpeg,China_images_request-4300,"composition,color",True,track2_0909,public_duplicate,Low,calm,Positive,10,calm->calm
0.900745,High,annoyed,Negative,99,,style_prior_only,10,,Ukiyo-e/j02748.jpg,Ukiyo-e_request-2178,"composition,color",False,track2_0910,public_duplicate,Low,calm,Positive,7,annoyed->calm
0.935057,Low,calm,Positive,99,,same_series_style,10,,Ukiyo-e/110515_595687.jpg,Ukiyo-e_request-1630,"composition,color",True,track2_0911,public_duplicate,Low,calm,Positive,9,calm->calm
0.905062,High,alarmed,Negative,99,,style_prior_only,10,,Expressionism/0158815_JoyHester-Sintítulo.jpg,Expressionism_request-9108,"composition,color",True,track2_0912,public_duplicate,High,alarmed,Negative,4,alarmed->alarmed
0.911279,Low,glad,Positive,99,,style_prior_only,10,,Ukiyo-e/1292_1175303.jpg,Ukiyo-e_request-1076,"composition,color",True,track2_0913,public_duplicate,Low,calm,Positive,6,glad->calm
0.952827,Low,content,Positive,19,strong_neighbor_ge095,same_series_style,12,"The image showcases a delicate portrait of a woman turned slightly to the side, adorned in traditional Japanese attire. Her hair is elaborately styled, and she holds a patterned fan, exuding grace and subtle elegance.",Ukiyo-e/79630_350756.jpg,Ukiyo-e_request-1431,"composition,color",True,track2_0914,public_duplicate,Low,calm,Positive,11,content->calm
0.916276,Low,content,Positive,99,,style_prior_only,10,,Ukiyo-e/1292_1175303.jpg,Ukiyo-e_request-1076,"composition,color",True,track2_0915,public_duplicate,Low,calm,Positive,8,content->calm
0.915476,High,aroused,Positive,99,,style_prior_only,10,,Cubism/0151047_GustaveBuchet-Untitled.jpg,Cubism_request-2072,"composition,color",False,track2_0916,public_duplicate,Low,calm,Positive,3,aroused->calm
0.94182,Low,content,Positive,27,style_neighbor_review,same_series_style,11,,China_images/GetImageNTKadoOPjflTfqOuUsBMwyNw.jpeg,China_images_request-3543,"composition,color",True,track2_0917,public_duplicate,Low,content,Positive,4,content->content
0.943831,Low,calm,Positive,23,style_neighbor_review,same_series_style,11,,Ukiyo-e/0017051_ToyotaHokkei-TheNohplayTakasago.jpg,Ukiyo-e_request-54,"composition,color",True,track2_0918,public_duplicate,Low,calm,Positive,9,calm->calm
0.86886,Low,bored,Negative,99,,style_prior_only,10,,China_images/FS-5774_05.jpg,China_images_request-1169,"composition,color",False,track2_0919,public_duplicate,Low,calm,Positive,9,bored->calm
0.882191,Low,calm,Positive,99,,style_prior_only,10,,Sōsaku hanga/0172220_KanaeYamamoto-FrenchPastoralInSpring.jpg,Sōsaku hanga_request-402,"composition,color",True,track2_0920,public_duplicate,Low,calm,Positive,9,calm->calm
0.914531,High,alarmed,Negative,99,,style_prior_only,10,,Lyrical Abstraction/0057343_GustaveSingier-Untitled.jpg,Lyrical Abstraction_request-226,"composition,color",False,track2_0921,public_duplicate,High,excited,Positive,3,alarmed->excited
0.884778,High,frustrated,Negative,99,,style_prior_only,10,,Expressionism/0143885_PierreAlechinsky-PleasantSurrounding(Unbonentourage).jpg,Expressionism_request-8219,"composition,color",True,track2_0922,public_duplicate,High,frustrated,Negative,4,frustrated->frustrated
0.921291,High,alarmed,Negative,99,,style_prior_only,10,,Early Renaissance/0144745_FilippinoLippi-EstherChoisieParAssuérus.jpg,Early Renaissance_request-758,"composition,color",False,track2_0923,public_duplicate,Low,calm,Positive,7,alarmed->calm
0.902612,Low,calm,Positive,99,,style_prior_only,10,,China_images/GetImageCHgBpWAkkYTNoKPIFWLJAcgb.jpeg,China_images_request-2206,"composition,color",True,track2_0924,public_duplicate,Low,calm,Positive,9,calm->calm
0.860077,Low,calm,Positive,99,,style_prior_only,10,,Orientalism/0015916_MariàFortuny-Tánger(seatedArabs).jpg,Orientalism_request-44,"composition,color",False,track2_0925,public_duplicate,Low,sad,Negative,3,calm->sad
0.914826,Low,content,Positive,99,,style_prior_only,10,,China_images/GetImageymJidMJfAtxBbzawiDnOpRUc.jpeg,China_images_request-1764,"composition,color",True,track2_0926,public_duplicate,Low,calm,Positive,8,content->calm
0.846201,Low,content,Positive,99,,style_prior_only,10,,Ukiyo-e/0070496_UtagawaKunisadaII-TheDragon.jpg,Ukiyo-e_request-322,"composition,color",False,track2_0927,public_duplicate,High,excited,Positive,2,content->excited
0.913047,Low,content,Positive,99,,style_prior_only,10,,Ukiyo-e/0104580_UtagawaToyokuni-TheactorsMatsumotoYonesaburôIandNakamuraDenkurôIV.jpg,Ukiyo-e_request-508,"composition,color",True,track2_0928,public_duplicate,Low,calm,Positive,8,content->calm
0.870797,Low,content,Positive,99,,style_prior_only,10,,Romanticism/0015464_SamuelMorse-ByCandlelight(Mrs.JedidiahMorse).jpg,Romanticism_request-899,"composition,color",True,track2_0929,public_duplicate,Low,calm,Positive,7,content->calm
0.846456,Low,tired,Negative,99,,style_prior_only,10,,Realism/0083793_GustaveCourbet-HectorBerlioz.jpg,Realism_request-6807,"composition,color",True,track2_0930,public_duplicate,Low,sad,Negative,3,tired->sad
0.925987,Low,content,Positive,99,,style_prior_only,10,,Ukiyo-e/1292_1175303.jpg,Ukiyo-e_request-1076,"composition,color",True,track2_0931,public_duplicate,Low,calm,Positive,8,content->calm
0.939026,Low,content,Positive,99,,same_series_style,10,,China_images/GetImageUuIjUiKpMZMgXbQspiAFDscV.jpeg,China_images_request-4379,"composition,color",True,track2_0932,public_duplicate,Low,calm,Positive,8,content->calm
0.91161,Low,calm,Positive,99,,style_prior_only,10,,China_images/FS-6373_04.jpg,China_images_request-1290,"composition,color",True,track2_0933,public_duplicate,Low,content,Positive,2,calm->content
0.849705,Low,bored,Negative,99,,style_prior_only,10,,Tachisme/0008339_AntoniTapies-L'Enveloppe.jpg,Tachisme_request-5,"composition,color",True,track2_0934,public_duplicate,Low,tired,Negative,1,bored->tired
0.939005,Low,calm,Positive,99,,same_series_style,10,,China_images/GetImagexcaNUOZFvxvOCqSOMKDPrENT.jpeg,China_images_request-4644,"composition,color",True,track2_0935,public_duplicate,Low,calm,Positive,10,calm->calm
0.868719,Low,calm,Positive,99,,style_prior_only,10,,Romanticism/0067166_SirLawrenceAlma-Tadema-PortraitofMrSoons.jpg,Romanticism_request-5659,"composition,color",True,track2_0936,public_duplicate,Low,calm,Positive,10,calm->calm
0.930208,Low,calm,Positive,99,,same_series_style,10,,China_images/GetImageigAfNvPYZOVZCcuOpmCDRuXe.jpeg,China_images_request-2866,"composition,color",True,track2_0937,public_duplicate,Low,calm,Positive,10,calm->calm
0.937335,Low,calm,Positive,99,,same_series_style,10,,China_images/FS-6061_05.jpg,China_images_request-38,"composition,color",True,track2_0938,public_duplicate,Low,calm,Positive,8,calm->calm
0.920273,High,alarmed,Negative,99,,style_prior_only,10,,Romanticism/0032101_JohanChristianDahl-ShipwreckontheCoastofNorway.jpg,Romanticism_request-2458,"composition,color",True,track2_0939,public_duplicate,High,alarmed,Negative,9,alarmed->alarmed
0.917438,High,aroused,Positive,99,,style_prior_only,10,,Abstract Art/0084885_WassilyKandinsky-SmallWorldsXI.jpg,Abstract Art_request-834,"composition,color",True,track2_0940,public_duplicate,High,excited,Positive,3,aroused->excited
0.916425,Low,content,Positive,99,,style_prior_only,10,,Ukiyo-e/0192846_Hiroshige-HydrangeaandKingfisher.jpg,Ukiyo-e_request-950,"composition,color",True,track2_0941,public_duplicate,Low,calm,Positive,9,content->calm
0.947421,Low,content,Positive,24,style_neighbor_review,same_series_style,11,,China_images/FS-7413_18.jpg,China_images_request-771,"composition,color",True,track2_0942,public_duplicate,Low,calm,Positive,11,content->calm
0.851123,Low,sad,Negative,99,,style_prior_only,10,,Mannerism (Late Renaissance)/0136184_MaertenvanHeemskerck-EcceHomo-centralpanel.jpg,Mannerism (Late Renaissance)_request-1656,"composition,color",False,track2_0943,public_duplicate,High,frustrated,Negative,4,sad->frustrated
0.888343,Low,content,Positive,99,,style_prior_only,10,,China_images/GetImageTjuPWkFDXomxRPPvWqcIXrvs.jpeg,China_images_request-4201,"composition,color",True,track2_0944,public_duplicate,Low,content,Positive,1,content->content
0.907301,Low,calm,Positive,99,,style_prior_only,10,,Ukiyo-e/1292_1175303.jpg,Ukiyo-e_request-1076,"composition,color",True,track2_0945,public_duplicate,Low,calm,Positive,7,calm->calm
0.949101,Low,content,Positive,19,style_neighbor_review,same_series_style,11,,China_images/FS-5824_01.jpg,China_images_request-678,"composition,color",True,track2_0946,public_duplicate,Low,content,Positive,5,content->content
0.921737,Low,calm,Positive,99,,style_prior_only,10,,Abstract Expressionism/0054795_DanielSambo-Richter-Cloud.jpg,Abstract Expressionism_request-1035,"composition,color",True,track2_0947,public_duplicate,Low,calm,Positive,8,calm->calm
0.931202,Low,calm,Positive,99,,same_series_style,10,,China_images/GetImagebsWSYkmAoteKiNZlTQEQKrfd.jpeg,China_images_request-2138,"composition,color",True,track2_0948,public_duplicate,Low,calm,Positive,10,calm->calm
0.892076,Low,calm,Positive,99,,style_prior_only,10,,Color Field Painting/0144270_HelenFrankenthaler-EastandBeyond.jpg,Color Field Painting_request-935,"composition,color",True,track2_0949,public_duplicate,Low,calm,Positive,7,calm->calm
0.919994,Low,calm,Positive,99,,style_prior_only,10,,Ukiyo-e/0104580_UtagawaToyokuni-TheactorsMatsumotoYonesaburôIandNakamuraDenkurôIV.jpg,Ukiyo-e_request-508,"composition,color",True,track2_0950,public_duplicate,Low,calm,Positive,7,calm->calm
0.920751,Low,calm,Positive,99,,style_prior_only,10,,China_images/FS-6050_12.jpg,China_images_request-1232,"composition,color",True,track2_0951,public_duplicate,Low,calm,Positive,10,calm->calm
0.920404,Low,content,Positive,99,,style_prior_only,10,,Romanticism/0158845_AmbroseAndrews-IntheCatskills.jpg,Romanticism_request-13994,"composition,color",True,track2_0952,public_duplicate,Low,content,Positive,2,content->content
0.889243,Low,calm,Positive,99,,style_prior_only,10,,China_images/GetImageJhTiHunXbdqAMwOGhAzkKUUc.jpeg,China_images_request-3000,"composition,color",True,track2_0953,public_duplicate,Low,calm,Positive,9,calm->calm
0.898913,Low,calm,Positive,99,,style_prior_only,10,,Academicism/0030764_MariàFortuny-Malenudebackwiththearmextended.jpg,Academicism_request-533,"composition,color",True,track2_0954,public_duplicate,Low,calm,Positive,8,calm->calm
0.96096,Low,calm,Positive,28,strong_neighbor_ge095,near_same_work,12,"The artwork depicts a group of elegantly dressed individuals engaged in the artistic process, showcasing traditional attire. The scene captures a sense of shared focus and cultural richness, set against a minimalist background that directs attention to the figures.",Ukiyo-e/0065158_KitagawaUtamaro-Thefourvirtues.jpg,Ukiyo-e_request-300,"composition,color",True,track2_0955,public_duplicate,Low,calm,Positive,12,calm->calm
0.929436,Low,content,Positive,99,,style_prior_only,10,,China_images/GetImageKPUDUtziPHINIqQxsmjMYHbl.jpeg,China_images_request-3160,"composition,color",True,track2_0956,public_duplicate,Low,content,Positive,3,content->content
0.937336,Low,glad,Positive,99,,same_series_style,10,,Ukiyo-e/0104580_UtagawaToyokuni-TheactorsMatsumotoYonesaburôIandNakamuraDenkurôIV.jpg,Ukiyo-e_request-508,"composition,color",True,track2_0957,public_duplicate,Low,calm,Positive,10,glad->calm
0.88599,Low,content,Positive,99,,style_prior_only,10,,Mannerism (Late Renaissance)/0070995_BenvenutoTisi-HolyFamilywiththeInfantSaintJohnandSaintElizabeth.jpg,Mannerism (Late Renaissance)_request-849,"composition,color",True,track2_0958,public_duplicate,Low,calm,Positive,6,content->calm
0.924515,Low,calm,Positive,99,,style_prior_only,10,,Rococo/0046356_Charles-AndrevanLoo(CarlevanLoo)-LifeDrawing.jpg,Rococo_request-882,"composition,color",True,track2_0959,public_duplicate,Low,calm,Positive,8,calm->calm
0.922355,Low,calm,Positive,99,,style_prior_only,10,,"Ukiyo-e/0047555_TōshūsaiSharaku-SegawaTomisaburōIIastheŌtomoFamily'sMaidWakakusa,ActuallyPrinceKoretaka.jpg",Ukiyo-e_request-206,"composition,color",True,track2_0960,public_duplicate,Low,calm,Positive,6,calm->calm
0.898442,Low,content,Positive,99,,style_prior_only,10,,Rococo/0065502_RichardWilson-ItalianLandscape(Morning).jpg,Rococo_request-1291,"composition,color",True,track2_0961,public_duplicate,Low,calm,Positive,7,content->calm
0.871699,High,frustrated,Negative,99,,style_prior_only,10,,Realism/0129118_TheophileSteinlen-LaLettre.jpg,Realism_request-10899,"composition,color",False,track2_0962,public_duplicate,Low,bored,Negative,1,frustrated->bored
0.881368,High,alarmed,Negative,99,,style_prior_only,10,,China_images/GetImageWHypqKdbyuKpCkqxnSahLYtB.jpeg,China_images_request-4563,"composition,color",False,track2_0963,public_duplicate,Low,calm,Positive,7,alarmed->calm
0.897088,High,excited,Positive,99,,style_prior_only,10,,China_images/FS-8031_07.jpg,China_images_request-1644,"composition,color",False,track2_0964,public_duplicate,Low,calm,Positive,9,excited->calm
0.937357,Low,calm,Positive,99,,same_series_style,10,,China_images/GetImagepbZxWtDrqlUQMwAvgnoRoHsm.jpeg,China_images_request-3685,"composition,color",True,track2_0965,public_duplicate,Low,calm,Positive,7,calm->calm
0.887251,Low,content,Positive,99,,style_prior_only,10,,Post-Impressionism/0130108_HenrideToulouse-Lautrec-PortraitofMadamelaComtesseAdèledeToulouseLautrec.jpg,Post-Impressionism_request-4413,"composition,color",True,track2_0966,public_duplicate,Low,calm,Positive,9,content->calm
0.956902,Low,calm,Positive,25,strong_neighbor_ge095,same_series_style,12,"The image depicts a serene landscape with misty mountains, lush trees, and a tranquil river. Calligraphy and red stamps adorn the pale background, adding a cultural and historical dimension to the scene.",China_images/GetImageUNjPVlYbtByMXHPHJoAneTCH.jpeg,China_images_request-4347,"composition,color",True,track2_0967,public_duplicate,Low,calm,Positive,12,calm->calm
0.924741,Low,calm,Positive,99,,style_prior_only,10,,China_images/FS-5675_11.jpg,China_images_request-824,"composition,color",True,track2_0968,public_duplicate,Low,calm,Positive,8,calm->calm
0.925483,Low,calm,Positive,99,,style_prior_only,10,,China_images/FS-8220_01.jpg,China_images_request-17,"composition,color",True,track2_0969,public_duplicate,Low,calm,Positive,8,calm->calm
0.901558,Low,content,Positive,99,,style_prior_only,10,,Ukiyo-e/0106643_UtagawaSadatora-WomenVisitingaShrine.jpg,Ukiyo-e_request-516,"composition,color",True,track2_0970,public_duplicate,Low,calm,Positive,9,content->calm
0.896977,Low,content,Positive,99,,style_prior_only,10,,Early Renaissance/0144745_FilippinoLippi-EstherChoisieParAssuérus.jpg,Early Renaissance_request-758,"composition,color",True,track2_0971,public_duplicate,Low,calm,Positive,6,content->calm
0.882462,Low,content,Positive,99,,style_prior_only,10,,Naïve Art (Primitivism)/0112846_IvanGeneralić-OntheMeadow.jpg,Naïve Art (Primitivism)_request-1496,"composition,color",True,track2_0972,public_duplicate,Low,content,Positive,3,content->content
0.851925,Low,content,Positive,99,,style_prior_only,10,,High Renaissance/0106967_LucaSignorelli-SaintGeorgeandtheDragon.jpg,High Renaissance_request-920,"composition,color",False,track2_0973,public_duplicate,High,alarmed,Negative,2,content->alarmed
0.922576,High,happy,Positive,99,,style_prior_only,10,,China_images/FS-7484_26.jpg,China_images_request-97,"composition,color",False,track2_0974,public_duplicate,Low,calm,Positive,9,happy->calm
0.903598,Low,calm,Positive,99,,style_prior_only,10,,China_images/FS-6050_08.jpg,China_images_request-1465,"composition,color",True,track2_0975,public_duplicate,Low,calm,Positive,10,calm->calm
0.921743,Low,calm,Positive,99,,style_prior_only,10,,Abstract Expressionism/0165845_ConradMarca-Relli-UntitledCollage.jpg,Abstract Expressionism_request-3464,"composition,color",False,track2_0976,public_duplicate,Low,bored,Negative,1,calm->bored
0.859758,Low,tired,Negative,99,,style_prior_only,10,,Impressionism/0099997_FerdinandHodler-Seatedbeardedman.jpg,Impressionism_request-6221,"composition,color",False,track2_0977,public_duplicate,Low,calm,Positive,4,tired->calm
0.899209,Low,calm,Positive,99,,style_prior_only,10,,China_images/GetImagexodvmbiuZCRZAbtZqMDuiOTY.jpeg,China_images_request-4712,"composition,color",True,track2_0978,public_duplicate,Low,calm,Positive,8,calm->calm
0.936364,Low,calm,Positive,99,,same_series_style,10,,China_images/FS-6543_07.jpg,China_images_request-1464,"composition,color",True,track2_0979,public_duplicate,Low,calm,Positive,9,calm->calm
0.947639,Low,calm,Positive,28,style_neighbor_review,same_series_style,11,,China_images/FS-7435_04.jpg,China_images_request-976,"composition,color",True,track2_0980,public_duplicate,Low,calm,Positive,11,calm->calm
0.919342,High,frustrated,Negative,99,,style_prior_only,10,,Art Brut/0164933_VilenBarsky-Untitled.jpg,Art Brut_request-395,"composition,color",True,track2_0981,public_duplicate,High,frustrated,Negative,2,frustrated->frustrated
0.902169,High,aroused,Positive,99,,style_prior_only,10,,Ukiyo-e/17168.jpg,Ukiyo-e_request-1170,"composition,color",True,track2_0982,public_duplicate,High,excited,Positive,4,aroused->excited
0.925973,High,aroused,Positive,99,,style_prior_only,10,,Abstract Art/0064338_ArtinDemirci-Untitled.jpg,Abstract Art_request-599,"composition,color",False,track2_0983,public_duplicate,Low,content,Positive,2,aroused->content
0.936774,Low,calm,Positive,99,,same_series_style,10,,Ink and wash painting/0066843_LiTang-SittingonRocksGazingattheMist.jpg,Ink and wash painting_request-194,"composition,color",True,track2_0984,public_duplicate,Low,calm,Positive,9,calm->calm
0.810875,Low,calm,Positive,99,,style_prior_only,10,,Naïve Art (Primitivism)/0158297_NoéLeón-Selvaconpájaros.jpg,Naïve Art (Primitivism)_request-2112,"composition,color",True,track2_0985,public_duplicate,Low,calm,Positive,9,calm->calm
0.910842,Low,calm,Positive,99,,style_prior_only,10,,Abstract Art/0055163_PerleFine-Untitled.jpg,Abstract Art_request-494,"composition,color",True,track2_0986,public_duplicate,Low,calm,Positive,4,calm->calm
0.965711,Low,calm,Positive,30,same_work_or_series_review,near_same_work,12,,China_images/FS-6980_06.jpg,China_images_request-1154,"composition,color",True,track2_0987,public_duplicate,Low,calm,Positive,12,calm->calm
0.893503,Low,calm,Positive,99,,style_prior_only,10,,Ukiyo-e/0064269_Hiroshige-29.MotoHachimanShrineinSunamura.jpg,Ukiyo-e_request-294,"composition,color",True,track2_0988,public_duplicate,Low,calm,Positive,9,calm->calm
0.867317,High,alarmed,Negative,99,,style_prior_only,10,,Realism/0152845_CharlesJacque-Lavue.jpg,Realism_request-12945,"composition,color",False,track2_0989,public_duplicate,Low,calm,Positive,5,alarmed->calm
0.935983,Low,content,Positive,99,,same_series_style,10,,Early Renaissance/0042803_FilippoLippi-MadonnaandChild.jpg,Early Renaissance_request-194,"composition,color",True,track2_0990,public_duplicate,Low,calm,Positive,9,content->calm
0.872891,Low,calm,Positive,99,,style_prior_only,10,,Mannerism (Late Renaissance)/0117096_OrazioGentileschi-CupidandPsyche.jpg,Mannerism (Late Renaissance)_request-1411,"composition,color",True,track2_0991,public_duplicate,Low,content,Positive,2,calm->content
0.875175,Low,sad,Negative,99,,style_prior_only,10,,Realism/0134370_TheophileSteinlen-JasantedelaVielle.jpg,Realism_request-11371,"composition,color",True,track2_0992,public_duplicate,Low,sad,Negative,2,sad->sad
0.87036,High,frustrated,Negative,99,,style_prior_only,10,,Mannerism (Late Renaissance)/0138116_Michelangelo-TheRisenChrist.jpg,Mannerism (Late Renaissance)_request-1675,"composition,color",False,track2_0993,public_duplicate,High,excited,Positive,2,frustrated->excited
0.934536,Low,content,Positive,99,,same_series_style,10,,China_images/FS-7406_21.jpg,China_images_request-175,"composition,color",True,track2_0994,public_duplicate,Low,calm,Positive,9,content->calm
0.945585,Low,calm,Positive,29,style_neighbor_review,same_series_style,11,,China_images/GetImagetyXZtRXsPZfxqOUBBQLlePWQ.jpeg,China_images_request-4284,"composition,color",True,track2_0995,public_duplicate,Low,calm,Positive,11,calm->calm
0.94557,Low,content,Positive,25,style_neighbor_review,same_series_style,11,,China_images/GetImagejCrcWxCkZyXHqtutFNYqTPZJ.jpeg,China_images_request-2969,"composition,color",True,track2_0996,public_duplicate,Low,calm,Positive,10,content->calm
0.848172,High,alarmed,Negative,99,,style_prior_only,10,,Realism/0152845_CharlesJacque-Lavue.jpg,Realism_request-12945,"composition,color",False,track2_0997,public_duplicate,Low,calm,Positive,4,alarmed->calm
0.901986,Low,content,Positive,99,,style_prior_only,10,,Tachisme/0118749_AndreLanskoy-AbstractComposition.jpg,Tachisme_request-278,"composition,color",False,track2_0998,public_duplicate,High,excited,Positive,7,content->excited
0.865458,High,alarmed,Negative,99,,style_prior_only,10,,Baroque/0010084_StefanodellaBella-TheYoungSatyr.jpg,Baroque_request-191,"composition,color",False,track2_0999,public_duplicate,Low,calm,Positive,7,alarmed->calm
0.873346,Low,content,Positive,99,,style_prior_only,10,,Romanticism/0034018_MariàFortuny-Thestampcollector.jpg,Romanticism_request-2645,"composition,color",True,track2_1000,public_duplicate,Low,calm,Positive,5,content->calm
